-- phpMyAdmin SQL Dump
-- version 5.0.4
-- https://www.phpmyadmin.net/
--
-- Host: 127.0.0.1
-- Generation Time: Jul 28, 2021 at 12:37 PM
-- Server version: 10.4.17-MariaDB
-- PHP Version: 7.3.26

SET SQL_MODE = "NO_AUTO_VALUE_ON_ZERO";
START TRANSACTION;
SET time_zone = "+00:00";


/*!40101 SET @OLD_CHARACTER_SET_CLIENT=@@CHARACTER_SET_CLIENT */;
/*!40101 SET @OLD_CHARACTER_SET_RESULTS=@@CHARACTER_SET_RESULTS */;
/*!40101 SET @OLD_COLLATION_CONNECTION=@@COLLATION_CONNECTION */;
/*!40101 SET NAMES utf8mb4 */;

--
-- Database: `min`
--

-- --------------------------------------------------------

--
-- Table structure for table `access`
--

CREATE TABLE `access` (
  `id` int(11) NOT NULL,
  `content` varchar(200) NOT NULL,
  `createdAt` datetime NOT NULL,
  `expiersAt` datetime NOT NULL,
  `uid` int(11) NOT NULL
) ENGINE=InnoDB DEFAULT CHARSET=utf8mb4;

-- --------------------------------------------------------

--
-- Table structure for table `educational`
--

CREATE TABLE `educational` (
  `id` int(11) NOT NULL,
  `name` varchar(240) NOT NULL,
  `address` varchar(240) DEFAULT NULL,
  `region` int(11) NOT NULL,
  `build_complete` varchar(200) NOT NULL,
  `project_capacity` int(11) NOT NULL,
  `factial_capacity` int(11) NOT NULL,
  `second_shift` int(11) DEFAULT NULL,
  `bybus_count` int(11) DEFAULT NULL,
  `bybus_km` int(11) DEFAULT NULL,
  `level_type` varchar(200) DEFAULT NULL,
  `leve_repair` varchar(100) DEFAULT NULL,
  `roof_type` varchar(200) DEFAULT NULL,
  `roof_area` int(11) DEFAULT NULL,
  `roof_repair` varchar(100) DEFAULT NULL,
  `otmost_repair` varchar(100) DEFAULT NULL,
  `foundation_repair` varchar(100) DEFAULT NULL,
  `electricity_repair` varchar(100) DEFAULT NULL,
  `thermal_repair` varchar(100) DEFAULT NULL,
  `water_repair` varchar(100) DEFAULT NULL,
  `sewer_repair` varchar(100) DEFAULT NULL
) ENGINE=InnoDB DEFAULT CHARSET=utf8mb4;

--
-- Dumping data for table `educational`
--

INSERT INTO `educational` (`id`, `name`, `address`, `region`, `build_complete`, `project_capacity`, `factial_capacity`, `second_shift`, `bybus_count`, `bybus_km`, `level_type`, `leve_repair`, `roof_type`, `roof_area`, `roof_repair`, `otmost_repair`, `foundation_repair`, `electricity_repair`, `thermal_repair`, `water_repair`, `sewer_repair`) VALUES
(1, 'МБОУ«Васильевская ООШ» имени Героя Советского Союза Г.М.Линькова ', '462044, Оренбургская область, Октябрьский район,с. Васильевка, ул. Школьная, 1, Раб. 44-1-68', 20, '1981', 320, 50, 0, 0, 0, 'железобетонные', 'Не требуется', 'скатная', 2500, 'Полный', 'Полный', 'Не требуется', 'Полный', 'Не требуется', 'Не требуется', 'Не требуется'),
(4, 'МБОУ \"Старокульшариповская СОШ\"', 'С.Старокульшарипово ул.Школьная 29 83535124534', 5, '1970', 360, 43, 0, 19, 93, 'железобетонные', 'Не требуется', 'скатная', 420, 'полный', 'частинчный', 'полный', 'частинчный', 'частинчный', 'Не требуется', 'полный'),
(5, 'МОБУ \"СОШ №3\"', '462776, Оренбургская область, п. Новосельский, ул.Школьная, 7', 35, '1983', 194, 109, NULL, NULL, NULL, NULL, NULL, NULL, NULL, NULL, NULL, NULL, NULL, NULL, NULL, NULL),
(6, 'МБОУ \"Новопавловская СОШ\"', '461561, Россия, Оренбургская область, Акбулакский район, с. Новопавловка, пер. Школьный, 8  тел.8(35335)31136', 3, '1972', 320, 134, NULL, NULL, NULL, NULL, NULL, NULL, NULL, NULL, NULL, NULL, NULL, NULL, NULL, NULL),
(7, 'МБОУ \"Акбулакская  СОШ №2\" ', '461550,Оренбургская область, Акбулакский район, п.Акбулак, улица Оренбургская, дом 103, тел.8(35335)21952', 3, '1976', 620, 637, NULL, NULL, NULL, NULL, NULL, NULL, NULL, NULL, NULL, NULL, NULL, NULL, NULL, NULL),
(8, 'МБОУ \"Лицей №1\" п. Тюльган', 'Оренбургская область, п. Тюльган, ул. М. Горького, д. 11, 835332 2-19-01', 33, '1993', 846, 477, NULL, NULL, NULL, NULL, NULL, NULL, NULL, NULL, NULL, NULL, NULL, NULL, NULL, NULL),
(9, 'МБОУ \"Белогорская ООШ\" ', '461342 Оренбургская область Беляевский район п.Белогорский ул.Школьная д.6', 6, '1987', 180, 140, NULL, NULL, NULL, NULL, NULL, NULL, NULL, NULL, NULL, NULL, NULL, NULL, NULL, NULL),
(10, 'МАОУ \"СОШ № 7\" г. Гая Оренбургской области', '462635, Оренбургская область, г. Гай, ул. Декабристов, 10А', 9, '1988', 1179, 800, NULL, NULL, NULL, NULL, NULL, NULL, NULL, NULL, NULL, NULL, NULL, NULL, NULL, NULL),
(11, 'МОАУ \"СОШ № 31\"', 'г. Оренбург, ул Братская, д.8/1', 36, '1974', 850, 720, NULL, NULL, NULL, NULL, NULL, NULL, NULL, NULL, NULL, NULL, NULL, NULL, NULL, NULL),
(12, 'МОАУ \"СОШ№ 54\"', 'г.Оренбург, ул.Сергея Лазо, д.8/2', 36, '1973', 1000, 546, NULL, NULL, NULL, NULL, NULL, NULL, NULL, NULL, NULL, NULL, NULL, NULL, NULL, NULL),
(13, 'МАОУ \"Лабазинская СОШ\"', 'с. Лабазы, ул. Зорина, 12', 16, '1963', 180, 261, NULL, NULL, NULL, NULL, NULL, NULL, NULL, NULL, NULL, NULL, NULL, NULL, NULL, NULL),
(14, 'МБОУ \"Волжская СОШ\"', 'п. Волжский, ул. Центральная, 4', 16, '1976', 360, 50, NULL, NULL, NULL, NULL, NULL, NULL, NULL, NULL, NULL, NULL, NULL, NULL, NULL, NULL),
(15, 'МАОУ \"Нежинский лицей\"', '460520, Оренбургская область, Оренбургский район, с. Нежинка, ул.Нежинская, 46; 8(3532) 56-26-34', 21, '1984', 514, 625, NULL, NULL, NULL, NULL, NULL, NULL, NULL, NULL, NULL, NULL, NULL, NULL, NULL, NULL),
(16, 'МБОУ \"Курлинская СОШ\"', 'Оренбургская область, Первомайский район, п. Курлин, ул. Молодежная, 1а, тел. 89272917927', 22, '1997', 180, 51, NULL, NULL, NULL, NULL, NULL, NULL, NULL, NULL, NULL, NULL, NULL, NULL, NULL, NULL),
(17, 'МБОУ \"ООШ №5\"', 'ул.Строителей, д.2, 8(35352) 3-51-07', 37, '1955', 375, 385, NULL, NULL, NULL, NULL, NULL, NULL, NULL, NULL, NULL, NULL, NULL, NULL, NULL, NULL),
(18, 'МБОУ \"Гимназия г. Медногорска\" ', '462280, Оренбургская обл., г. Медногорск, ул. Гагарина, д. 1а', 39, '1988', 800, 550, NULL, NULL, NULL, NULL, NULL, NULL, NULL, NULL, NULL, NULL, NULL, NULL, NULL, NULL),
(19, 'МАОУ \"Первомайская СОШ\"', 'Кваркенский район, п.Майский, ул.Школьная, д.17', 13, '1974', 200, 61, NULL, NULL, NULL, NULL, NULL, NULL, NULL, NULL, NULL, NULL, NULL, NULL, NULL, NULL),
(20, 'МАОУ «Фадеевская ООШ»', 'Оренбургская область, Пономаревский район, п. Фадеевка, ул. Совхозная, д. 2 тел 8(35357) 24-3-40', 24, '1987', 170, 29, NULL, NULL, NULL, NULL, NULL, NULL, NULL, NULL, NULL, NULL, NULL, NULL, NULL, NULL),
(21, 'МБОУ Краснокоммунарская СОШ', 'Оренбургская обл, Сакмарский район, п.Красный Коммунар, ул.Краснокоммунарская, д.30, 8(35331)27356', 25, '1984', 320, 567, NULL, NULL, NULL, NULL, NULL, NULL, NULL, NULL, NULL, NULL, NULL, NULL, NULL, NULL),
(22, 'Ковыляевская ООШ- филиал МАОУ Богдановская СОШ', 'Оренбургская область, Тоцкий район, село Ковыляевка, Школьная улица, 1А', 32, '1984', 192, 23, NULL, NULL, NULL, NULL, NULL, NULL, NULL, NULL, NULL, NULL, NULL, NULL, NULL, NULL),
(23, 'МБОУ \"Тюльганская СОШ №1\"', 'Оренбургская область, п. Тюльган, ул. М. Горького, д. 20, 835332 2-13-80', 33, '1978', 1200, 626, NULL, NULL, NULL, NULL, NULL, NULL, NULL, NULL, NULL, NULL, NULL, NULL, NULL, NULL),
(24, 'МОБУ \"Целинная СОШ\"', '462776, Оренбургская область, п. Новосельский, ул.Школьная, 7', 35, '1983', 194, 109, NULL, NULL, NULL, NULL, NULL, NULL, NULL, NULL, NULL, NULL, NULL, NULL, NULL, NULL),
(28, 'МБОУ \"Советская СОШ\"', '461623 Оренбургская область Бугурусланский район село Советское ул В Карпова д 31', 7, '1975', 300, 68, NULL, NULL, NULL, NULL, NULL, NULL, NULL, NULL, NULL, NULL, NULL, NULL, NULL, NULL),
(29, 'МОАУ \"СОШ № 6\"', 'ул. Весенняя, 18, 8 (3532) 43-03-35', 36, '1963', 1000, 1587, NULL, NULL, NULL, NULL, NULL, NULL, NULL, NULL, NULL, NULL, NULL, NULL, NULL, NULL),
(31, 'МОАУ \"ФМЛ\"', 'ул. Советская, д. 24, 77-27-11', 36, '1840', 650, 534, NULL, NULL, NULL, NULL, NULL, NULL, NULL, NULL, NULL, NULL, NULL, NULL, NULL, NULL),
(32, 'МОАУ \"Гимназия № 2\"', 'г. Оренбург ул. Кирова, д. 6 тел. 8(3532)772061', 36, '1939, 1966', 1500, 752, NULL, NULL, NULL, NULL, NULL, NULL, NULL, NULL, NULL, NULL, NULL, NULL, NULL, NULL),
(33, 'МОАУ \"СОШ №34\"', 'г. Оренбург Ул. Туркестанская, 11А', 36, '1978', 1200, 1013, NULL, NULL, NULL, NULL, NULL, NULL, NULL, NULL, NULL, NULL, NULL, NULL, NULL, NULL),
(34, 'МОАУ \"СОШ № 5\"', 'г. Оренбург. Ул. Самолетная, д. 91 тел: 75-27-32', 36, '1961', 650, 738, NULL, NULL, NULL, NULL, NULL, NULL, NULL, NULL, NULL, NULL, NULL, NULL, NULL, NULL),
(35, 'МАОУ «Дюсметьевская СОШ»', 'Оренбургская область, Пономаревский район, с. Дюсьметьево, ул. Центральная, д.10 тел.8(35357) 24-9-35', 24, '1969', 252, 32, NULL, NULL, NULL, NULL, NULL, NULL, NULL, NULL, NULL, NULL, NULL, NULL, NULL, NULL),
(36, 'МАОУ «Софиевская СОШ»', 'Оренбургская область, Пономаревский район, с. Софиевка, ул. Крючковская, д. 1 тел 8(35357) 24-1-20', 24, '1978', 320, 90, NULL, NULL, NULL, NULL, NULL, NULL, NULL, NULL, NULL, NULL, NULL, NULL, NULL, NULL),
(37, 'МАОУ \"Володарская СОШ\"', '1.п.Володарский, ул. Молодежная, 4а, тел. 4-01-70 \r\n2.п.Володарский, ул. Молодежная, 4а, тел.4-01-18  ', 22, '1989, 2000', 290, 573, NULL, NULL, NULL, NULL, NULL, NULL, NULL, NULL, NULL, NULL, NULL, NULL, NULL, NULL),
(38, 'МАОУ Богдановская СОШ', 'Оренбургская область, Тоцкий район, с.Богдановка, ул.Школьная, д.14', 32, '1974', 480, 61, NULL, NULL, NULL, NULL, NULL, NULL, NULL, NULL, NULL, NULL, NULL, NULL, NULL, NULL),
(39, 'МАОУ «Воздвиженская СОШ»', 'Оренбургская область, Пономаревский район, с. Воздвиженка, ул. Рабочий городок, д. 22 тел 8(35357) 23-1-41', 24, '1977', 350, 25, NULL, NULL, NULL, NULL, NULL, NULL, NULL, NULL, NULL, NULL, NULL, NULL, NULL, NULL),
(40, 'МБОУ \"Акбулакская СОШ № 1\"', '461551,Оренбургская область,  Акбулакский район, п. Акбулак, улица Актюбинская, дом 89  тел.8(35335)22461', 3, '1967', 750, 641, NULL, NULL, NULL, NULL, NULL, NULL, NULL, NULL, NULL, NULL, NULL, NULL, NULL, NULL),
(41, 'МБОУ \"Акбулакская СОШ № 3\"', '461561, Россия, Оренбургская область, Акбулакский район, с. Новопавловка, пер. Школьный, 8  тел.8(35335)31136', 3, '1972', 320, 134, NULL, NULL, NULL, NULL, NULL, NULL, NULL, NULL, NULL, NULL, NULL, NULL, NULL, NULL),
(42, 'МБОУ \"Крючковская СОШ\"', 'Российская Федерация, 461332, Оренбургская обл, Беляевский р-н, Крючковка с, Школьный, ДОМ 3', 6, '1964', 180, 140, NULL, NULL, NULL, NULL, NULL, NULL, NULL, NULL, NULL, NULL, NULL, NULL, NULL, NULL),
(43, 'МБОУ «Сергиевская СОШ»', '461986, Оренбургская область, Первомайский район, с. Сергиевка, ул. Первоцелинников, 19', 22, '1980', 180, 140, NULL, NULL, NULL, NULL, NULL, NULL, NULL, NULL, NULL, NULL, NULL, NULL, NULL, NULL),
(44, 'МБОУ Краснокоммунарская СОШ', 'Оренбургская обл, Сакмарский район, п.Красный Коммунар, ул.Краснокоммунарская, д.30, 8(35331)27356', 25, '1984', 320, 567, NULL, NULL, NULL, NULL, NULL, NULL, NULL, NULL, NULL, NULL, NULL, NULL, NULL, NULL),
(45, 'МОАУ \"СОШ № 10\"', '460038,ОБЛАСТЬ ОРЕНБУРГСКАЯ,ГОРОД ОРЕНБУРГ,ПРОСПЕКТ ДЗЕРЖИНСКОГО,26/4,', 36, '1969', 532, 640, NULL, NULL, NULL, NULL, NULL, NULL, NULL, NULL, NULL, NULL, NULL, NULL, NULL, NULL),
(46, 'МОАУ \"СОШ № 67\"', 'г.Оренбург, ул. Всесоюзная 10/1', 36, '1975', 800, 650, NULL, NULL, NULL, NULL, NULL, NULL, NULL, NULL, NULL, NULL, NULL, NULL, NULL, NULL),
(47, 'МОАУ \"СОШ №61\"', '460023,ОБЛАСТЬ ОРЕНБУРГСКАЯ,ГОРОД ОРЕНБУРГ,УЛИЦА ХИМИЧЕСКАЯ,7', 36, '1962', 550, 535, NULL, NULL, NULL, NULL, NULL, NULL, NULL, NULL, NULL, NULL, NULL, NULL, NULL, NULL),
(48, 'МАОУ «СОШ с. Кумак»', NULL, 18, '1992', 306, 220, NULL, NULL, NULL, NULL, NULL, NULL, NULL, NULL, NULL, NULL, NULL, NULL, NULL, NULL),
(49, 'МБОУ «СОШ с.Добровольское»', NULL, 18, '1973', 320, 114, NULL, NULL, NULL, NULL, NULL, NULL, NULL, NULL, NULL, NULL, NULL, NULL, NULL, NULL),
(50, 'МБОУ «Благодарновская СОШ»', NULL, 33, '1965', 260, 66, NULL, NULL, NULL, NULL, NULL, NULL, NULL, NULL, NULL, NULL, NULL, NULL, NULL, NULL),
(51, 'МОБУ «Специальная (коррекционная) школа»', NULL, 38, 'Корпус № 1 – 1903 г., Корпус № 2 – 1903 г., Корпус № 3 – 1996', 175, 143, NULL, NULL, NULL, NULL, NULL, NULL, NULL, NULL, NULL, NULL, NULL, NULL, NULL, NULL),
(52, 'МБОУ «СОШ № 1»', NULL, 15, '1969', 960, 272, NULL, NULL, NULL, NULL, NULL, NULL, NULL, NULL, NULL, NULL, NULL, NULL, NULL, NULL),
(53, 'МОБУ \"Начальная общеобразовательная школа № 11\".', NULL, 38, '1938', 310, 488, NULL, NULL, NULL, NULL, NULL, NULL, NULL, NULL, NULL, NULL, NULL, NULL, NULL, NULL),
(54, 'МОБУ ООШ №9\".', NULL, 38, '1917', 388, 388, NULL, NULL, NULL, NULL, NULL, NULL, NULL, NULL, NULL, NULL, NULL, NULL, NULL, NULL),
(55, 'МОБУ  «Тупиковская СОШ»', NULL, 8, '1968', 190, 107, NULL, NULL, NULL, NULL, NULL, NULL, NULL, NULL, NULL, NULL, NULL, NULL, NULL, NULL),
(56, 'МОБУ «Палимовская СОШ»', NULL, 8, '1970', 320, 392, NULL, NULL, NULL, NULL, NULL, NULL, NULL, NULL, NULL, NULL, NULL, NULL, NULL, NULL),
(57, 'МОБУ «Новоалександровская СОШ»', NULL, 8, '1973', 180, 370, NULL, NULL, NULL, NULL, NULL, NULL, NULL, NULL, NULL, NULL, NULL, NULL, NULL, NULL),
(58, 'МОБУ \"Сухореченская СОШ\"', NULL, 8, '1971', 250, 248, NULL, NULL, NULL, NULL, NULL, NULL, NULL, NULL, NULL, NULL, NULL, NULL, NULL, NULL),
(59, 'МОБУ \"Елховская ООШ\"', NULL, 8, '1958', 125, 75, NULL, NULL, NULL, NULL, NULL, NULL, NULL, NULL, NULL, NULL, NULL, NULL, NULL, NULL),
(60, 'МОАУ «Боровая СОШ»', NULL, 8, '1964', 450, 155, NULL, NULL, NULL, NULL, NULL, NULL, NULL, NULL, NULL, NULL, NULL, NULL, NULL, NULL),
(61, 'МБОУ \"Красногвардейская СОШ №1\"', NULL, 14, '1967', 1200, 637, NULL, NULL, NULL, NULL, NULL, NULL, NULL, NULL, NULL, NULL, NULL, NULL, NULL, NULL),
(62, 'МБОУ «Никольская СОШ»', NULL, 14, '1988', 162, 67, NULL, NULL, NULL, NULL, NULL, NULL, NULL, NULL, NULL, NULL, NULL, NULL, NULL, NULL),
(63, 'МОБУ \"Буранная СОШ\"', NULL, 29, '1935', 0, 0, NULL, NULL, NULL, NULL, NULL, NULL, NULL, NULL, NULL, NULL, NULL, NULL, NULL, NULL),
(64, 'МБОУ «Ивановская ООШ»', NULL, 14, '1927, 1982', 150, 30, NULL, NULL, NULL, NULL, NULL, NULL, NULL, NULL, NULL, NULL, NULL, NULL, NULL, NULL),
(65, 'МБОУ \"СОШ с. Донецкое\"', NULL, 23, '1968 ', 0, 97, NULL, NULL, NULL, NULL, NULL, NULL, NULL, NULL, NULL, NULL, NULL, NULL, NULL, NULL),
(66, 'МОАУ «Покровская СОШ»', NULL, 19, '1936', 380, 300, NULL, NULL, NULL, NULL, NULL, NULL, NULL, NULL, NULL, NULL, NULL, NULL, NULL, NULL),
(67, '_МОБУ Лапазская СОШ', NULL, 19, '0 ', 0, 0, NULL, NULL, NULL, NULL, NULL, NULL, NULL, NULL, NULL, NULL, NULL, NULL, NULL, NULL),
(68, 'МОАУ Кулагинская СОШ', NULL, 19, '1975', 250, 200, NULL, NULL, NULL, NULL, NULL, NULL, NULL, NULL, NULL, NULL, NULL, NULL, NULL, NULL),
(69, 'МБОУ \"Кайрактынская СОШ\"', NULL, 3, '1966', 275, 122, NULL, NULL, NULL, NULL, NULL, NULL, NULL, NULL, NULL, NULL, NULL, NULL, NULL, NULL),
(70, 'МБОУ Кинзельская СОШ', NULL, 14, '1970', 280, 100, NULL, NULL, NULL, NULL, NULL, NULL, NULL, NULL, NULL, NULL, NULL, NULL, NULL, NULL),
(71, 'МБОУ Сарай - Гирская СОШ', NULL, 17, '1963', 0, 0, NULL, NULL, NULL, NULL, NULL, NULL, NULL, NULL, NULL, NULL, NULL, NULL, NULL, NULL),
(72, 'МБОУ Подлесная ООШ', NULL, 10, '1983', 0, 0, NULL, NULL, NULL, NULL, NULL, NULL, NULL, NULL, NULL, NULL, NULL, NULL, NULL, NULL),
(73, 'МБОУ «СОШ с.Япрынцево»', NULL, 23, '1977', 80, 56, NULL, NULL, NULL, NULL, NULL, NULL, NULL, NULL, NULL, NULL, NULL, NULL, NULL, NULL),
(74, 'МОБУ «Тамар-Уткульская СОШ', NULL, 29, '1963', 0, 0, NULL, NULL, NULL, NULL, NULL, NULL, NULL, NULL, NULL, NULL, NULL, NULL, NULL, NULL),
(75, 'МБОУ \"Красногвардейская гимназия\"', NULL, 14, '1988', 640, 413, NULL, NULL, NULL, NULL, NULL, NULL, NULL, NULL, NULL, NULL, NULL, NULL, NULL, NULL),
(76, 'МБОУ Токская СОШ', NULL, 14, '1968 ', 0, 152, NULL, NULL, NULL, NULL, NULL, NULL, NULL, NULL, NULL, NULL, NULL, NULL, NULL, NULL),
(77, 'МБДОУ \"Пушкинский детский сад\"', NULL, 14, '1982', 90, 24, NULL, NULL, NULL, NULL, NULL, NULL, NULL, NULL, NULL, NULL, NULL, NULL, NULL, NULL),
(78, 'МОБУ «Кувайская СОШ»', NULL, 19, '1989', 200, 54, NULL, NULL, NULL, NULL, NULL, NULL, NULL, NULL, NULL, NULL, NULL, NULL, NULL, NULL),
(79, 'МБОУ «Майская СОШ»', NULL, 2, '1976', 320, 137, NULL, NULL, NULL, NULL, NULL, NULL, NULL, NULL, NULL, NULL, NULL, NULL, NULL, NULL),
(80, 'Кузькинский филиал МБОУ «Матвеевская СОШ»', NULL, 17, '1972', 150, 18, NULL, NULL, NULL, NULL, NULL, NULL, NULL, NULL, NULL, NULL, NULL, NULL, NULL, NULL),
(81, 'МОБУ «Землянская ООШ»', NULL, 19, '1991', 102, 102, NULL, NULL, NULL, NULL, NULL, NULL, NULL, NULL, NULL, NULL, NULL, NULL, NULL, NULL),
(82, 'МОБУ «Кутушевская СОШ»', NULL, 17, '1988', 179, 100, NULL, NULL, NULL, NULL, NULL, NULL, NULL, NULL, NULL, NULL, NULL, NULL, NULL, NULL),
(83, 'МОБУ «Новосергиевская СОШ № 2»', NULL, 19, '1961', 350, 600, NULL, NULL, NULL, NULL, NULL, NULL, NULL, NULL, NULL, NULL, NULL, NULL, NULL, NULL),
(84, 'МОАУ «СОШ № 63»', NULL, 36, '1962', 520, 580, NULL, NULL, NULL, NULL, NULL, NULL, NULL, NULL, NULL, NULL, NULL, NULL, NULL, NULL),
(85, 'МБОУ «ООШ с. Адамовка»', NULL, 23, '1977', 320, 70, NULL, NULL, NULL, NULL, NULL, NULL, NULL, NULL, NULL, NULL, NULL, NULL, NULL, NULL),
(86, 'МОАУ \"Григорьевская СОШ\"', NULL, 29, '1964г, 1964', 300, 307, NULL, NULL, NULL, NULL, NULL, NULL, NULL, NULL, NULL, NULL, NULL, NULL, NULL, NULL),
(87, 'МАОУ \"Шарлыкская СОШ №2\", основная школа', NULL, 34, '1966', 0, 0, NULL, NULL, NULL, NULL, NULL, NULL, NULL, NULL, NULL, NULL, NULL, NULL, NULL, NULL),
(88, 'МАОУ \"Шарлыкская СОШ №2\", начальная школа', NULL, 34, '1966', 0, 0, NULL, NULL, NULL, NULL, NULL, NULL, NULL, NULL, NULL, NULL, NULL, NULL, NULL, NULL),
(89, 'МОАУ «Лицей №1 г. Новотроицка Оренбургской области»', NULL, 40, '1963', 150, 160, NULL, NULL, NULL, NULL, NULL, NULL, NULL, NULL, NULL, NULL, NULL, NULL, NULL, NULL),
(91, 'МОАУ «СОШ № 22»', NULL, 40, '1990', 800, 506, NULL, NULL, NULL, NULL, NULL, NULL, NULL, NULL, NULL, NULL, NULL, NULL, NULL, NULL),
(92, 'МБОУ \"Красногвардейская гимназия\"', NULL, 14, '1988', 640, 413, NULL, NULL, NULL, NULL, NULL, NULL, NULL, NULL, NULL, NULL, NULL, NULL, NULL, NULL),
(93, 'МБОУ «Петровская ООШ» ', NULL, 14, '1973', 120, 52, NULL, NULL, NULL, NULL, NULL, NULL, NULL, NULL, NULL, NULL, NULL, NULL, NULL, NULL),
(94, 'МБОУ «Свердловская СОШ».', NULL, 14, '1964', 320, 72, NULL, NULL, NULL, NULL, NULL, NULL, NULL, NULL, NULL, NULL, NULL, NULL, NULL, NULL),
(95, 'МОАУ «СОШ № 22 г. Новотроицка Оренбургской области»', NULL, 40, '1990', 800, 506, NULL, NULL, NULL, NULL, NULL, NULL, NULL, NULL, NULL, NULL, NULL, NULL, NULL, NULL),
(96, 'МОАУ «СОШ №4»', NULL, 40, '1981', 320, 150, NULL, NULL, NULL, NULL, NULL, NULL, NULL, NULL, NULL, NULL, NULL, NULL, NULL, NULL),
(97, ' МОАУ «Лицей №1 г. Новотроицка Оренбургской области»', NULL, 40, '1963', 150, 160, NULL, NULL, NULL, NULL, NULL, NULL, NULL, NULL, NULL, NULL, NULL, NULL, NULL, NULL),
(98, 'МАОУ \"СОШ №7 имени Сергея Петровича\" (корпус 2)', NULL, 30, '1917,1969', 245, 332, NULL, NULL, NULL, NULL, NULL, NULL, NULL, NULL, NULL, NULL, NULL, NULL, NULL, NULL),
(99, 'МОАУ \"Домбаровская СОШ №1\"', NULL, 11, '1939', 0, 0, NULL, NULL, NULL, NULL, NULL, NULL, NULL, NULL, NULL, NULL, NULL, NULL, NULL, NULL),
(100, 'ГАОУ Губернаторский многопрофильный лицей-интернат для одаренных детей Оренбуржья', NULL, 36, '2000', 0, 0, NULL, NULL, NULL, NULL, NULL, NULL, NULL, NULL, NULL, NULL, NULL, NULL, NULL, NULL),
(101, 'МБОУ «Подольская СОШ» ', NULL, 14, '1973', 600, 310, NULL, NULL, NULL, NULL, NULL, NULL, NULL, NULL, NULL, NULL, NULL, NULL, NULL, NULL),
(102, 'МБОУ \"СОШ №6» ', NULL, 38, '1909', 0, 926, NULL, NULL, NULL, NULL, NULL, NULL, NULL, NULL, NULL, NULL, NULL, NULL, NULL, NULL),
(103, 'МБОУ «Александровская  СОШ»', NULL, 4, '1974', 280, 44, NULL, NULL, NULL, NULL, NULL, NULL, NULL, NULL, NULL, NULL, NULL, NULL, NULL, NULL),
(104, 'МБОУ «Староюлдашевская СОШ»', NULL, 14, '1996', 147, 30, NULL, NULL, NULL, NULL, NULL, NULL, NULL, NULL, NULL, NULL, NULL, NULL, NULL, NULL),
(105, 'МБОУ Ранневская СОШ', NULL, 31, '1962', 0, 0, NULL, NULL, NULL, NULL, NULL, NULL, NULL, NULL, NULL, NULL, NULL, NULL, NULL, NULL),
(106, ' МОАУ «СОШ № 72»', NULL, 36, '1987', 1200, 1010, NULL, NULL, NULL, NULL, NULL, NULL, NULL, NULL, NULL, NULL, NULL, NULL, NULL, NULL),
(107, 'МБОУ  «СОШ с. Кичкасс»', NULL, 23, '1986', 360, 120, NULL, NULL, NULL, NULL, NULL, NULL, NULL, NULL, NULL, NULL, NULL, NULL, NULL, NULL),
(108, 'МБОУ СОШ с Чесноковка', NULL, 23, '1964', 320, 0, NULL, NULL, NULL, NULL, NULL, NULL, NULL, NULL, NULL, NULL, NULL, NULL, NULL, NULL),
(109, 'МБОУ \"Зареченская классическая гимназия\"', NULL, 32, '1964', 640, 750, NULL, NULL, NULL, NULL, NULL, NULL, NULL, NULL, NULL, NULL, NULL, NULL, NULL, NULL),
(110, 'МОАУ “СОШ № 39”', NULL, 36, '1938', 450, 597, NULL, NULL, NULL, NULL, NULL, NULL, NULL, NULL, NULL, NULL, NULL, NULL, NULL, NULL),
(111, 'МАОУ «Новобогородская ООШ»', NULL, 24, '1962', 60, 10, NULL, NULL, NULL, NULL, NULL, NULL, NULL, NULL, NULL, NULL, NULL, NULL, NULL, NULL),
(112, ' МБОУ \"Северная СОШ№ 2\"', NULL, 28, '1962', 0, 0, NULL, NULL, NULL, NULL, NULL, NULL, NULL, NULL, NULL, NULL, NULL, NULL, NULL, NULL),
(113, 'МБОУ «Красногорская СОШ»', NULL, 5, '1971', 320, 65, NULL, NULL, NULL, NULL, NULL, NULL, NULL, NULL, NULL, NULL, NULL, NULL, NULL, NULL),
(114, 'МБОУ «Заглядинская СОШ»', NULL, 5, '1998', 264, 200, NULL, NULL, NULL, NULL, NULL, NULL, NULL, NULL, NULL, NULL, NULL, NULL, NULL, NULL),
(115, 'МБОУ \"Чкаловская СОШ\"', NULL, 5, '1974', 350, 200, NULL, NULL, NULL, NULL, NULL, NULL, NULL, NULL, NULL, NULL, NULL, NULL, NULL, NULL),
(116, 'МБОУ \"Асекеевская НОШ\"', NULL, 5, '1990', 80, 80, NULL, NULL, NULL, NULL, NULL, NULL, NULL, NULL, NULL, NULL, NULL, NULL, NULL, NULL),
(117, 'МБОУ «Ташлинская СОШ»', NULL, 33, '1973', 250, 96, NULL, NULL, NULL, NULL, NULL, NULL, NULL, NULL, NULL, NULL, NULL, NULL, NULL, NULL),
(118, 'МОАУ «СОШ №79»', NULL, 36, '1989, 1982', 2274, 1853, NULL, NULL, NULL, NULL, NULL, NULL, NULL, NULL, NULL, NULL, NULL, NULL, NULL, NULL),
(119, 'МОАУ \"Лицей №7\"', NULL, 36, '', 0, 0, NULL, NULL, NULL, NULL, NULL, NULL, NULL, NULL, NULL, NULL, NULL, NULL, NULL, NULL),
(120, 'МОАУ «СОШ №60»', NULL, 36, '1982', 392, 374, NULL, NULL, NULL, NULL, NULL, NULL, NULL, NULL, NULL, NULL, NULL, NULL, NULL, NULL),
(121, 'МОАУ \"СОШ №31\", основное здание', NULL, 36, '', 0, 0, NULL, NULL, NULL, NULL, NULL, NULL, NULL, NULL, NULL, NULL, NULL, NULL, NULL, NULL),
(122, 'МОБУ СОШ№1', NULL, 26, '2011', 0, 0, NULL, NULL, NULL, NULL, NULL, NULL, NULL, NULL, NULL, NULL, NULL, NULL, NULL, NULL),
(124, 'ГБОУ \"Оренбургская кадетская школа-интернат\", казарма', NULL, 36, '1995', 0, 0, NULL, NULL, NULL, NULL, NULL, NULL, NULL, NULL, NULL, NULL, NULL, NULL, NULL, NULL),
(125, 'ГКОУ \"С(К) школа-интернат №68\"', NULL, 41, '1995', 0, 0, NULL, NULL, NULL, NULL, NULL, NULL, NULL, NULL, NULL, NULL, NULL, NULL, NULL, NULL);

-- --------------------------------------------------------

--
-- Table structure for table `munipal`
--

CREATE TABLE `munipal` (
  `id` int(11) NOT NULL,
  `name` varchar(240) NOT NULL
) ENGINE=InnoDB DEFAULT CHARSET=utf8mb4;

--
-- Dumping data for table `munipal`
--

INSERT INTO `munipal` (`id`, `name`) VALUES
(1, 'Абдулинский городской округ'),
(2, 'Адамовский район'),
(3, 'Акбулакский район'),
(4, 'Александровский район'),
(5, 'Асекеевский район'),
(6, 'Беляевский район'),
(7, 'Бугурусланский район'),
(8, 'Бузулукский район'),
(9, 'Гайский городской округ'),
(10, 'Грачевский район'),
(11, 'Домбаровский район'),
(12, 'Илекский район'),
(13, 'Кваркенский район'),
(14, 'Красногвардейский район'),
(15, 'Кувандыкский городской округ'),
(16, 'Курманаевский район'),
(17, 'Матвеевский район'),
(18, 'Новоорский район'),
(19, 'Новосергиевский район'),
(20, 'Октябрьский район'),
(21, 'Оренбургский район'),
(22, 'Первомайский район'),
(23, 'Переволоцкий район'),
(24, 'Пономаревский район'),
(25, 'Сакмарский район'),
(26, 'Саракташский район'),
(27, 'Светлинский район'),
(28, 'Северный район'),
(29, 'Соль-Илецкий городской округ'),
(30, 'Сорочинский городской округ'),
(31, 'Ташлинский район'),
(32, 'Тоцкий район'),
(33, 'Тюльганский район'),
(34, 'Шарлыкский район'),
(35, 'Ясненский городской округ'),
(36, 'г. Оренбург'),
(37, 'г. Бугуруслан'),
(38, 'г. Бузулук'),
(39, 'г. Медногорск'),
(40, 'г. Новотроицк'),
(41, 'г. Орск'),
(42, 'Южноуральский сельский совет');

-- --------------------------------------------------------

--
-- Table structure for table `photos_edu`
--

CREATE TABLE `photos_edu` (
  `id` int(11) NOT NULL,
  `schid` int(11) NOT NULL,
  `category` int(11) NOT NULL,
  `isDefect` tinyint(1) DEFAULT NULL,
  `path` varchar(200) NOT NULL
) ENGINE=InnoDB DEFAULT CHARSET=utf8mb4;

--
-- Dumping data for table `photos_edu`
--

INSERT INTO `photos_edu` (`id`, `schid`, `category`, `isDefect`, `path`) VALUES
(10, 2, 4, NULL, 'img/photo8.jpg'),
(11, 2, 4, NULL, 'img/photo9.jpg'),
(12, 2, 5, NULL, 'img/photo10.jpg'),
(31, 4, 9, NULL, 'img/4/01_9.jpg'),
(32, 4, 9, NULL, 'img/4/01_10.jpg'),
(33, 4, 9, NULL, 'img/4/01_12.jpg'),
(34, 4, 9, NULL, 'img/4/01_13.jpg'),
(35, 4, 9, NULL, 'img/4/01_14.jpg'),
(36, 4, 9, NULL, 'img/4/01_16.jpg'),
(37, 4, 9, NULL, 'img/4/01_17.jpg'),
(38, 4, 1, NULL, 'img/4/01_18.jpg'),
(39, 4, 8, NULL, 'img/4/01_20.jpg'),
(40, 4, 8, NULL, 'img/4/01_21.jpg'),
(41, 4, 8, NULL, 'img/4/01_22.jpg'),
(42, 4, 9, NULL, 'img/4/01_23.jpg'),
(43, 4, 1, NULL, 'img/4/03_1.jpg'),
(44, 4, 1, NULL, 'img/4/02_1.jpg'),
(45, 4, 4, NULL, 'img/4/05_1.jpg'),
(46, 4, 2, NULL, 'img/4/05_2.jpg'),
(47, 4, 3, NULL, 'img/4/06_1.jpg'),
(48, 4, 3, NULL, 'img/4/06_2.jpg'),
(49, 4, 7, NULL, 'img/4/07_1.jpg'),
(50, 4, 7, NULL, 'img/4/07_2.jpg'),
(51, 4, 6, NULL, 'img/4/08_1.jpg'),
(52, 4, 6, NULL, 'img/4/08_2.jpg'),
(53, 4, 9, NULL, 'img/4/10_1.jpg'),
(54, 4, 5, NULL, 'img/4/10_2.jpg'),
(55, 4, 5, NULL, 'img/4/10_3.jpg'),
(56, 4, 5, NULL, 'img/4/10_4.jpg'),
(57, 4, 4, NULL, 'img/4/11_1.jpg'),
(58, 4, 2, NULL, 'img/4/04_1.jpg'),
(59, 4, 1, NULL, 'img/4/01_19.jpg'),
(87, 6, 1, NULL, 'img/6/01_01.jpg'),
(88, 6, 9, NULL, 'img/6/01_06.jpg'),
(89, 6, 9, NULL, 'img/6/01_07.jpg'),
(90, 6, 1, NULL, 'img/6/02_01.jpg'),
(91, 6, 1, NULL, 'img/6/01_10.jpg'),
(92, 6, 2, NULL, 'img/6/04_01.jpg'),
(93, 6, 2, NULL, 'img/6/04_02.jpg'),
(94, 6, 4, NULL, 'img/6/05_01.jpg'),
(95, 6, 4, NULL, 'img/6/05_02.jpg'),
(96, 6, 3, NULL, 'img/6/06_01.jpg'),
(97, 6, 3, NULL, 'img/6/06_02.jpg'),
(98, 6, 3, NULL, 'img/6/06_03.jpg'),
(99, 6, 3, NULL, 'img/6/06_05.jpg'),
(100, 6, 3, NULL, 'img/6/06_06.jpg'),
(101, 6, 3, NULL, 'img/6/06_07.jpg'),
(102, 6, 8, NULL, 'img/6/07_01.jpg'),
(103, 6, 8, NULL, 'img/6/07_03.jpg'),
(104, 6, 8, NULL, 'img/6/07_05.jpg'),
(105, 6, 6, NULL, 'img/6/08_01.jpg'),
(106, 6, 6, NULL, 'img/6/08_02.jpg'),
(107, 6, 6, NULL, 'img/6/08_03.jpg'),
(108, 6, 6, NULL, 'img/6/08_04.jpg'),
(109, 6, 6, NULL, 'img/6/08_05.jpg'),
(110, 6, 6, NULL, 'img/6/08_06.jpg'),
(111, 6, 6, NULL, 'img/6/08_07.jpg'),
(112, 6, 6, NULL, 'img/6/09_01.jpg'),
(113, 6, 6, NULL, 'img/6/09_02.jpg'),
(114, 6, 5, NULL, 'img/6/10_01.jpg'),
(115, 6, 5, NULL, 'img/6/10_02.jpg'),
(116, 6, 5, NULL, 'img/6/10_03.jpg'),
(117, 6, 7, NULL, 'img/6/12_01.jpg'),
(118, 6, 7, NULL, 'img/6/12_03.jpg'),
(143, 7, 1, NULL, 'img/7/01_1.jpg'),
(144, 7, 9, NULL, 'img/7/01_2.jpg'),
(145, 7, 9, NULL, 'img/7/01_3.jpg'),
(146, 7, 9, NULL, 'img/7/01_4.jpg'),
(147, 7, 11, NULL, 'img/7/01_5.jpg'),
(148, 7, 1, NULL, 'img/7/02_1.jpg'),
(149, 7, 1, NULL, 'img/7/03_1.jpg'),
(150, 7, 1, NULL, 'img/7/03_2.jpg'),
(151, 7, 2, NULL, 'img/7/04_1.jpg'),
(152, 7, 4, NULL, 'img/7/05_1.jpg'),
(153, 7, 4, NULL, 'img/7/05_2.jpg'),
(154, 7, 3, NULL, 'img/7/06_1.jpg'),
(155, 7, 8, NULL, 'img/7/07_1.jpg'),
(156, 7, 6, NULL, 'img/7/08_1.jpg'),
(157, 7, 6, NULL, 'img/7/08_2.jpg'),
(158, 7, 6, NULL, 'img/7/08_3.jpg'),
(159, 7, 6, NULL, 'img/7/09_1.jpg'),
(160, 7, 5, NULL, 'img/7/10_1.jpg'),
(161, 7, 7, NULL, 'img/7/10_2.jpg'),
(162, 7, 4, NULL, 'img/7/11_1.jpg'),
(163, 7, 7, NULL, 'img/7/12_1.jpg'),
(164, 7, 7, NULL, 'img/7/12_2.jpg'),
(165, 7, 7, NULL, 'img/7/12_3.jpg'),
(166, 7, 7, NULL, 'img/7/13_1.jpg'),
(167, 8, 1, NULL, 'img/8/01_01.JPG'),
(168, 8, 1, NULL, 'img/8/01_02.JPG'),
(169, 8, 11, NULL, 'img/8/01_03.JPG'),
(170, 8, 1, NULL, 'img/8/02_04.JPG'),
(171, 8, 1, NULL, 'img/8/03_05.JPG'),
(172, 8, 2, NULL, 'img/8/03_06.JPG'),
(173, 8, 2, NULL, 'img/8/03_07.JPG'),
(174, 8, 2, NULL, 'img/8/04_08.JPG'),
(175, 8, 4, NULL, 'img/8/05_09.JPG'),
(176, 8, 2, NULL, 'img/8/05_10.JPG'),
(177, 8, 2, NULL, 'img/8/05_11.JPG'),
(178, 8, 3, NULL, 'img/8/06_12.JPG'),
(179, 8, 3, NULL, 'img/8/06_13.JPG'),
(180, 8, 3, NULL, 'img/8/06_14.JPG'),
(181, 8, 8, NULL, 'img/8/07_15.JPG'),
(182, 8, 8, NULL, 'img/8/07_16.JPG'),
(183, 8, 8, NULL, 'img/8/07_17.JPG'),
(184, 8, 9, NULL, 'img/8/07_18.JPG'),
(185, 8, 8, NULL, 'img/8/07_19.JPG'),
(186, 8, 9, NULL, 'img/8/07_20.JPG'),
(187, 8, 6, NULL, 'img/8/08_21.JPG'),
(188, 8, 6, NULL, 'img/8/08_22.JPG'),
(189, 8, 9, NULL, 'img/8/08_23.JPG'),
(190, 8, 6, NULL, 'img/8/09_24.JPG'),
(191, 8, 6, NULL, 'img/8/09_25.JPG'),
(192, 8, 5, NULL, 'img/8/10_26.JPG'),
(193, 8, 5, NULL, 'img/8/10_27.JPG'),
(194, 8, 5, NULL, 'img/8/10_28.JPG'),
(195, 8, 5, NULL, 'img/8/10_29.JPG'),
(196, 8, 5, NULL, 'img/8/10_30.JPG'),
(197, 8, 5, NULL, 'img/8/10_31.JPG'),
(198, 8, 5, NULL, 'img/8/10_32.JPG'),
(199, 8, 5, NULL, 'img/8/10_33.JPG'),
(200, 8, 4, NULL, 'img/8/11_34.JPG'),
(201, 8, 4, NULL, 'img/8/11_35.JPG'),
(202, 8, 4, NULL, 'img/8/11_36.JPG'),
(203, 8, 4, NULL, 'img/8/11_37.JPG'),
(204, 8, 7, NULL, 'img/8/12_38.JPG'),
(205, 8, 7, NULL, 'img/8/12_39.JPG'),
(206, 8, 7, NULL, 'img/8/12_40.JPG'),
(207, 8, 7, NULL, 'img/8/12_41.JPG'),
(208, 8, 7, NULL, 'img/8/12_42.JPG'),
(209, 8, 7, NULL, 'img/8/12_43.JPG'),
(210, 8, 7, NULL, 'img/8/12_44.JPG'),
(211, 8, 7, NULL, 'img/8/12_45.JPG'),
(212, 8, 7, NULL, 'img/8/13_46.JPG'),
(213, 8, 7, NULL, 'img/8/13_47.JPG'),
(214, 8, 7, NULL, 'img/8/13_48.JPG'),
(215, 8, 7, NULL, 'img/8/13_49.JPG'),
(216, 9, 1, NULL, 'img/9/01_1.jpg.jpg'),
(217, 9, 1, NULL, 'img/9/01_2.jpg.jpg'),
(218, 9, 1, NULL, 'img/9/01_3.jpg.jpg'),
(219, 9, 11, NULL, 'img/9/01_4.jpg.jpg'),
(220, 9, 9, NULL, 'img/9/01_5.jpg.jpg'),
(221, 9, 1, NULL, 'img/9/02_1.jpg.jpg'),
(222, 9, 2, NULL, 'img/9/03_1.jpg.jpg'),
(223, 9, 2, NULL, 'img/9/03_2.jpg.jpg'),
(224, 9, 2, NULL, 'img/9/04_1.jpg.jpg'),
(225, 9, 2, NULL, 'img/9/04_2.jpg.jpg'),
(226, 9, 9, NULL, 'img/9/04_3.jpg.jpg'),
(227, 9, 4, NULL, 'img/9/05_1.jpg.jpg'),
(228, 9, 2, NULL, 'img/9/05_2.jpg.jpg'),
(229, 9, 2, NULL, 'img/9/05_3.jpg.jpg'),
(230, 9, 3, NULL, 'img/9/06_1.jpg.jpg'),
(231, 9, 3, NULL, 'img/9/06_2.jpg.jpg'),
(232, 9, 3, NULL, 'img/9/06_3.jpg.jpg'),
(233, 9, 3, NULL, 'img/9/06_4.jpg.jpg'),
(234, 9, 8, NULL, 'img/9/07_1.jpg.jpg'),
(235, 9, 6, NULL, 'img/9/08_1.jpg.jpg'),
(236, 9, 6, NULL, 'img/9/08_2.jpg.jpg'),
(237, 9, 6, NULL, 'img/9/08_3.jpg.jpg'),
(238, 9, 6, NULL, 'img/9/09_1.jpg.jpg'),
(239, 9, 6, NULL, 'img/9/09_2jpg.jpg'),
(240, 9, 5, NULL, 'img/9/10_1.jpg.jpg'),
(241, 9, 11, NULL, 'img/9/10_2.jpg (2).jpg'),
(242, 9, 11, NULL, 'img/9/10_3.jpg (2).jpg'),
(243, 9, 5, NULL, 'img/9/10_4.jpg.jpg'),
(244, 9, 8, NULL, 'img/9/10_5.jpg.jpg'),
(245, 9, 4, NULL, 'img/9/11_1.jpg.jpg'),
(246, 9, 4, NULL, 'img/9/11_2.jpg.jpg'),
(247, 9, 9, NULL, 'img/9/11_3.jpg.jpg'),
(248, 9, 7, NULL, 'img/9/12_1.jpg.jpg'),
(249, 9, 9, NULL, 'img/9/12_2.jpg.jpg'),
(250, 9, 7, NULL, 'img/9/12_3.jpg.jpg'),
(251, 9, 7, NULL, 'img/9/12_4.jpg.jpg'),
(252, 9, 9, NULL, 'img/9/12_5.jpg.jpg'),
(253, 9, 9, NULL, 'img/9/12_6.jpg.jpg'),
(254, 9, 9, NULL, 'img/9/12_7.jpg.jpg'),
(255, 9, 7, NULL, 'img/9/13_1.jpg.jpg'),
(256, 9, 7, NULL, 'img/9/13_2.jpg.jpg'),
(257, 9, 7, NULL, 'img/9/13_3.jpg.jpg'),
(258, 10, 1, NULL, 'img/10/01_1.jpg'),
(259, 10, 1, NULL, 'img/10/01_2.jpg'),
(260, 10, 11, NULL, 'img/10/01_3.jpg'),
(261, 10, 11, NULL, 'img/10/01_4.jpg'),
(262, 10, 9, NULL, 'img/10/01_5.jpg'),
(263, 10, 1, NULL, 'img/10/02_1.jpg'),
(264, 10, 2, NULL, 'img/10/03_1.jpg'),
(265, 10, 2, NULL, 'img/10/03_2.jpg'),
(266, 10, 2, NULL, 'img/10/03_3.jpg'),
(267, 10, 2, NULL, 'img/10/04_1.jpg'),
(268, 10, 2, NULL, 'img/10/04_2.jpg'),
(269, 10, 2, NULL, 'img/10/05_1.jpg'),
(270, 10, 2, NULL, 'img/10/05_2.jpg'),
(271, 10, 9, NULL, 'img/10/05_3.jpg'),
(272, 10, 9, NULL, 'img/10/05_4.jpg'),
(273, 10, 3, NULL, 'img/10/06_1.jpg'),
(274, 10, 3, NULL, 'img/10/06_2.jpg'),
(275, 10, 3, NULL, 'img/10/06_3.jpg'),
(276, 10, 8, NULL, 'img/10/07_1.jpg'),
(277, 10, 8, NULL, 'img/10/07_2.jpg'),
(278, 10, 8, NULL, 'img/10/07_3.jpg'),
(279, 10, 8, NULL, 'img/10/07_4.jpg'),
(280, 10, 8, NULL, 'img/10/07_5.jpg'),
(281, 10, 6, NULL, 'img/10/08_1.jpg'),
(282, 10, 6, NULL, 'img/10/08_2.jpg'),
(283, 10, 6, NULL, 'img/10/08_3.jpg'),
(284, 10, 6, NULL, 'img/10/09_1.jpg'),
(285, 10, 6, NULL, 'img/10/09_2.jpg'),
(286, 10, 5, NULL, 'img/10/10_1.jpg'),
(287, 10, 5, NULL, 'img/10/10_2.jpg'),
(288, 10, 5, NULL, 'img/10/10_3.jpg'),
(289, 10, 4, NULL, 'img/10/11_1.jpg'),
(290, 10, 4, NULL, 'img/10/11_2.jpg'),
(291, 10, 7, NULL, 'img/10/12_1.jpg'),
(292, 10, 7, NULL, 'img/10/12_2.jpg'),
(293, 10, 7, NULL, 'img/10/12_3.jpg'),
(294, 10, 7, NULL, 'img/10/12_4.jpg'),
(295, 10, 9, NULL, 'img/10/12_5.jpg'),
(296, 10, 7, NULL, 'img/10/13_1.jpg'),
(297, 10, 7, NULL, 'img/10/13_2.jpg'),
(453, 1, 1, NULL, 'img/1/01_0246.jpg'),
(454, 1, 1, NULL, 'img/1/01_10806.jpg'),
(455, 1, 1, NULL, 'img/1/02_0140.jpg'),
(456, 1, 2, NULL, 'img/1/03_0116.jpg'),
(457, 1, 1, NULL, 'img/1/03_0318.jpg'),
(458, 1, 2, NULL, 'img/1/04_5834.jpg'),
(459, 1, 2, NULL, 'img/1/05_5758.jpg'),
(460, 1, 4, NULL, 'img/1/05_5851.jpg'),
(461, 1, 3, NULL, 'img/1/06_20210702.jpg'),
(462, 1, 9, NULL, 'img/1/06_5521.jpg'),
(463, 1, 9, NULL, 'img/1/06_5537.jpg'),
(464, 1, 8, NULL, 'img/1/07_1057.jpg'),
(465, 1, 8, NULL, 'img/1/07_105721.jpg'),
(466, 1, 8, NULL, 'img/1/07_1138.jpg'),
(467, 1, 8, NULL, 'img/1/07_5728.jpg'),
(468, 1, 6, NULL, 'img/1/08_0010.jpg'),
(469, 1, 6, NULL, 'img/1/08_0036.jpg'),
(470, 1, 6, NULL, 'img/1/09_5953.jpg'),
(471, 1, 5, NULL, 'img/1/10_10949.jpg'),
(472, 1, 4, NULL, 'img/1/11_105419.jpg'),
(473, 1, 7, NULL, 'img/1/11_111218.jpg'),
(474, 1, 7, NULL, 'img/1/12_105358.jpg'),
(475, 1, 7, NULL, 'img/1/12_105441.jpg'),
(476, 1, 7, NULL, 'img/1/12_110929.jpg'),
(523, 11, 1, NULL, 'img/11/01_1.jpg'),
(524, 11, 1, NULL, 'img/11/02_2.jpg'),
(525, 11, 9, NULL, 'img/11/02_3.jpg'),
(526, 11, 1, NULL, 'img/11/03_3.jpg'),
(527, 11, 9, NULL, 'img/11/03_4.jpg'),
(528, 11, 9, NULL, 'img/11/03_5.jpg'),
(529, 11, 2, NULL, 'img/11/04_6.jpg'),
(530, 11, 2, NULL, 'img/11/05_7.jpg'),
(531, 11, 3, NULL, 'img/11/06_10.jpg'),
(532, 11, 3, NULL, 'img/11/06_8.jpg'),
(533, 11, 3, NULL, 'img/11/06_9.jpg'),
(534, 11, 8, NULL, 'img/11/07_11.jpg'),
(535, 11, 6, NULL, 'img/11/08_12.jpg'),
(536, 11, 6, NULL, 'img/11/08_13.jpg'),
(537, 11, 5, NULL, 'img/11/10_14.jpg'),
(538, 11, 4, NULL, 'img/11/11_15.JPG'),
(539, 11, 7, NULL, 'img/11/12_16.jpg'),
(540, 11, 7, NULL, 'img/11/12_17.jpg'),
(541, 11, 7, NULL, 'img/11/12_18.jpg'),
(542, 11, 7, NULL, 'img/11/12_19.jpg'),
(543, 11, 7, NULL, 'img/11/12_20.jpg'),
(544, 11, 7, NULL, 'img/11/12_21.jpg'),
(545, 11, 7, NULL, 'img/11/13_22.jpg'),
(546, 12, 1, NULL, 'img/12/01_1.jpg'),
(547, 12, 9, NULL, 'img/12/01_2.jpg'),
(548, 12, 9, NULL, 'img/12/01_3.jpg'),
(549, 12, 9, NULL, 'img/12/01_4.jpg'),
(550, 12, 1, NULL, 'img/12/01_5.jpg'),
(551, 12, 1, NULL, 'img/12/02_1.jpg'),
(552, 12, 1, NULL, 'img/12/03_1.jpg'),
(553, 12, 2, NULL, 'img/12/04_1.jpg'),
(554, 12, 2, NULL, 'img/12/05_1.jpg'),
(555, 12, 4, NULL, 'img/12/05_2.jpg'),
(556, 12, 3, NULL, 'img/12/06_1.jpg'),
(557, 12, 3, NULL, 'img/12/06_2.jpg'),
(558, 12, 3, NULL, 'img/12/06_3.jpg'),
(559, 12, 8, NULL, 'img/12/07_1.jpg'),
(560, 12, 8, NULL, 'img/12/07_2.jpg'),
(561, 12, 6, NULL, 'img/12/08_1.jpg'),
(562, 12, 6, NULL, 'img/12/08_2.jpg'),
(563, 12, 11, NULL, 'img/12/08_3.jpg'),
(564, 12, 11, NULL, 'img/12/08_4.jpg'),
(565, 12, 6, NULL, 'img/12/08_5.jpg'),
(566, 12, 6, NULL, 'img/12/08_6.jpg'),
(567, 12, 6, NULL, 'img/12/08_7.jpg'),
(568, 12, 6, NULL, 'img/12/09_1.jpg'),
(569, 12, 6, NULL, 'img/12/09_2.jpg'),
(570, 12, 5, NULL, 'img/12/10_1.jpg'),
(571, 12, 5, NULL, 'img/12/10_2.jpg'),
(572, 12, 5, NULL, 'img/12/10_3.jpg'),
(573, 12, 5, NULL, 'img/12/10_4.jpg'),
(574, 12, 5, NULL, 'img/12/10_5.jpg'),
(575, 12, 5, NULL, 'img/12/10_6.jpg'),
(576, 12, 4, NULL, 'img/12/11_1.jpg'),
(577, 12, 4, NULL, 'img/12/11_2.jpg'),
(578, 12, 4, NULL, 'img/12/11_3.jpg'),
(579, 12, 7, NULL, 'img/12/12_1.jpg'),
(580, 12, 7, NULL, 'img/12/12_2.jpg'),
(581, 12, 7, NULL, 'img/12/12_3.jpg'),
(582, 12, 7, NULL, 'img/12/12_4.jpg'),
(583, 12, 7, NULL, 'img/12/13_1.jpg'),
(584, 12, 7, NULL, 'img/12/13_2.jpg'),
(585, 12, 7, NULL, 'img/12/13_3.jpg'),
(586, 12, 7, NULL, 'img/12/13_4.jpg'),
(587, 13, 11, NULL, 'img/13/01_1.jpg'),
(588, 13, 1, NULL, 'img/13/01_2.jpg'),
(589, 13, 1, NULL, 'img/13/01_3.jpg'),
(590, 13, 1, NULL, 'img/13/02_4.jpg'),
(591, 13, 2, NULL, 'img/13/03_10.jpg'),
(592, 13, 2, NULL, 'img/13/03_11.jpg'),
(593, 13, 2, NULL, 'img/13/03_12.jpg'),
(594, 13, 2, NULL, 'img/13/03_5.jpg'),
(595, 13, 11, NULL, 'img/13/03_6.jpg'),
(596, 13, 9, NULL, 'img/13/03_7.jpg'),
(597, 13, 11, NULL, 'img/13/03_8.jpg'),
(598, 13, 2, NULL, 'img/13/03_9.jpg'),
(599, 13, 2, NULL, 'img/13/04_13.jpg'),
(600, 13, 2, NULL, 'img/13/04_14.jpg'),
(601, 13, 4, NULL, 'img/13/05_15.jpg'),
(602, 13, 4, NULL, 'img/13/05_16.jpg'),
(603, 13, 2, NULL, 'img/13/05_17.jpg'),
(604, 13, 3, NULL, 'img/13/06_18.jpg'),
(605, 13, 3, NULL, 'img/13/06_19.jpg'),
(606, 13, 3, NULL, 'img/13/06_20.jpg'),
(607, 13, 11, NULL, 'img/13/07_21.jpg'),
(608, 13, 8, NULL, 'img/13/07_22.jpg'),
(609, 13, 8, NULL, 'img/13/07_23.jpg'),
(610, 13, 8, NULL, 'img/13/07_24.jpg'),
(611, 13, 6, NULL, 'img/13/08_25.jpg'),
(612, 13, 6, NULL, 'img/13/08_26.jpg'),
(613, 13, 6, NULL, 'img/13/08_27.jpg'),
(614, 13, 6, NULL, 'img/13/08_28.jpg'),
(615, 13, 6, NULL, 'img/13/08_29.jpg'),
(616, 13, 6, NULL, 'img/13/08_30.jpg'),
(617, 13, 6, NULL, 'img/13/08_31.jpg'),
(618, 13, 6, NULL, 'img/13/08_32.jpg'),
(619, 13, 6, NULL, 'img/13/08_33.jpg'),
(620, 13, 5, NULL, 'img/13/10_37.jpg'),
(621, 13, 5, NULL, 'img/13/10_38.jpg'),
(622, 13, 5, NULL, 'img/13/10_39.jpg'),
(623, 13, 8, NULL, 'img/13/10_40.jpg'),
(624, 13, 8, NULL, 'img/13/10_41.jpg'),
(625, 13, 8, NULL, 'img/13/10_42.jpg'),
(626, 13, 5, NULL, 'img/13/10_43.jpg'),
(627, 13, 5, NULL, 'img/13/10_44.jpg'),
(628, 13, 4, NULL, 'img/13/11_45.jpg'),
(629, 13, 4, NULL, 'img/13/11_46.jpg'),
(630, 13, 7, NULL, 'img/13/12_47.jpg'),
(631, 13, 7, NULL, 'img/13/12_48.jpg'),
(632, 13, 7, NULL, 'img/13/12_49.jpg'),
(633, 13, 7, NULL, 'img/13/13_50.jpg'),
(634, 13, 7, NULL, 'img/13/13_51.jpg'),
(635, 14, 1, NULL, 'img/14/01_01.jpg'),
(636, 14, 1, NULL, 'img/14/01_02.jpg'),
(637, 14, 1, NULL, 'img/14/02_01.jpg'),
(638, 14, 2, NULL, 'img/14/04_01.jpg'),
(639, 14, 2, NULL, 'img/14/05_01.jpg'),
(640, 14, 3, NULL, 'img/14/06_01.jpg'),
(641, 14, 8, NULL, 'img/14/07_01.jpg'),
(642, 14, 8, NULL, 'img/14/07_02.jpg'),
(643, 14, 8, NULL, 'img/14/07_03.jpg'),
(644, 14, 8, NULL, 'img/14/07_04.jpg'),
(645, 14, 6, NULL, 'img/14/08_01.jpg'),
(646, 14, 11, NULL, 'img/14/08_02.jpg'),
(647, 14, 6, NULL, 'img/14/09_01.jpg'),
(648, 14, 5, NULL, 'img/14/10_01.jpg'),
(649, 14, 5, NULL, 'img/14/10_02.jpg'),
(650, 14, 4, NULL, 'img/14/11_01.jpg'),
(651, 14, 7, NULL, 'img/14/12_01.jpg'),
(652, 14, 7, NULL, 'img/14/12_02.jpg'),
(653, 14, 7, NULL, 'img/14/12_03.jpg'),
(654, 14, 7, NULL, 'img/14/12_04.jpg'),
(655, 14, 7, NULL, 'img/14/12_05.jpg'),
(656, 14, 7, NULL, 'img/14/13_01.jpg'),
(657, 14, 7, NULL, 'img/14/13_02.jpg'),
(658, 14, 7, NULL, 'img/14/13_03.jpg'),
(659, 14, 7, NULL, 'img/14/13_04.jpg'),
(660, 15, 1, NULL, 'img/15/01_1.jpg'),
(661, 15, 1, NULL, 'img/15/01_2.jpg'),
(662, 15, 1, NULL, 'img/15/02_4.jpg'),
(663, 15, 9, NULL, 'img/15/03_05.jpg'),
(664, 15, 9, NULL, 'img/15/03_06.jpg'),
(665, 15, 9, NULL, 'img/15/03_2.jpg'),
(666, 15, 2, NULL, 'img/15/03_3.jpg'),
(667, 15, 2, NULL, 'img/15/04.jpg'),
(668, 15, 2, NULL, 'img/15/05.jpg'),
(669, 15, 3, NULL, 'img/15/06_1.jpg'),
(670, 15, 9, NULL, 'img/15/06_2.jpg'),
(671, 15, 3, NULL, 'img/15/06_3.jpg'),
(672, 15, 8, NULL, 'img/15/07_01.jpg'),
(673, 15, 8, NULL, 'img/15/07_02.jpg'),
(674, 15, 8, NULL, 'img/15/07_03.jpg'),
(675, 15, 6, NULL, 'img/15/08.jpg'),
(676, 15, 11, NULL, 'img/15/08_1.jpg'),
(677, 15, 11, NULL, 'img/15/08_2.jpg'),
(678, 15, 11, NULL, 'img/15/08_3.jpg'),
(679, 15, 11, NULL, 'img/15/08_4.jpg'),
(680, 15, 11, NULL, 'img/15/08_5.jpg'),
(681, 15, 6, NULL, 'img/15/09.jpg'),
(682, 15, 5, NULL, 'img/15/10.jpg'),
(683, 15, 5, NULL, 'img/15/10_0.jpg'),
(684, 15, 9, NULL, 'img/15/10_1.jpg'),
(685, 15, 5, NULL, 'img/15/10_2.jpg'),
(686, 15, 5, NULL, 'img/15/10_2_1.jpg'),
(687, 15, 8, NULL, 'img/15/10_3.jpg'),
(688, 15, 8, NULL, 'img/15/10_3_1.jpg'),
(689, 15, 4, NULL, 'img/15/11_1.jpg'),
(690, 15, 9, NULL, 'img/15/12_1.jpg'),
(691, 15, 7, NULL, 'img/15/12_16_1.jpg'),
(692, 15, 9, NULL, 'img/15/12_16_2.jpg'),
(693, 15, 7, NULL, 'img/15/12_17.jpg'),
(694, 15, 7, NULL, 'img/15/12_19.jpg'),
(695, 15, 11, NULL, 'img/15/13_1.jpg'),
(696, 15, 11, NULL, 'img/15/13_2.jpg'),
(747, 16, 11, NULL, 'img/16/01_21.jpg'),
(748, 16, 1, NULL, 'img/16/02_09.jpg'),
(749, 16, 1, NULL, 'img/16/03_10.jpg'),
(750, 16, 2, NULL, 'img/16/03_18.jpg'),
(751, 16, 2, NULL, 'img/16/03_22.jpg'),
(752, 16, 1, NULL, 'img/16/03_25.jpg'),
(753, 16, 2, NULL, 'img/16/04_15.jpg'),
(754, 16, 2, NULL, 'img/16/04_16.jpg'),
(755, 16, 2, NULL, 'img/16/05_14.jpg'),
(756, 16, 2, NULL, 'img/16/05_20.jpg'),
(757, 16, 2, NULL, 'img/16/05_5.jpg'),
(758, 16, 8, NULL, 'img/16/07_11.jpg'),
(759, 16, 8, NULL, 'img/16/07_12.jpg'),
(760, 16, 6, NULL, 'img/16/08_1.jpg'),
(761, 16, 6, NULL, 'img/16/08_2.jpg'),
(762, 16, 7, NULL, 'img/16/09_3.jpg'),
(763, 16, 5, NULL, 'img/16/10_6.jpg'),
(764, 16, 5, NULL, 'img/16/10_7.jpg'),
(765, 16, 3, NULL, 'img/16/10_8.jpg'),
(766, 16, 4, NULL, 'img/16/11_13.jpg'),
(767, 16, 9, NULL, 'img/16/12_17.jpg'),
(768, 16, 9, NULL, 'img/16/12_18.jpg'),
(769, 16, 9, NULL, 'img/16/12_19.jpg'),
(770, 16, 9, NULL, 'img/16/12_24.jpg'),
(771, 16, 9, NULL, 'img/16/13_4.jpg'),
(857, 17, 1, NULL, 'img/17/01_1.jpg'),
(858, 17, 9, NULL, 'img/17/01_2.jpg'),
(859, 17, 9, NULL, 'img/17/01_3.jpg'),
(860, 17, 9, NULL, 'img/17/01_4.jpg'),
(861, 17, 9, NULL, 'img/17/01_5.jpg'),
(862, 17, 1, NULL, 'img/17/02_1.jpg'),
(863, 17, 1, NULL, 'img/17/03_1.jpg'),
(864, 17, 2, NULL, 'img/17/03_2.jpg'),
(865, 17, 2, NULL, 'img/17/03_3.jpg'),
(866, 17, 2, NULL, 'img/17/04_1.jpg'),
(867, 17, 2, NULL, 'img/17/04_2.jpg'),
(868, 17, 2, NULL, 'img/17/05_1.jpg'),
(869, 17, 4, NULL, 'img/17/05_2.jpg'),
(870, 17, 4, NULL, 'img/17/05_3.jpg'),
(871, 17, 3, NULL, 'img/17/06_1.jpg'),
(872, 17, 3, NULL, 'img/17/06_2.jpg'),
(873, 17, 3, NULL, 'img/17/06_3.jpg'),
(874, 17, 3, NULL, 'img/17/06_4.jpg'),
(875, 17, 8, NULL, 'img/17/07_01.jpg'),
(876, 17, 8, NULL, 'img/17/07_2.jpg'),
(877, 17, 8, NULL, 'img/17/07_3.jpg'),
(878, 17, 11, NULL, 'img/17/07_4.jpg'),
(879, 17, 6, NULL, 'img/17/08_1.jpg'),
(880, 17, 6, NULL, 'img/17/08_2.jpg'),
(881, 17, 6, NULL, 'img/17/08_3.jpg'),
(882, 17, 6, NULL, 'img/17/08_4.jpg'),
(883, 17, 6, NULL, 'img/17/09_1.jpg'),
(884, 17, 6, NULL, 'img/17/09_2.jpg'),
(885, 17, 5, NULL, 'img/17/10_1.jpg'),
(886, 17, 9, NULL, 'img/17/10_2.jpg'),
(887, 17, 9, NULL, 'img/17/10_4.jpg'),
(888, 17, 11, NULL, 'img/17/10_5.jpg'),
(889, 17, 11, NULL, 'img/17/10_6.jpg'),
(890, 17, 5, NULL, 'img/17/10_7.jpg'),
(891, 17, 4, NULL, 'img/17/11_1.jpg'),
(892, 17, 7, NULL, 'img/17/12_1.jpg'),
(893, 17, 7, NULL, 'img/17/12_2.jpg'),
(894, 17, 7, NULL, 'img/17/12_3.jpg'),
(895, 18, 1, NULL, 'img/18/01_1.jpg'),
(896, 18, 1, NULL, 'img/18/02_2.JPG'),
(897, 18, 1, NULL, 'img/18/03_3.jpg'),
(898, 18, 2, NULL, 'img/18/04_4.jpg'),
(899, 18, 2, NULL, 'img/18/05_5.jpg'),
(900, 18, 3, NULL, 'img/18/06_6.jpg'),
(901, 18, 8, NULL, 'img/18/07_7.jpg'),
(902, 18, 6, NULL, 'img/18/08_8.jpg'),
(903, 18, 6, NULL, 'img/18/09_9.jpg'),
(904, 18, 5, NULL, 'img/18/10_10.jpg'),
(905, 18, 5, NULL, 'img/18/10_11.jpg'),
(906, 18, 5, NULL, 'img/18/10_12.jpg'),
(907, 18, 4, NULL, 'img/18/11_13.jpg'),
(908, 18, 7, NULL, 'img/18/12_14.jpg'),
(909, 18, 7, NULL, 'img/18/12_15.jpg'),
(910, 18, 9, NULL, 'img/18/13_16.jpg'),
(911, 18, 11, NULL, 'img/18/13_17.jpg'),
(912, 18, 7, NULL, 'img/18/13_18.jpg'),
(913, 19, 1, NULL, 'img/19/01_1.jpg'),
(914, 19, 1, NULL, 'img/19/01_2.jpg'),
(915, 19, 1, NULL, 'img/19/02_3.jpg'),
(916, 19, 1, NULL, 'img/19/03_4.jpg'),
(917, 19, 1, NULL, 'img/19/03_5.jpg'),
(918, 19, 2, NULL, 'img/19/04_6.jpg'),
(919, 19, 7, NULL, 'img/19/05_7.jpg'),
(920, 19, 3, NULL, 'img/19/06_10.jpg'),
(921, 19, 3, NULL, 'img/19/06_11.jpg'),
(922, 19, 3, NULL, 'img/19/06_8.jpg'),
(923, 19, 3, NULL, 'img/19/06_9.jpg'),
(924, 19, 8, NULL, 'img/19/07_12.jpg'),
(925, 19, 8, NULL, 'img/19/07_13.jpg'),
(926, 19, 8, NULL, 'img/19/07_14.jpg'),
(927, 19, 6, NULL, 'img/19/08_15.jpg'),
(928, 19, 9, NULL, 'img/19/08_16.jpg'),
(929, 19, 6, NULL, 'img/19/09_17.jpg'),
(930, 19, 5, NULL, 'img/19/10_18.jpg'),
(931, 19, 5, NULL, 'img/19/10_19.jpg'),
(932, 19, 11, NULL, 'img/19/10_20.jpg'),
(933, 19, 3, NULL, 'img/19/10_21.jpg'),
(934, 19, 4, NULL, 'img/19/11_22.jpg'),
(935, 19, 7, NULL, 'img/19/12_23.jpg'),
(936, 19, 7, NULL, 'img/19/12_24.jpg'),
(937, 19, 7, NULL, 'img/19/12_25.jpg'),
(938, 19, 9, NULL, 'img/19/12_26.jpg'),
(939, 19, 9, NULL, 'img/19/12_27.jpg'),
(940, 19, 11, NULL, 'img/19/12_28.jpg'),
(941, 19, 8, NULL, 'img/19/12_29.jpg'),
(942, 19, 11, NULL, 'img/19/12_30.jpg'),
(943, 19, 11, NULL, 'img/19/12_31.jpg'),
(944, 20, 1, NULL, 'img/20/01_1.jpg'),
(945, 20, 1, NULL, 'img/20/02_2.jpg'),
(946, 20, 1, NULL, 'img/20/03_3.jpg'),
(947, 20, 2, NULL, 'img/20/04_4.jpg'),
(948, 20, 2, NULL, 'img/20/05_5.jpg'),
(949, 20, 3, NULL, 'img/20/06_6.jpg'),
(950, 20, 9, NULL, 'img/20/06_7.jpg'),
(951, 20, 9, NULL, 'img/20/06_8.jpg'),
(952, 20, 8, NULL, 'img/20/07_10.jpg'),
(953, 20, 8, NULL, 'img/20/07_11.jpg'),
(954, 20, 8, NULL, 'img/20/07_9.jpg'),
(955, 20, 6, NULL, 'img/20/08_12.jpg'),
(956, 20, 6, NULL, 'img/20/09_13.jpg'),
(957, 20, 5, NULL, 'img/20/10_14.jpg'),
(958, 20, 4, NULL, 'img/20/10_15.jpg'),
(959, 20, 4, NULL, 'img/20/10_16.jpg'),
(960, 20, 4, NULL, 'img/20/10_17.jpg'),
(961, 20, 4, NULL, 'img/20/11_18.jpg'),
(962, 20, 7, NULL, 'img/20/12_19.jpg'),
(963, 20, 7, NULL, 'img/20/12_20.jpg'),
(964, 20, 7, NULL, 'img/20/13_21.jpg'),
(983, 21, 1, NULL, 'img/21/01_1.jpg'),
(984, 21, 1, NULL, 'img/21/02_2.jpg'),
(985, 21, 1, NULL, 'img/21/03_3.jpg'),
(986, 21, 2, NULL, 'img/21/04_4.jpg'),
(987, 21, 2, NULL, 'img/21/05_5.jpg'),
(988, 21, 3, NULL, 'img/21/06_6.jpg'),
(989, 21, 8, NULL, 'img/21/07_7.jpg'),
(990, 21, 8, NULL, 'img/21/07_8.jpg'),
(991, 21, 6, NULL, 'img/21/08_10.jpg'),
(992, 21, 6, NULL, 'img/21/08_11.jpg'),
(993, 21, 6, NULL, 'img/21/08_9.jpg'),
(994, 21, 6, NULL, 'img/21/09_12.jpg'),
(995, 21, 5, NULL, 'img/21/10_13.jpg'),
(996, 21, 5, NULL, 'img/21/10_14.jpg'),
(997, 21, 9, NULL, 'img/21/10_15.jpg'),
(998, 21, 4, NULL, 'img/21/11_16.jpg'),
(999, 21, 7, NULL, 'img/21/12_17.jpg'),
(1000, 21, 7, NULL, 'img/21/12_18.jpg'),
(1001, 21, 7, NULL, 'img/21/12_19.jpg'),
(1002, 21, 7, NULL, 'img/21/12_20.jpg'),
(1003, 21, 7, NULL, 'img/21/12_21.jpg'),
(1004, 21, 7, NULL, 'img/21/13_22.jpg'),
(1005, 21, 7, NULL, 'img/21/13_23.jpg'),
(1006, 22, 9, NULL, 'img/22/01_.jpeg'),
(1007, 22, 9, NULL, 'img/22/01__.jpeg'),
(1008, 22, 1, NULL, 'img/22/02_.jpeg'),
(1009, 22, 2, NULL, 'img/22/03_.jpeg'),
(1010, 22, 2, NULL, 'img/22/04_.jpeg'),
(1011, 22, 4, NULL, 'img/22/05_.jpeg'),
(1012, 22, 3, NULL, 'img/22/06_.jpeg'),
(1013, 22, 8, NULL, 'img/22/07_.jpeg'),
(1014, 22, 6, NULL, 'img/22/08_.jpeg'),
(1015, 22, 6, NULL, 'img/22/09_.jpeg'),
(1016, 22, 5, NULL, 'img/22/10_.jpeg'),
(1017, 22, 5, NULL, 'img/22/10__.jpeg'),
(1018, 22, 4, NULL, 'img/22/11_.jpeg'),
(1019, 22, 7, NULL, 'img/22/12_.jpeg'),
(1020, 22, 7, NULL, 'img/22/12__.jpeg'),
(1021, 22, 7, NULL, 'img/22/12___.jpeg'),
(1022, 22, 7, NULL, 'img/22/13_.jpeg'),
(1023, 23, 1, NULL, 'img/23/01_1.jpg'),
(1024, 23, 9, NULL, 'img/23/01_2.jpg'),
(1025, 23, 11, NULL, 'img/23/01_3.jpg'),
(1026, 23, 11, NULL, 'img/23/01_4.jpg'),
(1027, 23, 1, NULL, 'img/23/02_5.jpg'),
(1028, 23, 11, NULL, 'img/23/03_6.jpg'),
(1029, 23, 2, NULL, 'img/23/03_7.jpg'),
(1030, 23, 11, NULL, 'img/23/03_8.jpg'),
(1031, 23, 2, NULL, 'img/23/04_10.jpg'),
(1032, 23, 2, NULL, 'img/23/04_11.jpg'),
(1033, 23, 2, NULL, 'img/23/04_9.jpg'),
(1034, 23, 4, NULL, 'img/23/05_12.jpg'),
(1035, 23, 4, NULL, 'img/23/05_13.jpg'),
(1036, 23, 3, NULL, 'img/23/06_14.jpg'),
(1037, 23, 9, NULL, 'img/23/06_15.jpg'),
(1038, 23, 8, NULL, 'img/23/07_16.jpg'),
(1039, 23, 9, NULL, 'img/23/07_17.jpg'),
(1040, 23, 8, NULL, 'img/23/07_18.jpg'),
(1041, 23, 9, NULL, 'img/23/07_19.jpg'),
(1042, 23, 6, NULL, 'img/23/08_20.jpg'),
(1043, 23, 6, NULL, 'img/23/08_21.jpg'),
(1044, 23, 6, NULL, 'img/23/08_22.jpg'),
(1045, 23, 6, NULL, 'img/23/09_23.jpg'),
(1046, 23, 5, NULL, 'img/23/10_24.jpg'),
(1047, 23, 5, NULL, 'img/23/10_25.jpg'),
(1048, 23, 5, NULL, 'img/23/10_26.jpg'),
(1049, 23, 5, NULL, 'img/23/10_27.jpg'),
(1050, 23, 4, NULL, 'img/23/11_28.jpg'),
(1051, 23, 4, NULL, 'img/23/11_29.jpg'),
(1052, 23, 7, NULL, 'img/23/12_30.jpg'),
(1053, 23, 4, NULL, 'img/23/12_31.jpg'),
(1054, 23, 7, NULL, 'img/23/12_32.jpg'),
(1055, 23, 7, NULL, 'img/23/12_33.jpg'),
(1056, 23, 9, NULL, 'img/23/12_34.jpg'),
(1057, 23, 7, NULL, 'img/23/13_35.jpg'),
(1058, 23, 7, NULL, 'img/23/13_36.jpg'),
(1059, 23, 7, NULL, 'img/23/13_37.jpg'),
(1060, 24, 1, NULL, 'img/24/01_1.jpeg'),
(1061, 24, 1, NULL, 'img/24/02_2.jpeg'),
(1062, 24, 2, NULL, 'img/24/03_3.jpeg'),
(1063, 24, 2, NULL, 'img/24/03_4.jpeg'),
(1064, 24, 2, NULL, 'img/24/04_5.jpeg'),
(1065, 24, 2, NULL, 'img/24/05_6.jpeg'),
(1066, 24, 3, NULL, 'img/24/06_7.jpeg'),
(1067, 24, 8, NULL, 'img/24/07_8.jpeg'),
(1068, 24, 7, NULL, 'img/24/08_10.jpeg'),
(1069, 24, 6, NULL, 'img/24/08_11.jpeg'),
(1070, 24, 6, NULL, 'img/24/08_9.jpeg'),
(1071, 24, 6, NULL, 'img/24/09_12.jpeg'),
(1072, 24, 5, NULL, 'img/24/10_13.jpeg'),
(1073, 24, 5, NULL, 'img/24/10_14.jpeg'),
(1074, 24, 5, NULL, 'img/24/10_15.jpeg'),
(1075, 24, 4, NULL, 'img/24/11_16.jpg'),
(1076, 24, 7, NULL, 'img/24/12_17.jpeg'),
(1077, 24, 7, NULL, 'img/24/12_18.jpeg'),
(1078, 24, 9, NULL, 'img/24/12_19.jpeg'),
(1079, 28, 1, NULL, 'img/28/01_2226.JPG'),
(1080, 28, 1, NULL, 'img/28/02_2227.JPG'),
(1081, 28, 1, NULL, 'img/28/03_2228.JPG'),
(1082, 28, 2, NULL, 'img/28/04_2230.JPG'),
(1083, 28, 2, NULL, 'img/28/05_2231.JPG'),
(1084, 28, 3, NULL, 'img/28/06_2233.JPG'),
(1085, 28, 8, NULL, 'img/28/07_2236.JPG'),
(1086, 28, 6, NULL, 'img/28/08_2251.JPG'),
(1087, 28, 7, NULL, 'img/28/09_2250.JPG'),
(1088, 28, 4, NULL, 'img/28/10_2258.JPG'),
(1089, 28, 4, NULL, 'img/28/11_2245.JPG'),
(1090, 28, 7, NULL, 'img/28/12_2247.JPG'),
(1091, 28, 7, NULL, 'img/28/13_2264.JPG'),
(1092, 29, 1, NULL, 'img/29/01_1.jpg.jpg'),
(1093, 29, 9, NULL, 'img/29/01_2.jpg.jpg'),
(1094, 29, 11, NULL, 'img/29/01_3.jpg.jpg'),
(1095, 29, 9, NULL, 'img/29/01_4.jpg.jpg'),
(1096, 29, 9, NULL, 'img/29/01_5.jpg.jpg'),
(1097, 29, 9, NULL, 'img/29/01_6.jpg.jpg'),
(1098, 29, 9, NULL, 'img/29/01_7.jpg.jpg'),
(1099, 29, 11, NULL, 'img/29/01_8.jpg.jpg'),
(1100, 29, 1, NULL, 'img/29/02_9.jpg.jpg'),
(1101, 29, 2, NULL, 'img/29/03_10.jpg.jpg'),
(1102, 29, 2, NULL, 'img/29/04_11.jpg.jpg'),
(1103, 29, 2, NULL, 'img/29/05_12.jpg.jpg'),
(1104, 29, 3, NULL, 'img/29/06_13.jpg.jpg'),
(1105, 29, 3, NULL, 'img/29/06_14.jpg.jpg'),
(1106, 29, 3, NULL, 'img/29/06_15.jpg.jpg'),
(1107, 29, 8, NULL, 'img/29/07_16.jpg.jpg'),
(1108, 29, 6, NULL, 'img/29/08_17.jpg.jpg'),
(1109, 29, 6, NULL, 'img/29/08_18.jpg.jpg'),
(1110, 29, 6, NULL, 'img/29/08_19.jpg.jpg'),
(1111, 29, 6, NULL, 'img/29/09_20.jpg.jpg'),
(1112, 29, 5, NULL, 'img/29/10_21.jpg.jpg'),
(1113, 29, 5, NULL, 'img/29/10_22.jpg.jpg'),
(1114, 29, 9, NULL, 'img/29/10_23.jpg.jpg'),
(1115, 29, 9, NULL, 'img/29/10_24.jpg.jpg'),
(1116, 29, 7, NULL, 'img/29/12_356.jpg.jpg'),
(1117, 29, 7, NULL, 'img/29/12_357.jpg.jpg'),
(1118, 29, 7, NULL, 'img/29/12_358.jpg.jpg'),
(1119, 29, 7, NULL, 'img/29/13_356..jpg'),
(1120, 29, 7, NULL, 'img/29/13_356.jpg.jpg'),
(1121, 29, 7, NULL, 'img/29/13_359.jpg'),
(1122, 31, 1, NULL, 'img/31/01_01.jpg'),
(1123, 31, 9, NULL, 'img/31/01_02.jpg'),
(1124, 31, 9, NULL, 'img/31/01_03.jpg'),
(1125, 31, 9, NULL, 'img/31/01_04.jpg'),
(1126, 31, 9, NULL, 'img/31/01_05.jpg'),
(1127, 31, 1, NULL, 'img/31/02_01.jpg'),
(1128, 31, 2, NULL, 'img/31/03_01.jpg'),
(1129, 31, 2, NULL, 'img/31/04_01.jpg'),
(1130, 31, 2, NULL, 'img/31/05_01.jpg'),
(1131, 31, 4, NULL, 'img/31/06_01.jpg'),
(1132, 31, 3, NULL, 'img/31/06_02.jpg'),
(1133, 31, 3, NULL, 'img/31/06_03.jpg'),
(1134, 31, 3, NULL, 'img/31/06_04.jpg'),
(1135, 31, 9, NULL, 'img/31/06_05.jpg'),
(1136, 31, 8, NULL, 'img/31/07_01.jpg'),
(1137, 31, 8, NULL, 'img/31/07_02.jpg'),
(1138, 31, 6, NULL, 'img/31/08_01.jpg'),
(1139, 31, 6, NULL, 'img/31/08_02.jpg'),
(1140, 31, 6, NULL, 'img/31/08_03.jpg'),
(1141, 31, 6, NULL, 'img/31/08_04.jpg'),
(1142, 31, 6, NULL, 'img/31/09_01.jpg'),
(1143, 31, 5, NULL, 'img/31/10_01.jpg'),
(1144, 31, 5, NULL, 'img/31/10_02.jpg'),
(1145, 31, 4, NULL, 'img/31/11_01.jpg'),
(1146, 31, 9, NULL, 'img/31/12_01.jpg'),
(1147, 31, 9, NULL, 'img/31/12_02.jpg'),
(1148, 31, 9, NULL, 'img/31/12_03.jpg'),
(1149, 31, 9, NULL, 'img/31/13_01.jpg'),
(1150, 31, 11, NULL, 'img/31/13_02.jpg'),
(1151, 31, 7, NULL, 'img/31/13_03.jpg'),
(1152, 32, 11, NULL, 'img/32/01_002.jpg'),
(1153, 32, 11, NULL, 'img/32/01_004.jpg'),
(1154, 32, 11, NULL, 'img/32/01_005.jpg'),
(1155, 32, 11, NULL, 'img/32/01_006.jpg'),
(1156, 32, 11, NULL, 'img/32/01_007.jpg'),
(1157, 32, 1, NULL, 'img/32/02_003.jpg'),
(1158, 32, 1, NULL, 'img/32/03_001.jpg'),
(1159, 32, 2, NULL, 'img/32/04_001.jpg'),
(1160, 32, 2, NULL, 'img/32/04_002.jpg'),
(1161, 32, 2, NULL, 'img/32/05_001.jpg'),
(1162, 32, 2, NULL, 'img/32/05_002.jpg'),
(1163, 32, 3, NULL, 'img/32/06_001.jpg'),
(1164, 32, 3, NULL, 'img/32/06_002.jpg'),
(1165, 32, 8, NULL, 'img/32/07_001.jpg'),
(1166, 32, 8, NULL, 'img/32/07_002.jpg'),
(1167, 32, 8, NULL, 'img/32/07_003.jpg'),
(1168, 32, 8, NULL, 'img/32/07_004.jpg'),
(1169, 32, 6, NULL, 'img/32/08_001.jpg'),
(1170, 32, 6, NULL, 'img/32/08_002.jpg'),
(1171, 32, 6, NULL, 'img/32/08_003.jpg'),
(1172, 32, 6, NULL, 'img/32/09_012.jpg'),
(1173, 32, 5, NULL, 'img/32/10_001.jpg'),
(1174, 32, 5, NULL, 'img/32/10_002.jpg'),
(1175, 32, 4, NULL, 'img/32/11_002.jpg'),
(1176, 32, 4, NULL, 'img/32/11_003.jpg'),
(1177, 32, 4, NULL, 'img/32/11_008.jpg'),
(1178, 32, 7, NULL, 'img/32/12_001.jpg'),
(1179, 32, 7, NULL, 'img/32/12_002.jpg'),
(1180, 32, 7, NULL, 'img/32/12_003.jpg'),
(1181, 33, 1, NULL, 'img/33/01_1.jpg'),
(1182, 33, 9, NULL, 'img/33/01_2.jpg'),
(1183, 33, 9, NULL, 'img/33/01_3.jpg'),
(1184, 33, 9, NULL, 'img/33/01_4.jpg'),
(1185, 33, 9, NULL, 'img/33/01_5.jpg'),
(1186, 33, 1, NULL, 'img/33/02_2.jpg'),
(1187, 33, 1, NULL, 'img/33/03_3.jpg'),
(1188, 33, 2, NULL, 'img/33/03_4.jpg'),
(1189, 33, 2, NULL, 'img/33/03_5.jpg'),
(1190, 33, 2, NULL, 'img/33/04_6.jpg'),
(1191, 33, 2, NULL, 'img/33/05_7.jpg'),
(1192, 33, 3, NULL, 'img/33/06_10.jpg'),
(1193, 33, 3, NULL, 'img/33/06_8.jpg'),
(1194, 33, 3, NULL, 'img/33/06_9.jpg'),
(1195, 33, 8, NULL, 'img/33/07_11.jpg'),
(1196, 33, 8, NULL, 'img/33/07_12.jpg'),
(1197, 33, 8, NULL, 'img/33/07_13.jpg'),
(1198, 33, 6, NULL, 'img/33/08_14.jpg'),
(1199, 33, 6, NULL, 'img/33/08_15.jpg'),
(1200, 33, 6, NULL, 'img/33/08_16.jpg'),
(1201, 33, 6, NULL, 'img/33/09_17.jpg'),
(1202, 33, 5, NULL, 'img/33/10_18.jpg'),
(1203, 33, 5, NULL, 'img/33/10_19.jpg'),
(1204, 33, 5, NULL, 'img/33/10_20.jpg'),
(1205, 33, 4, NULL, 'img/33/11_21.jpg'),
(1206, 33, 4, NULL, 'img/33/11_22.jpg'),
(1207, 33, 7, NULL, 'img/33/12_23.jpg'),
(1208, 33, 7, NULL, 'img/33/12_24.jpg'),
(1209, 33, 7, NULL, 'img/33/12_25.jpg'),
(1210, 33, 7, NULL, 'img/33/13_26.jpg'),
(1211, 33, 7, NULL, 'img/33/13_27.jpg'),
(1212, 34, 1, NULL, 'img/34/01_01.jpg.jpg'),
(1213, 34, 1, NULL, 'img/34/01_02.jpg.jpg'),
(1214, 34, 1, NULL, 'img/34/01_03.jpg.jpg'),
(1215, 34, 9, NULL, 'img/34/01_05.jpg'),
(1216, 34, 9, NULL, 'img/34/01_06.jpg'),
(1217, 34, 11, NULL, 'img/34/01_07.jpg.jpg'),
(1218, 34, 11, NULL, 'img/34/01_08.jpg.jpg'),
(1219, 34, 9, NULL, 'img/34/01_09.jpg.jpg'),
(1220, 34, 9, NULL, 'img/34/01_10.jpg'),
(1221, 34, 9, NULL, 'img/34/01_11.jpg'),
(1222, 34, 9, NULL, 'img/34/01_12.jpg'),
(1223, 34, 1, NULL, 'img/34/02_01.jpg.jpg'),
(1224, 34, 2, NULL, 'img/34/03_01.jpg.jpg'),
(1225, 34, 2, NULL, 'img/34/03_02.jpg.jpg'),
(1226, 34, 2, NULL, 'img/34/03_03.jpg.jpg'),
(1227, 34, 2, NULL, 'img/34/03_04.jpg.jpg'),
(1228, 34, 2, NULL, 'img/34/05_01.jpg.jpg'),
(1229, 34, 3, NULL, 'img/34/06_01.jpg.jpg'),
(1230, 34, 3, NULL, 'img/34/06_02.jpg.jpg'),
(1231, 34, 8, NULL, 'img/34/07_01.jpg.jpg'),
(1232, 34, 8, NULL, 'img/34/07_02.jpg.jpg'),
(1233, 34, 6, NULL, 'img/34/08_01.jpg.jpg'),
(1234, 34, 6, NULL, 'img/34/08_02.jpg.jpg'),
(1235, 34, 6, NULL, 'img/34/08_03.jpg.jpg'),
(1236, 34, 6, NULL, 'img/34/08_04.jpg.jpg'),
(1237, 34, 6, NULL, 'img/34/09_01.jpg.jpg'),
(1238, 34, 6, NULL, 'img/34/09_02.jpg.jpg'),
(1239, 34, 6, NULL, 'img/34/09_03.jpg.jpg'),
(1240, 34, 6, NULL, 'img/34/09_04.jpg.jpg'),
(1241, 34, 5, NULL, 'img/34/10_01.jpg.jpg'),
(1242, 34, 7, NULL, 'img/34/10_02.jpg.jpg'),
(1243, 34, 7, NULL, 'img/34/10_03.jpg.jpg'),
(1244, 34, 5, NULL, 'img/34/10_04.jpg.jpg'),
(1245, 34, 4, NULL, 'img/34/11_01.jpg.jpg'),
(1246, 34, 4, NULL, 'img/34/11_02.jpg.jpg'),
(1247, 34, 7, NULL, 'img/34/12_01.jpg.jpg'),
(1248, 34, 7, NULL, 'img/34/12_02.jpg.jpg'),
(1249, 34, 7, NULL, 'img/34/12_03.jpg.jpg'),
(1250, 34, 7, NULL, 'img/34/12_04.jpg.jpg'),
(1251, 34, 7, NULL, 'img/34/12_05.jpg.jpg'),
(1252, 34, 7, NULL, 'img/34/12_06.jpg.jpg'),
(1253, 34, 7, NULL, 'img/34/12_07.jpg.jpg'),
(1254, 34, 7, NULL, 'img/34/12_08.jpg.jpg'),
(1255, 34, 7, NULL, 'img/34/12_09.jpg.jpg'),
(1256, 34, 4, NULL, 'img/34/13_01.jpg.jpg'),
(1257, 34, 4, NULL, 'img/34/13_02.jpg.jpg'),
(1258, 35, 1, NULL, 'img/35/01_032.jpg.jpg'),
(1259, 35, 1, NULL, 'img/35/02_033.jpg.jpg'),
(1260, 35, 2, NULL, 'img/35/03_034.jpg.jpg'),
(1261, 35, 2, NULL, 'img/35/04_035.jpg.jpg'),
(1262, 35, 4, NULL, 'img/35/05_036.jpg.jpg'),
(1263, 35, 8, NULL, 'img/35/07_037.jpg.jpg'),
(1264, 35, 6, NULL, 'img/35/08_038.jpg.jpg'),
(1265, 35, 7, NULL, 'img/35/09_039.jpg.jpg'),
(1266, 35, 5, NULL, 'img/35/10_040.jpg.jpg'),
(1267, 35, 5, NULL, 'img/35/10_041.jpg.jpg'),
(1268, 35, 4, NULL, 'img/35/11_042.jpg.jpg'),
(1269, 35, 7, NULL, 'img/35/12_043.jpg.jpg'),
(1270, 35, 7, NULL, 'img/35/12_044.jpg.jpg'),
(1271, 35, 7, NULL, 'img/35/12_045.jpg.jpg'),
(1272, 35, 7, NULL, 'img/35/13_046.jpg.jpg'),
(1273, 36, 1, NULL, 'img/36/01_356.jpeg'),
(1274, 36, 1, NULL, 'img/36/02_357.jpeg'),
(1275, 36, 2, NULL, 'img/36/03_358.jpeg'),
(1276, 36, 1, NULL, 'img/36/03_359.jpeg'),
(1277, 36, 2, NULL, 'img/36/04_360.jpeg'),
(1278, 36, 4, NULL, 'img/36/05_361.jpeg'),
(1279, 36, 3, NULL, 'img/36/06_362.jpeg'),
(1280, 36, 3, NULL, 'img/36/06_363.jpeg'),
(1281, 36, 8, NULL, 'img/36/07_364.jpeg'),
(1282, 36, 6, NULL, 'img/36/08_365.jpeg'),
(1283, 36, 6, NULL, 'img/36/09_366.jpeg'),
(1284, 36, 5, NULL, 'img/36/10_367.jpeg'),
(1285, 36, 8, NULL, 'img/36/10_368.jpeg'),
(1286, 36, 8, NULL, 'img/36/10_369.jpeg'),
(1287, 36, 4, NULL, 'img/36/11_370.jpeg'),
(1288, 36, 7, NULL, 'img/36/12_371.jpeg'),
(1289, 36, 7, NULL, 'img/36/12_372.jpeg'),
(1290, 36, 7, NULL, 'img/36/12_373.jpeg'),
(1291, 36, 7, NULL, 'img/36/12_374.jpeg'),
(1292, 36, 7, NULL, 'img/36/13_375.jpeg'),
(1293, 37, 1, NULL, 'img/37/01_IMG_20210701_112230.jpg'),
(1294, 37, 1, NULL, 'img/37/02_IMG_20210701_112024.jpg'),
(1295, 37, 1, NULL, 'img/37/03_IMG_20210701_112107.jpg'),
(1296, 37, 2, NULL, 'img/37/03_IMG_20210701_112134.jpg'),
(1297, 37, 2, NULL, 'img/37/04_IMG_20210701_111436.jpg'),
(1298, 37, 2, NULL, 'img/37/05_IMG_20210701_111848.jpg'),
(1299, 37, 3, NULL, 'img/37/06_IMG_20210701_110643.jpg'),
(1300, 37, 9, NULL, 'img/37/07.1_IMG_20210701_111116.jpg'),
(1301, 37, 9, NULL, 'img/37/07.2_IMG_20210701_111112.jpg'),
(1302, 37, 8, NULL, 'img/37/07.3_IMG_20210701_111138.jpg'),
(1303, 37, 6, NULL, 'img/37/08.1_IMG_20210701_110133.jpg'),
(1304, 37, 6, NULL, 'img/37/08.2_IMG_20210701_110325.jpg'),
(1305, 37, 6, NULL, 'img/37/08.3_IMG_20210701_110223.jpg'),
(1306, 37, 6, NULL, 'img/37/09.1_IMG_20210701_110441.jpg'),
(1307, 37, 6, NULL, 'img/37/09.2_IMG_20210701_110512.jpg'),
(1308, 37, 5, NULL, 'img/37/10.1_IMG_20210701_105653.jpg'),
(1309, 37, 5, NULL, 'img/37/10.2_IMG_20210701_105758.jpg'),
(1310, 37, 5, NULL, 'img/37/10.3_IMG_20210701_105856.jpg'),
(1311, 37, 8, NULL, 'img/37/10.4_IMG_20210701_114740.jpg'),
(1312, 37, 4, NULL, 'img/37/11_IMG_20210701_110723.jpg'),
(1313, 37, 7, NULL, 'img/37/12_IMG_20210701_111243.jpg'),
(1314, 37, 7, NULL, 'img/37/12_IMG_20210701_111558.jpg'),
(1315, 37, 7, NULL, 'img/37/12_IMG_20210701_111638.jpg'),
(1316, 37, 7, NULL, 'img/37/13_IMG_20210701_105601.jpg'),
(1341, 38, 1, NULL, 'img/38/01_1.jpg'),
(1342, 38, 1, NULL, 'img/38/02_2.jpg'),
(1343, 38, 2, NULL, 'img/38/03_3.jpg'),
(1344, 38, 2, NULL, 'img/38/04_4.jpg'),
(1345, 38, 2, NULL, 'img/38/04_5.jpg'),
(1346, 38, 4, NULL, 'img/38/05_6.jpg'),
(1347, 38, 3, NULL, 'img/38/06_7.jpg'),
(1348, 38, 8, NULL, 'img/38/07_8.jpg'),
(1349, 38, 6, NULL, 'img/38/08_9.jpg'),
(1350, 38, 6, NULL, 'img/38/09_10.jpg'),
(1351, 38, 5, NULL, 'img/38/10_11.jpg'),
(1352, 38, 5, NULL, 'img/38/10_12.jpg'),
(1353, 38, 5, NULL, 'img/38/10_13.jpg'),
(1354, 38, 4, NULL, 'img/38/11_14.jpg'),
(1355, 38, 7, NULL, 'img/38/12_15.jpg'),
(1356, 38, 7, NULL, 'img/38/12_16.jpg.jpg'),
(1357, 38, 7, NULL, 'img/38/12_17.jpg'),
(1358, 38, 7, NULL, 'img/38/13_18.jpg'),
(1359, 39, 1, NULL, 'img/39/01_1.jpg'),
(1360, 39, 1, NULL, 'img/39/02_2.jpg'),
(1361, 39, 2, NULL, 'img/39/03_3.jpg'),
(1362, 39, 2, NULL, 'img/39/04_4.jpg'),
(1363, 39, 2, NULL, 'img/39/05_5.jpg'),
(1364, 39, 3, NULL, 'img/39/06_6.jpg'),
(1365, 39, 9, NULL, 'img/39/06_7.jpg'),
(1366, 39, 8, NULL, 'img/39/07_8.jpg'),
(1367, 39, 6, NULL, 'img/39/08_9.jpg'),
(1368, 39, 6, NULL, 'img/39/09_10.jpg'),
(1369, 39, 5, NULL, 'img/39/10_11.jpg'),
(1370, 39, 5, NULL, 'img/39/10_12.jpg'),
(1371, 39, 5, NULL, 'img/39/10_13.jpg'),
(1372, 39, 4, NULL, 'img/39/11_14.jpg'),
(1373, 39, 7, NULL, 'img/39/12_15.jpg'),
(1374, 39, 7, NULL, 'img/39/12_16.jpg'),
(1375, 39, 7, NULL, 'img/39/12_17.jpg'),
(1376, 39, 7, NULL, 'img/39/13_18.jpg'),
(1377, 40, 9, NULL, 'img/40/01_1.jpeg'),
(1378, 40, 11, NULL, 'img/40/01_10.jpeg'),
(1379, 40, 9, NULL, 'img/40/01_2.jpeg'),
(1380, 40, 11, NULL, 'img/40/01_3.jpeg'),
(1381, 40, 9, NULL, 'img/40/01_4.jpeg'),
(1382, 40, 11, NULL, 'img/40/01_5.jpeg'),
(1383, 40, 11, NULL, 'img/40/01_6.jpeg'),
(1384, 40, 11, NULL, 'img/40/01_7.jpeg'),
(1385, 40, 9, NULL, 'img/40/01_8.jpeg'),
(1386, 40, 11, NULL, 'img/40/01_9.jpeg'),
(1387, 40, 1, NULL, 'img/40/02_1.jpeg'),
(1388, 40, 2, NULL, 'img/40/03_1.jpeg'),
(1389, 40, 2, NULL, 'img/40/04_1.jpeg'),
(1390, 40, 2, NULL, 'img/40/05_1.jpeg'),
(1391, 40, 3, NULL, 'img/40/06_1.jpeg'),
(1392, 40, 3, NULL, 'img/40/06_2.jpeg'),
(1393, 40, 3, NULL, 'img/40/06_3.jpeg'),
(1394, 40, 8, NULL, 'img/40/07_1.jpeg'),
(1395, 40, 5, NULL, 'img/40/10_1.jpeg'),
(1396, 40, 5, NULL, 'img/40/10_2.jpeg'),
(1397, 40, 4, NULL, 'img/40/11_1.jpeg'),
(1398, 40, 7, NULL, 'img/40/12_1.jpeg'),
(1399, 40, 7, NULL, 'img/40/12_2.jpeg'),
(1400, 40, 7, NULL, 'img/40/13_1.jpeg'),
(1401, 40, 9, NULL, 'img/40/13_2.jpeg'),
(1402, 41, 1, NULL, 'img/41/01_01.jpeg'),
(1403, 41, 9, NULL, 'img/41/01_02.jpeg'),
(1404, 41, 9, NULL, 'img/41/01_03.jpeg'),
(1405, 41, 1, NULL, 'img/41/01_04.jpeg'),
(1406, 41, 1, NULL, 'img/41/02_01.jpeg'),
(1407, 41, 2, NULL, 'img/41/03_01.jpeg'),
(1408, 41, 2, NULL, 'img/41/04_01.jpeg'),
(1409, 41, 4, NULL, 'img/41/05_01.jpeg'),
(1410, 41, 3, NULL, 'img/41/06_01.jpeg'),
(1411, 41, 3, NULL, 'img/41/06_02.jpeg'),
(1412, 41, 8, NULL, 'img/41/07_01.jpeg'),
(1413, 41, 8, NULL, 'img/41/08_01.jpeg'),
(1414, 41, 6, NULL, 'img/41/08_02.jpeg'),
(1415, 41, 6, NULL, 'img/41/09_01.jpeg'),
(1416, 41, 4, NULL, 'img/41/11_1.jpg'),
(1417, 41, 4, NULL, 'img/41/11_2.jpg'),
(1418, 41, 7, NULL, 'img/41/12_1.jpg'),
(1419, 41, 7, NULL, 'img/41/12_2.jpg'),
(1420, 41, 7, NULL, 'img/41/12_3.jpg'),
(1421, 41, 7, NULL, 'img/41/13_1.jpg'),
(1422, 41, 7, NULL, 'img/41/13_2.jpg'),
(1423, 41, 7, NULL, 'img/41/13_3.jpg'),
(1424, 42, 1, NULL, 'img/42/01_DSC06754.JPG'),
(1425, 42, 1, NULL, 'img/42/01_DSC06755.JPG'),
(1426, 42, 1, NULL, 'img/42/01_DSC06783.JPG'),
(1427, 42, 1, NULL, 'img/42/01_DSC06784.JPG'),
(1428, 42, 9, NULL, 'img/42/01_DSC06785.JPG'),
(1429, 42, 9, NULL, 'img/42/01_DSC06786.JPG'),
(1430, 42, 1, NULL, 'img/42/01_DSC06787.JPG'),
(1431, 42, 9, NULL, 'img/42/01_DSC06788.JPG'),
(1432, 42, 9, NULL, 'img/42/01_DSC06789.JPG'),
(1433, 42, 1, NULL, 'img/42/02_DSC06753.JPG'),
(1434, 42, 2, NULL, 'img/42/03_DSC06759.JPG'),
(1435, 42, 2, NULL, 'img/42/03_DSC06790.JPG'),
(1436, 42, 5, NULL, 'img/42/04_DSC06738.JPG'),
(1437, 42, 5, NULL, 'img/42/04_DSC06739.JPG'),
(1438, 42, 2, NULL, 'img/42/05_DSC06740.JPG'),
(1439, 42, 4, NULL, 'img/42/05_DSC06744.JPG'),
(1440, 42, 9, NULL, 'img/42/05_DSC06782.JPG'),
(1441, 42, 4, NULL, 'img/42/05_DSC06791.JPG'),
(1442, 42, 3, NULL, 'img/42/06_DSC06792.JPG'),
(1443, 42, 9, NULL, 'img/42/06_DSC06793.JPG'),
(1444, 42, 9, NULL, 'img/42/06_DSC06794.JPG'),
(1445, 42, 3, NULL, 'img/42/06_DSC06795.JPG'),
(1446, 42, 8, NULL, 'img/42/07_DSC06747.JPG'),
(1447, 42, 8, NULL, 'img/42/07_DSC06748.JPG'),
(1448, 42, 6, NULL, 'img/42/08_DSC06756.JPG'),
(1449, 42, 6, NULL, 'img/42/09_DSC06757.JPG'),
(1450, 42, 5, NULL, 'img/42/10_DSC06778.JPG'),
(1451, 42, 5, NULL, 'img/42/10_DSC06779.JPG'),
(1452, 42, 5, NULL, 'img/42/10_DSC06780.JPG'),
(1453, 42, 4, NULL, 'img/42/11_DSC06743.JPG'),
(1454, 42, 4, NULL, 'img/42/11_DSC06750.JPG'),
(1455, 42, 9, NULL, 'img/42/11_DSC06770.JPG'),
(1456, 42, 9, NULL, 'img/42/11_DSC06775.JPG'),
(1457, 42, 9, NULL, 'img/42/11_DSC06776.JPG'),
(1458, 42, 4, NULL, 'img/42/11_DSC06797.JPG'),
(1459, 42, 4, NULL, 'img/42/11_DSC06798.JPG'),
(1460, 42, 4, NULL, 'img/42/11_DSC06805.JPG'),
(1461, 42, 4, NULL, 'img/42/11_DSC06807.JPG'),
(1462, 42, 9, NULL, 'img/42/11_DSC06809.JPG'),
(1463, 42, 7, NULL, 'img/42/12_DSC06745.JPG'),
(1464, 42, 7, NULL, 'img/42/12_DSC06746.JPG'),
(1465, 42, 7, NULL, 'img/42/12_DSC06749.JPG'),
(1466, 42, 7, NULL, 'img/42/12_DSC06751.JPG'),
(1467, 42, 7, NULL, 'img/42/12_DSC06769.JPG'),
(1468, 42, 9, NULL, 'img/42/12_DSC06771.JPG'),
(1469, 42, 9, NULL, 'img/42/12_DSC06772.JPG'),
(1470, 42, 9, NULL, 'img/42/12_DSC06773.JPG'),
(1471, 42, 9, NULL, 'img/42/12_DSC06774.JPG'),
(1472, 42, 9, NULL, 'img/42/12_DSC06781.JPG'),
(1473, 42, 7, NULL, 'img/42/12_DSC06799.JPG'),
(1474, 42, 9, NULL, 'img/42/12_DSC06801.JPG'),
(1475, 42, 9, NULL, 'img/42/12_DSC06802.JPG'),
(1476, 42, 9, NULL, 'img/42/12_DSC06803.JPG'),
(1477, 42, 9, NULL, 'img/42/12_DSC06806.JPG'),
(1478, 42, 9, NULL, 'img/42/12_DSC06810.JPG'),
(1479, 43, 1, NULL, 'img/43/01_1.jpg'),
(1480, 43, 1, NULL, 'img/43/02_2.jpg'),
(1481, 43, 2, NULL, 'img/43/03_03.jpg'),
(1482, 43, 2, NULL, 'img/43/04_04.jpg'),
(1483, 43, 2, NULL, 'img/43/05_05.jpg'),
(1484, 43, 3, NULL, 'img/43/06_06.jpg'),
(1485, 43, 9, NULL, 'img/43/06_07.jpg'),
(1486, 43, 8, NULL, 'img/43/07_08.jpg'),
(1487, 43, 8, NULL, 'img/43/08_09.jpg'),
(1488, 43, 6, NULL, 'img/43/08_10.jpg'),
(1489, 43, 6, NULL, 'img/43/08_11.jpg'),
(1490, 43, 6, NULL, 'img/43/09_12.jpg'),
(1491, 43, 5, NULL, 'img/43/10_13.JPG'),
(1492, 43, 5, NULL, 'img/43/10_14.JPG'),
(1493, 43, 5, NULL, 'img/43/10_15.JPG'),
(1494, 43, 4, NULL, 'img/43/11_16.jpg'),
(1495, 43, 7, NULL, 'img/43/12_17.jpg'),
(1496, 43, 7, NULL, 'img/43/12_18.jpg'),
(1497, 43, 7, NULL, 'img/43/12_19.jpg'),
(1498, 43, 7, NULL, 'img/43/12_20.jpg'),
(1499, 43, 7, NULL, 'img/43/13_21.jpg'),
(1500, 44, 1, NULL, 'img/44/01_1.jpg'),
(1501, 44, 1, NULL, 'img/44/02_2.jpg'),
(1502, 44, 2, NULL, 'img/44/03_3.jpg'),
(1503, 44, 2, NULL, 'img/44/04_4.jpg'),
(1504, 44, 2, NULL, 'img/44/05_5.jpg'),
(1505, 44, 3, NULL, 'img/44/06_6.jpg'),
(1506, 44, 8, NULL, 'img/44/07_7.jpg'),
(1507, 44, 8, NULL, 'img/44/07_8.jpg'),
(1508, 44, 6, NULL, 'img/44/08_10.jpg'),
(1509, 44, 6, NULL, 'img/44/08_11.jpg'),
(1510, 44, 6, NULL, 'img/44/08_9.jpg'),
(1511, 44, 6, NULL, 'img/44/09_12.jpg'),
(1512, 44, 5, NULL, 'img/44/10_13.jpg'),
(1513, 44, 5, NULL, 'img/44/10_14.jpg'),
(1514, 44, 5, NULL, 'img/44/10_15.jpg'),
(1515, 44, 4, NULL, 'img/44/11_16.jpg'),
(1516, 44, 7, NULL, 'img/44/12_17.jpg'),
(1517, 44, 7, NULL, 'img/44/12_18.jpg'),
(1518, 44, 7, NULL, 'img/44/12_19.jpg'),
(1519, 44, 7, NULL, 'img/44/12_20.jpg'),
(1520, 44, 7, NULL, 'img/44/12_21.jpg'),
(1521, 44, 7, NULL, 'img/44/13_22.jpg'),
(1522, 44, 7, NULL, 'img/44/13_23.jpg'),
(1546, 45, 1, NULL, 'img/45/01_10.jpg'),
(1547, 45, 9, NULL, 'img/45/01_11.jpg'),
(1548, 45, 9, NULL, 'img/45/01_12.jpg'),
(1549, 45, 9, NULL, 'img/45/01_13.jpg'),
(1550, 45, 9, NULL, 'img/45/01_14.jpg'),
(1551, 45, 1, NULL, 'img/45/01_2.jpg'),
(1552, 45, 1, NULL, 'img/45/01_3.jpg'),
(1553, 45, 11, NULL, 'img/45/01_4.jpg'),
(1554, 45, 1, NULL, 'img/45/01_5.jpg'),
(1555, 45, 9, NULL, 'img/45/01_6.jpg'),
(1556, 45, 1, NULL, 'img/45/01_7.jpg'),
(1557, 45, 9, NULL, 'img/45/01_8.jpg'),
(1558, 45, 9, NULL, 'img/45/01_9.jpg'),
(1559, 45, 1, NULL, 'img/45/02_1.jpg'),
(1560, 45, 1, NULL, 'img/45/03_16.jpg'),
(1561, 45, 2, NULL, 'img/45/03_17.jpg'),
(1562, 45, 2, NULL, 'img/45/04_18.jpg'),
(1563, 45, 2, NULL, 'img/45/04_19.jpg'),
(1564, 45, 2, NULL, 'img/45/04_20.jpg'),
(1565, 45, 9, NULL, 'img/45/04_21.jpg'),
(1566, 45, 9, NULL, 'img/45/05_22.jpg'),
(1567, 45, 2, NULL, 'img/45/05_23.jpg'),
(1568, 45, 2, NULL, 'img/45/05_24.jpg'),
(1569, 45, 9, NULL, 'img/45/05_25.jpg'),
(1570, 45, 9, NULL, 'img/45/06.28.jpg'),
(1571, 45, 9, NULL, 'img/45/06_26.jpg'),
(1572, 45, 3, NULL, 'img/45/06_27.jpg'),
(1573, 45, 3, NULL, 'img/45/06_29.jpg'),
(1574, 45, 8, NULL, 'img/45/07_29.jpg'),
(1575, 45, 9, NULL, 'img/45/07_30.jpg'),
(1576, 45, 8, NULL, 'img/45/07_31.jpg'),
(1577, 45, 6, NULL, 'img/45/08_32.jpg'),
(1578, 45, 6, NULL, 'img/45/08_33.jpg'),
(1579, 45, 6, NULL, 'img/45/08_36.jpg'),
(1580, 45, 6, NULL, 'img/45/08_37.jpg'),
(1581, 45, 6, NULL, 'img/45/09_38.jpg'),
(1582, 45, 6, NULL, 'img/45/09_39.jpg'),
(1583, 45, 9, NULL, 'img/45/09_40.jpg'),
(1584, 45, 9, NULL, 'img/45/09_41.jpg'),
(1585, 45, 6, NULL, 'img/45/09_42.jpg'),
(1586, 45, 2, NULL, 'img/45/09_43.jpg'),
(1587, 45, 5, NULL, 'img/45/10_44.jpg'),
(1588, 45, 5, NULL, 'img/45/10_45.jpg'),
(1589, 45, 5, NULL, 'img/45/10_46.jpg'),
(1590, 45, 5, NULL, 'img/45/10_47.jpg'),
(1591, 45, 5, NULL, 'img/45/10_48.jpg'),
(1592, 45, 5, NULL, 'img/45/10_49.jpg'),
(1593, 45, 5, NULL, 'img/45/10_50.jpg'),
(1594, 45, 5, NULL, 'img/45/10_51.jpg'),
(1595, 45, 4, NULL, 'img/45/10_52.jpg'),
(1596, 45, 5, NULL, 'img/45/10_53.jpg'),
(1597, 45, 5, NULL, 'img/45/10_54.jpg'),
(1598, 45, 5, NULL, 'img/45/10_55.jpg'),
(1599, 45, 9, NULL, 'img/45/11_55.jpg'),
(1600, 45, 4, NULL, 'img/45/11_56.jpg'),
(1601, 45, 9, NULL, 'img/45/11_57.jpg'),
(1602, 45, 9, NULL, 'img/45/11_58.jpg'),
(1603, 45, 9, NULL, 'img/45/11_59.jpg'),
(1604, 45, 9, NULL, 'img/45/11_60.jpg'),
(1605, 45, 9, NULL, 'img/45/11_61.jpg'),
(1606, 45, 7, NULL, 'img/45/12_62.jpg'),
(1607, 45, 7, NULL, 'img/45/12_63.jpg'),
(1608, 45, 7, NULL, 'img/45/12_64.jpg'),
(1609, 45, 7, NULL, 'img/45/12_65.jpg'),
(1610, 45, 1, NULL, 'img/45/12_66.jpg'),
(1611, 45, 7, NULL, 'img/45/12_67.jpg'),
(1612, 45, 7, NULL, 'img/45/12_68.jpg'),
(1613, 45, 7, NULL, 'img/45/12_69.jpg'),
(1614, 45, 7, NULL, 'img/45/12_71.jpg'),
(1615, 45, 11, NULL, 'img/45/13_72.jpg'),
(1616, 45, 11, NULL, 'img/45/13_73.jpg'),
(1617, 45, 9, NULL, 'img/45/13_74.jpg'),
(1618, 45, 9, NULL, 'img/45/13_75.jpg'),
(1619, 45, 11, NULL, 'img/45/13_76.jpg'),
(1620, 45, 9, NULL, 'img/45/13_77.jpg'),
(1621, 45, 9, NULL, 'img/45/13_78.jpg'),
(1622, 45, 9, NULL, 'img/45/13_79.jpg'),
(1623, 45, 9, NULL, 'img/45/13_80.jpg'),
(1624, 45, 9, NULL, 'img/45/13_81.jpg'),
(1625, 45, 9, NULL, 'img/45/13_82.jpg'),
(1626, 45, 9, NULL, 'img/45/13_83.jpg'),
(1627, 45, 9, NULL, 'img/45/13_84.jpg'),
(1628, 45, 9, NULL, 'img/45/13_85.jpg'),
(1629, 45, 9, NULL, 'img/45/13_86.jpg'),
(1630, 45, 9, NULL, 'img/45/13_87.jpg'),
(1631, 45, 9, NULL, 'img/45/13_88.jpg'),
(1632, 45, 9, NULL, 'img/45/13_89.jpg'),
(1634, 46, 9, NULL, 'img/46/01_10.jpg'),
(1635, 46, 9, NULL, 'img/46/01_11.jpg'),
(1636, 46, 9, NULL, 'img/46/01_12.jpg'),
(1637, 46, 11, NULL, 'img/46/01_2.jpg'),
(1638, 46, 11, NULL, 'img/46/01_3.jpg'),
(1639, 46, 11, NULL, 'img/46/01_4.jpg'),
(1640, 46, 9, NULL, 'img/46/01_5.jpg'),
(1641, 46, 9, NULL, 'img/46/01_6.jpg'),
(1642, 46, 9, NULL, 'img/46/01_7.jpg'),
(1643, 46, 9, NULL, 'img/46/01_8.jpg'),
(1644, 46, 1, NULL, 'img/46/01_9.jpg'),
(1645, 46, 1, NULL, 'img/46/02_5.jpg'),
(1646, 46, 1, NULL, 'img/46/02_6.jpg'),
(1647, 46, 2, NULL, 'img/46/03_7.jpg'),
(1648, 46, 2, NULL, 'img/46/03_8.jpg'),
(1649, 46, 2, NULL, 'img/46/04_9.jpg'),
(1650, 46, 2, NULL, 'img/46/05_10.jpg'),
(1651, 46, 2, NULL, 'img/46/05_11.jpg'),
(1652, 46, 3, NULL, 'img/46/06_14.jpg'),
(1653, 46, 3, NULL, 'img/46/06_15.jpg'),
(1654, 46, 3, NULL, 'img/46/06_16.jpg'),
(1655, 46, 3, NULL, 'img/46/06_17.jpg'),
(1656, 46, 3, NULL, 'img/46/06_18.jpg'),
(1657, 46, 8, NULL, 'img/46/07_26.jpg'),
(1658, 46, 8, NULL, 'img/46/07_28.jpg'),
(1659, 46, 8, NULL, 'img/46/07_44.jpg'),
(1660, 46, 8, NULL, 'img/46/07_48.jpg'),
(1661, 46, 6, NULL, 'img/46/08_52.jpg'),
(1662, 46, 6, NULL, 'img/46/08_53.jpg'),
(1663, 46, 6, NULL, 'img/46/08_55.jpg'),
(1664, 46, 4, NULL, 'img/46/08_57.jpg'),
(1665, 46, 6, NULL, 'img/46/09_58.jpg'),
(1666, 46, 6, NULL, 'img/46/09_59.jpg'),
(1667, 46, 6, NULL, 'img/46/09_60.jpg'),
(1668, 46, 5, NULL, 'img/46/10_61.jpg'),
(1669, 46, 5, NULL, 'img/46/10_62.jpg'),
(1670, 46, 5, NULL, 'img/46/10_63.jpg'),
(1671, 46, 5, NULL, 'img/46/10_64.jpg'),
(1672, 46, 5, NULL, 'img/46/10_65.jpg'),
(1673, 46, 5, NULL, 'img/46/10_66.jpg'),
(1674, 46, 4, NULL, 'img/46/11_67.jpg'),
(1675, 46, 4, NULL, 'img/46/11_68.jpg'),
(1676, 46, 7, NULL, 'img/46/12_69.jpg'),
(1677, 46, 4, NULL, 'img/46/12_70.jpg'),
(1678, 46, 9, NULL, 'img/46/12_71.jpg'),
(1679, 46, 9, NULL, 'img/46/12_72.jpg'),
(1680, 46, 7, NULL, 'img/46/12_73.jpg'),
(1681, 46, 7, NULL, 'img/46/12_74.jpg'),
(1682, 46, 7, NULL, 'img/46/12_75.jpg'),
(1683, 46, 7, NULL, 'img/46/12_76.jpg'),
(1684, 46, 7, NULL, 'img/46/13_77.jpg'),
(1685, 46, 7, NULL, 'img/46/13_78.jpg'),
(1686, 46, 7, NULL, 'img/46/13_79.jpg'),
(1687, 46, 7, NULL, 'img/46/13_80.jpg'),
(1688, 47, 11, NULL, 'img/47/01_001.jpg'),
(1689, 47, 1, NULL, 'img/47/01_002.jpg'),
(1690, 47, 1, NULL, 'img/47/02_004.jpg'),
(1691, 47, 2, NULL, 'img/47/03_005.jpg'),
(1692, 47, 2, NULL, 'img/47/03_006.jpg'),
(1693, 47, 2, NULL, 'img/47/04_007.jpg'),
(1694, 47, 2, NULL, 'img/47/04_008.jpg'),
(1695, 47, 2, NULL, 'img/47/05_009.jpg'),
(1696, 47, 3, NULL, 'img/47/06_010.jpg'),
(1697, 47, 3, NULL, 'img/47/06_011.jpg'),
(1698, 47, 8, NULL, 'img/47/07_012.jpg'),
(1699, 47, 8, NULL, 'img/47/07_013.jpg'),
(1700, 47, 6, NULL, 'img/47/08_014.jpg'),
(1701, 47, 6, NULL, 'img/47/08_015.jpg'),
(1702, 47, 6, NULL, 'img/47/08_016.jpg'),
(1703, 47, 6, NULL, 'img/47/08_017.jpg'),
(1704, 47, 6, NULL, 'img/47/08_018.jpg'),
(1705, 47, 6, NULL, 'img/47/08_020.jpg'),
(1706, 47, 6, NULL, 'img/47/08_021.jpg'),
(1707, 47, 6, NULL, 'img/47/09_022.jpg'),
(1708, 47, 9, NULL, 'img/47/09_023.jpg'),
(1709, 47, 9, NULL, 'img/47/09_024.jpg'),
(1710, 47, 9, NULL, 'img/47/09_025.jpg'),
(1711, 47, 9, NULL, 'img/47/09_026.jpg'),
(1712, 47, 5, NULL, 'img/47/10_027.jpg'),
(1713, 47, 9, NULL, 'img/47/10_028.jpg'),
(1714, 47, 9, NULL, 'img/47/10_029.jpg'),
(1715, 47, 9, NULL, 'img/47/10_030.jpg'),
(1716, 47, 5, NULL, 'img/47/10_031.jpg'),
(1717, 47, 5, NULL, 'img/47/10_032.jpg'),
(1718, 47, 4, NULL, 'img/47/11_033.jpg'),
(1719, 47, 4, NULL, 'img/47/11_034.jpg'),
(1720, 47, 7, NULL, 'img/47/12_035.jpg'),
(1721, 47, 7, NULL, 'img/47/12_036.jpg'),
(1722, 47, 7, NULL, 'img/47/12_037.jpg'),
(1723, 47, 7, NULL, 'img/47/13_038.jpg'),
(1724, 47, 7, NULL, 'img/47/13_039.jpg'),
(1811, 51, 1, NULL, 'img/51/01_1.jpg'),
(1812, 51, 1, NULL, 'img/51/01_2.jpg'),
(1813, 51, 1, NULL, 'img/51/01_3.jpg'),
(1814, 51, 1, NULL, 'img/51/01_4.jpg'),
(1815, 51, 2, NULL, 'img/51/02_1.jpg'),
(1816, 51, 2, NULL, 'img/51/02_2.jpg'),
(1817, 51, 2, NULL, 'img/51/02_3.jpg'),
(1818, 51, 2, NULL, 'img/51/02_4.jpg'),
(1819, 51, 2, NULL, 'img/51/02_5.jpg'),
(1820, 51, 3, NULL, 'img/51/03_1.jpg'),
(1821, 51, 4, NULL, 'img/51/03_2.jpg'),
(1822, 51, 4, NULL, 'img/51/03_3.jpg'),
(1823, 51, 3, NULL, 'img/51/04_1.jpg'),
(1824, 51, 3, NULL, 'img/51/04_2.jpg'),
(1825, 51, 7, NULL, 'img/51/07_1.jpg'),
(1826, 51, 7, NULL, 'img/51/07_2.jpg'),
(1827, 51, 9, NULL, 'img/51/07_3.jpg'),
(1828, 51, 9, NULL, 'img/51/07_4.jpg'),
(1829, 51, 8, NULL, 'img/51/07_5.jpg'),
(1830, 51, 7, NULL, 'img/51/07_6.jpg'),
(1831, 51, 7, NULL, 'img/51/07_7.jpg'),
(1832, 51, 7, NULL, 'img/51/07_8.jpg'),
(1833, 51, 8, NULL, 'img/51/08_1.jpg'),
(1834, 51, 8, NULL, 'img/51/08_2.jpg'),
(1835, 51, 8, NULL, 'img/51/08_3.jpg'),
(1836, 51, 9, NULL, 'img/51/09_1.jpg'),
(1837, 51, 1, NULL, 'img/51/k2_01_1.jpg'),
(1838, 51, 9, NULL, 'img/51/k2_02_1.jpg'),
(1839, 51, 2, NULL, 'img/51/k2_02_2.jpg'),
(1840, 51, 2, NULL, 'img/51/k2_02_3.jpg'),
(1841, 51, 4, NULL, 'img/51/k2_03_1.jpg'),
(1842, 51, 4, NULL, 'img/51/k2_03_2.jpg');
INSERT INTO `photos_edu` (`id`, `schid`, `category`, `isDefect`, `path`) VALUES
(1843, 51, 9, NULL, 'img/51/k2_04_1.jpg'),
(1844, 51, 3, NULL, 'img/51/k2_04_2.jpg'),
(1845, 51, 6, NULL, 'img/51/k2_05_1.jpg'),
(1846, 51, 6, NULL, 'img/51/k2_05_2.jpg'),
(1847, 51, 6, NULL, 'img/51/k2_05_3.jpg'),
(1848, 51, 6, NULL, 'img/51/k2_05_4.jpg'),
(1849, 51, 9, NULL, 'img/51/k2_05_5.jpg'),
(1850, 51, 6, NULL, 'img/51/k2_05_6.jpg'),
(1851, 51, 6, NULL, 'img/51/k2_05_7.jpg'),
(1852, 51, 5, NULL, 'img/51/k2_06_1.jpg'),
(1853, 51, 5, NULL, 'img/51/k2_06_2.jpg'),
(1854, 51, 5, NULL, 'img/51/k2_06_3.jpg'),
(1855, 51, 3, NULL, 'img/51/k2_06_4.jpg'),
(1856, 51, 5, NULL, 'img/51/k2_06_5.jpg'),
(1857, 51, 5, NULL, 'img/51/k2_06_6.jpg'),
(1858, 51, 9, NULL, 'img/51/k2_07_1.jpg'),
(1859, 51, 9, NULL, 'img/51/k2_07_2.jpg'),
(1860, 51, 9, NULL, 'img/51/k2_07_3.jpg'),
(1861, 51, 8, NULL, 'img/51/k2_08_1.jpg'),
(1862, 51, 9, NULL, 'img/51/k2_09_1.jpg'),
(1863, 51, 9, NULL, 'img/51/k2_09_2.jpg'),
(1864, 51, 9, NULL, 'img/51/k2_09_3.jpg'),
(1865, 51, 9, NULL, 'img/51/k2_09_4.jpg'),
(1866, 51, 9, NULL, 'img/51/k2_09_5.jpg'),
(1867, 51, 1, NULL, 'img/51/k3_01_1.jpg'),
(1868, 51, 2, NULL, 'img/51/k3_02_1.jpg'),
(1869, 51, 2, NULL, 'img/51/k3_02_2.jpg'),
(1870, 51, 2, NULL, 'img/51/k3_02_3.jpg'),
(1871, 51, 11, NULL, 'img/51/k3_03_1.jpg'),
(1872, 51, 4, NULL, 'img/51/k3_03_2.jpg'),
(1873, 51, 3, NULL, 'img/51/k3_04_1.jpg'),
(1874, 51, 3, NULL, 'img/51/k3_04_2.jpg'),
(1875, 51, 7, NULL, 'img/51/k3_07_1.jpg'),
(1876, 51, 7, NULL, 'img/51/k3_07_2.jpg'),
(1877, 51, 7, NULL, 'img/51/k3_07_3.jpg'),
(1878, 51, 7, NULL, 'img/51/k3_07_4.jpg'),
(1879, 51, 8, NULL, 'img/51/k3_08_1.jpg'),
(1880, 52, 9, NULL, 'img/52/photo_added_1.jpeg'),
(1881, 52, 4, NULL, 'img/52/photo_added_10.jpeg'),
(1882, 52, 9, NULL, 'img/52/photo_added_11.jpeg'),
(1883, 52, 9, NULL, 'img/52/photo_added_12.jpeg'),
(1884, 52, 9, NULL, 'img/52/photo_added_13.jpeg'),
(1885, 52, 6, NULL, 'img/52/photo_added_14.jpeg'),
(1886, 52, 9, NULL, 'img/52/photo_added_15.jpeg'),
(1887, 52, 3, 1, 'img/52/photo_added_16.jpeg'),
(1888, 52, 1, NULL, 'img/52/photo_added_17.jpeg'),
(1889, 52, 2, NULL, 'img/52/photo_added_18.jpeg'),
(1890, 52, 7, NULL, 'img/52/photo_added_19.jpeg'),
(1891, 52, 9, NULL, 'img/52/photo_added_2.jpeg'),
(1892, 52, 5, NULL, 'img/52/photo_added_20.jpeg'),
(1893, 52, 7, NULL, 'img/52/photo_added_21.jpeg'),
(1894, 52, 7, NULL, 'img/52/photo_added_22.jpeg'),
(1895, 52, 7, NULL, 'img/52/photo_added_23.jpeg'),
(1896, 52, 6, NULL, 'img/52/photo_added_24.jpeg'),
(1897, 52, 8, NULL, 'img/52/photo_added_25.jpeg'),
(1898, 52, 2, NULL, 'img/52/photo_added_26.jpeg'),
(1899, 52, 1, NULL, 'img/52/photo_added_27.jpeg'),
(1900, 52, 1, NULL, 'img/52/photo_added_28.jpeg'),
(1901, 52, 9, NULL, 'img/52/photo_added_3.jpeg'),
(1902, 52, 9, NULL, 'img/52/photo_added_4.jpeg'),
(1903, 52, 9, NULL, 'img/52/photo_added_5.jpeg'),
(1904, 52, 4, NULL, 'img/52/photo_added_6.jpeg'),
(1905, 52, 4, NULL, 'img/52/photo_added_7.jpeg'),
(1906, 52, 4, NULL, 'img/52/photo_added_8.jpeg'),
(1907, 52, 4, NULL, 'img/52/photo_added_9.jpeg'),
(1908, 53, 1, 1, 'img/53/01_01.jpg'),
(1909, 53, 2, NULL, 'img/53/01_02.jpg'),
(1910, 53, 1, NULL, 'img/53/01_03.jpg'),
(1911, 53, 1, NULL, 'img/53/01_04.jpg'),
(1912, 53, 1, NULL, 'img/53/01_05.jpg'),
(1913, 53, 1, NULL, 'img/53/01_06.jpg'),
(1914, 53, 1, NULL, 'img/53/01_07.jpg'),
(1915, 53, 1, NULL, 'img/53/01_08.jpg'),
(1916, 53, 1, NULL, 'img/53/01_09.jpg'),
(1917, 53, 3, NULL, 'img/53/02_10.jpg'),
(1918, 53, 2, NULL, 'img/53/02_11.jpg'),
(1919, 53, 2, NULL, 'img/53/02_12.jpg'),
(1920, 53, 1, NULL, 'img/53/02_13.jpg'),
(1921, 53, 1, NULL, 'img/53/02_14.jpg'),
(1922, 53, 1, NULL, 'img/53/02_15.jpg'),
(1923, 53, 3, NULL, 'img/53/02_16.jpg'),
(1924, 53, 1, NULL, 'img/53/02_17.jpg'),
(1925, 53, 1, NULL, 'img/53/02_18.jpg'),
(1926, 53, 1, NULL, 'img/53/02_19.jpg'),
(1927, 53, 1, NULL, 'img/53/02_20.jpg'),
(1928, 53, 3, NULL, 'img/53/02_21.jpg'),
(1929, 53, 1, NULL, 'img/53/02_22.jpg'),
(1930, 53, 2, NULL, 'img/53/02_23.jpg'),
(1931, 53, 2, NULL, 'img/53/02_24.jpg'),
(1932, 53, 2, NULL, 'img/53/02_25.jpg'),
(1933, 53, 11, NULL, 'img/53/03_.26.jpg'),
(1934, 53, 4, NULL, 'img/53/03_27.jpg'),
(1935, 53, 4, NULL, 'img/53/03_28.jpg'),
(1936, 53, 4, NULL, 'img/53/03_29.jpg'),
(1937, 53, 4, NULL, 'img/53/03_30.jpg'),
(1938, 53, 4, NULL, 'img/53/03_31.jpg'),
(1939, 53, 3, NULL, 'img/53/04_33.jpg'),
(1940, 53, 3, NULL, 'img/53/04_34.jpg'),
(1941, 53, 3, NULL, 'img/53/04_35.jpg'),
(1942, 53, 3, NULL, 'img/53/04_36.jpg'),
(1943, 53, 3, NULL, 'img/53/04_37.jpg'),
(1944, 53, 3, NULL, 'img/53/04_38.jpg'),
(1945, 53, 3, NULL, 'img/53/04_39.jpg'),
(1946, 53, 3, NULL, 'img/53/04_40.jpg'),
(1947, 53, 3, NULL, 'img/53/04_41.jpg'),
(1948, 53, 3, NULL, 'img/53/04_42.jpg'),
(1949, 53, 3, NULL, 'img/53/04_43.jpg'),
(1950, 53, 3, NULL, 'img/53/04_44.jpg'),
(1951, 53, 3, NULL, 'img/53/04_45.jpg'),
(1952, 53, 3, NULL, 'img/53/04_46.jpg'),
(1953, 53, 3, NULL, 'img/53/04_47.jpg'),
(1954, 53, 8, NULL, 'img/53/05_48.jpg'),
(1955, 53, 8, NULL, 'img/53/05_49.jpg'),
(1956, 53, 6, NULL, 'img/53/05_50.jpg'),
(1957, 53, 6, NULL, 'img/53/05_51.jpg'),
(1958, 53, 6, NULL, 'img/53/05_52.jpg'),
(1959, 53, 6, NULL, 'img/53/05_53.jpg'),
(1960, 53, 6, NULL, 'img/53/05_54.jpg'),
(1961, 53, 6, NULL, 'img/53/05_55.jpg'),
(1962, 53, 6, NULL, 'img/53/05_56.jpg'),
(1963, 53, 6, NULL, 'img/53/05_57.jpg'),
(1964, 53, 6, NULL, 'img/53/05_58.jpg'),
(1965, 53, 6, NULL, 'img/53/05_59.jpg'),
(1966, 53, 8, NULL, 'img/53/05_60.jpg'),
(1967, 53, 7, NULL, 'img/53/05_61.jpg'),
(1968, 53, 6, NULL, 'img/53/05_62.jpg'),
(1969, 53, 4, NULL, 'img/53/06_63.jpg'),
(1970, 53, 4, NULL, 'img/53/06_64.jpg'),
(1971, 53, 7, NULL, 'img/53/06_65.jpg'),
(1972, 53, 5, NULL, 'img/53/06_66.jpg'),
(1973, 53, 5, NULL, 'img/53/06_67.jpg'),
(1974, 53, 5, NULL, 'img/53/06_68.jpg'),
(1975, 53, 5, NULL, 'img/53/06_69.jpg'),
(1976, 53, 5, NULL, 'img/53/06_70.jpg'),
(1977, 53, 5, NULL, 'img/53/06_71.jpg'),
(1978, 53, 5, NULL, 'img/53/06_72.jpg'),
(1979, 53, 5, NULL, 'img/53/06_73.jpg'),
(1980, 53, 7, NULL, 'img/53/07_74.jpg'),
(1981, 53, 7, NULL, 'img/53/07_75.jpg'),
(1982, 53, 7, NULL, 'img/53/07_100.jpg'),
(1983, 53, 7, NULL, 'img/53/07_101.jpg'),
(1984, 53, 7, NULL, 'img/53/07_102.jpg'),
(1985, 53, 7, NULL, 'img/53/07_103.jpg'),
(1986, 53, 7, NULL, 'img/53/07_104.jpg'),
(1987, 53, 7, NULL, 'img/53/07_105.jpg'),
(1988, 53, 7, NULL, 'img/53/07_106.jpg'),
(1989, 53, 7, NULL, 'img/53/07_107.jpg'),
(1990, 53, 7, NULL, 'img/53/07_108.jpg'),
(1991, 53, 7, NULL, 'img/53/07_109.jpg'),
(1992, 53, 7, NULL, 'img/53/07_110.jpg'),
(1993, 53, 7, NULL, 'img/53/07_111.jpg'),
(1994, 53, 7, NULL, 'img/53/07_112.jpg'),
(1995, 53, 7, NULL, 'img/53/07_113.jpg'),
(1996, 53, 7, NULL, 'img/53/07_114.jpg'),
(1997, 53, 7, NULL, 'img/53/07_76.jpg'),
(1998, 53, 7, NULL, 'img/53/07_77.jpg'),
(1999, 53, 7, NULL, 'img/53/07_78.jpg'),
(2000, 53, 7, NULL, 'img/53/07_79.jpg'),
(2001, 53, 7, NULL, 'img/53/07_80.jpg'),
(2002, 53, 7, NULL, 'img/53/07_81.jpg'),
(2003, 53, 7, NULL, 'img/53/07_82.jpg'),
(2004, 53, 7, NULL, 'img/53/07_83.jpg'),
(2005, 53, 7, NULL, 'img/53/07_84.jpg'),
(2006, 53, 7, NULL, 'img/53/07_85.jpg'),
(2007, 53, 7, NULL, 'img/53/07_86.jpg'),
(2008, 53, 7, NULL, 'img/53/07_87.jpg'),
(2009, 53, 7, NULL, 'img/53/07_88.jpg'),
(2010, 53, 7, NULL, 'img/53/07_89.jpg'),
(2011, 53, 7, NULL, 'img/53/07_90.jpg'),
(2012, 53, 7, NULL, 'img/53/07_91.jpg'),
(2013, 53, 7, NULL, 'img/53/07_92.jpg'),
(2014, 53, 7, NULL, 'img/53/07_93.jpg'),
(2015, 53, 7, NULL, 'img/53/07_94.jpg'),
(2016, 53, 7, NULL, 'img/53/07_95.jpg'),
(2017, 53, 11, NULL, 'img/53/07_96.jpg'),
(2018, 53, 7, NULL, 'img/53/07_97.jpg'),
(2019, 53, 7, NULL, 'img/53/07_98.jpg'),
(2020, 53, 11, NULL, 'img/53/07_99.jpg'),
(2021, 53, 8, NULL, 'img/53/08_115.jpg'),
(2022, 53, 8, NULL, 'img/53/08_116.jpg'),
(2023, 53, 8, NULL, 'img/53/08_117.jpg'),
(2024, 53, 8, NULL, 'img/53/08_118.jpg'),
(2025, 53, 8, NULL, 'img/53/08_119.jpg'),
(2026, 53, 8, NULL, 'img/53/08_120.jpg'),
(2027, 53, 8, NULL, 'img/53/08_121.jpg'),
(2028, 53, 8, NULL, 'img/53/08_122.jpg'),
(2029, 53, 8, NULL, 'img/53/08_123.jpg'),
(2030, 53, 8, NULL, 'img/53/08_124.jpg'),
(2031, 53, 8, NULL, 'img/53/08_125.jpg'),
(2032, 53, 8, 1, 'img/53/09_126.jpg'),
(2033, 53, 8, 1, 'img/53/09_127.jpg'),
(2034, 53, 6, 1, 'img/53/09_128.jpg'),
(2035, 53, 4, NULL, 'img/53/3_32.jpg'),
(2036, 54, 1, 1, 'img/54/01_20210702_140935.jpg'),
(2037, 54, 1, 1, 'img/54/01_20210702_141143.jpg'),
(2038, 54, 1, NULL, 'img/54/02_20210702_141034.jpg'),
(2039, 54, 2, NULL, 'img/54/03_20210702_141306.jpg'),
(2040, 54, 2, NULL, 'img/54/04_20210702_142056.jpg'),
(2041, 54, 2, NULL, 'img/54/05_20210702_141316.jpg'),
(2042, 54, 3, NULL, 'img/54/06_20210702_141654.jpg'),
(2043, 54, 3, NULL, 'img/54/06_20210702_142440.jpg'),
(2044, 54, 3, NULL, 'img/54/06_20210702_143915.jpg'),
(2045, 54, 3, 1, 'img/54/07_20210702_141843.jpg'),
(2046, 54, 8, NULL, 'img/54/07_20210702_141911.jpg'),
(2047, 54, 8, NULL, 'img/54/07_20210702_152339.jpg'),
(2048, 54, 8, NULL, 'img/54/07_20210702_152355.jpg'),
(2049, 54, 8, NULL, 'img/54/07_20210702_152412.jpg'),
(2050, 54, 6, NULL, 'img/54/08_20210702_151919.jpg'),
(2051, 54, 6, NULL, 'img/54/08_20210702_151929.jpg'),
(2052, 54, 6, NULL, 'img/54/09_20210702_151907.jpg'),
(2053, 54, 6, NULL, 'img/54/09_20210702_152115.jpg'),
(2054, 54, 5, NULL, 'img/54/10_20210702_142313.jpg'),
(2055, 54, 4, NULL, 'img/54/11_20210702_142551.jpg'),
(2056, 54, 4, 1, 'img/54/11_20210702_142647.jpg'),
(2057, 54, 4, NULL, 'img/54/11_20210702_143512.jpg'),
(2058, 54, 4, NULL, 'img/54/12_20210702_142811.jpg'),
(2059, 54, 4, NULL, 'img/54/12_20210702_142836.jpg'),
(2060, 54, 4, NULL, 'img/54/12_20210702_142848.jpg'),
(2061, 54, 7, NULL, 'img/54/12_20210702_143210.jpg'),
(2062, 54, 7, NULL, 'img/54/12_20210702_143246.jpg'),
(2063, 54, 7, NULL, 'img/54/12_20210702_143336.jpg'),
(2064, 54, 7, NULL, 'img/54/12_20210702_143420.jpg'),
(2065, 54, 7, NULL, 'img/54/12_20210702_143532.jpg'),
(2066, 55, 1, NULL, 'img/55/01_20210723_083206.jpg'),
(2067, 55, 1, NULL, 'img/55/01_20210723_083225.jpg'),
(2068, 55, 1, NULL, 'img/55/01_20210723_083250.jpg'),
(2069, 55, 2, NULL, 'img/55/02_20210723_083329.jpg'),
(2070, 55, 2, NULL, 'img/55/02_20210723_083354.jpg'),
(2071, 55, 4, 1, 'img/55/03_20210723_083444.jpg'),
(2072, 55, 4, NULL, 'img/55/03_20210723_083623.jpg'),
(2073, 55, 4, NULL, 'img/55/03_20210723_083853.jpg'),
(2074, 55, 3, NULL, 'img/55/04_20210723_083529.jpg'),
(2075, 55, 3, NULL, 'img/55/04_20210723_083552.jpg'),
(2076, 55, 3, NULL, 'img/55/04_20210723_083824.jpg'),
(2077, 55, 3, NULL, 'img/55/04_20210723_083904.jpg'),
(2078, 55, 6, NULL, 'img/55/05_20210723_083710.jpg'),
(2079, 55, 6, NULL, 'img/55/05_20210723_083728.jpg'),
(2080, 55, 5, 1, 'img/55/06_20210723_084109.jpg'),
(2081, 55, 5, NULL, 'img/55/06_20210723_084125.jpg'),
(2082, 55, 7, NULL, 'img/55/07_20210723_084011.jpg'),
(2083, 55, 8, NULL, 'img/55/08_20210723_084241.jpg'),
(2084, 55, 8, NULL, 'img/55/08_20210723_084254.jpg'),
(2085, 55, 8, NULL, 'img/55/08_20210723_084310.jpg'),
(2086, 55, 8, NULL, 'img/55/08_20210723_084318.jpg'),
(2087, 56, 1, NULL, 'img/56/01_083203..jpg'),
(2088, 56, 1, NULL, 'img/56/01_083204..jpg'),
(2089, 56, 1, NULL, 'img/56/01_20210747.jpg'),
(2090, 56, 1, NULL, 'img/56/01_20210748.jpg'),
(2091, 56, 1, NULL, 'img/56/01_20210749.jpg'),
(2092, 56, 2, NULL, 'img/56/02_083319.jpg'),
(2093, 56, 2, NULL, 'img/56/02_083533.jpg'),
(2094, 56, 2, NULL, 'img/56/02_083622.jpg'),
(2095, 56, 2, NULL, 'img/56/02_20210745.jpg'),
(2096, 56, 4, 1, 'img/56/03_084147.jpg'),
(2097, 56, 4, NULL, 'img/56/03_084255.jpg'),
(2098, 56, 4, NULL, 'img/56/03_084619.jpg'),
(2099, 56, 4, NULL, 'img/56/03_20210739.jpg'),
(2100, 56, 4, NULL, 'img/56/03_20210740.jpg'),
(2101, 56, 3, NULL, 'img/56/04_084058.jpg'),
(2102, 56, 3, NULL, 'img/56/04_084127.jpg'),
(2103, 56, 3, NULL, 'img/56/04_084335.jpg'),
(2104, 56, 3, NULL, 'img/56/04_084418.jpg'),
(2105, 56, 3, NULL, 'img/56/04_090930.jpg'),
(2106, 56, 3, NULL, 'img/56/04_20210750.jpg'),
(2107, 56, 6, NULL, 'img/56/05_084747.jpg'),
(2108, 56, 6, NULL, 'img/56/05_084849.jpg'),
(2109, 56, 6, NULL, 'img/56/05_084913.jpg'),
(2110, 56, 4, NULL, 'img/56/05_084923.jpg'),
(2111, 56, 7, NULL, 'img/56/06_20210724.jpg'),
(2112, 56, 5, NULL, 'img/56/06_20210725.jpg'),
(2113, 56, 5, NULL, 'img/56/06_20210738.jpg'),
(2114, 56, 5, NULL, 'img/56/06_4307.jpg'),
(2115, 56, 7, NULL, 'img/56/07_084450.jpg'),
(2116, 56, 7, NULL, 'img/56/07_090735.jpg'),
(2117, 56, 7, NULL, 'img/56/07_090759.jpg'),
(2118, 56, 7, NULL, 'img/56/07_090825.jpg'),
(2119, 56, 7, NULL, 'img/56/07_090846.jpg'),
(2120, 56, 7, NULL, 'img/56/07_090905.jpg'),
(2121, 56, 7, NULL, 'img/56/07_20210741.jpg'),
(2122, 56, 7, NULL, 'img/56/07_20210751.jpg'),
(2123, 56, 8, NULL, 'img/56/08_083828.jpg'),
(2124, 56, 8, NULL, 'img/56/08_083836.jpg'),
(2125, 56, 8, NULL, 'img/56/08_083932.jpg'),
(2126, 56, 8, NULL, 'img/56/08_084003.jpg'),
(2127, 56, 9, NULL, 'img/56/09_20210722.jpg'),
(2128, 56, 9, NULL, 'img/56/09_20210723.jpg'),
(2129, 56, 9, NULL, 'img/56/09_20210726.jpg'),
(2130, 56, 9, NULL, 'img/56/09_20210727.jpg'),
(2131, 56, 9, NULL, 'img/56/09_20210728.jpg'),
(2132, 56, 9, NULL, 'img/56/09_20210729.jpg'),
(2133, 56, 9, NULL, 'img/56/09_20210730.jpg'),
(2134, 56, 9, NULL, 'img/56/09_20210731.jpg'),
(2135, 56, 9, NULL, 'img/56/09_20210732.jpg'),
(2136, 56, 9, NULL, 'img/56/09_20210733.jpg'),
(2137, 56, 9, NULL, 'img/56/09_20210734.jpg'),
(2138, 56, 9, NULL, 'img/56/09_20210735.jpg'),
(2139, 56, 9, NULL, 'img/56/09_20210736.jpg'),
(2140, 56, 9, NULL, 'img/56/09_20210737.jpg'),
(2141, 56, 9, NULL, 'img/56/09_20210742.jpg'),
(2142, 56, 9, NULL, 'img/56/09_20210743.jpg'),
(2143, 56, 9, NULL, 'img/56/09_20210745.jpg'),
(2144, 56, 11, NULL, 'img/56/I02_20210746.jpg'),
(2145, 56, 9, NULL, 'img/56/I09_20210744.jpg'),
(2146, 57, 1, NULL, 'img/57/01_01.jpg'),
(2147, 57, 1, NULL, 'img/57/01_02.jpg'),
(2148, 57, 1, NULL, 'img/57/01_03.jpg'),
(2149, 57, 1, NULL, 'img/57/01_04.jpg'),
(2150, 57, 2, NULL, 'img/57/02_01.jpg'),
(2151, 57, 2, NULL, 'img/57/02_02.jpg'),
(2152, 57, 2, NULL, 'img/57/02_03.jpg'),
(2153, 57, 4, NULL, 'img/57/03_01.jpg'),
(2154, 57, 4, NULL, 'img/57/03_02.jpg'),
(2155, 57, 4, NULL, 'img/57/03_03.jpg'),
(2156, 57, 4, NULL, 'img/57/03_04.jpg'),
(2157, 57, 9, NULL, 'img/57/03_05.jpg'),
(2158, 57, 3, NULL, 'img/57/04_01.jpg'),
(2159, 57, 3, NULL, 'img/57/04_02.jpg'),
(2160, 57, 3, NULL, 'img/57/04_03.jpg'),
(2161, 57, 3, NULL, 'img/57/04_04.jpg'),
(2162, 57, 3, NULL, 'img/57/04_05.jpg'),
(2163, 57, 6, NULL, 'img/57/05_01.jpg'),
(2164, 57, 6, NULL, 'img/57/05_02.jpg'),
(2165, 57, 6, NULL, 'img/57/05_03.jpg'),
(2166, 57, 5, NULL, 'img/57/06_01.jpg'),
(2167, 57, 5, NULL, 'img/57/06_02.jpg'),
(2168, 57, 7, NULL, 'img/57/07_01.jpg'),
(2169, 57, 9, NULL, 'img/57/07_02.jpg'),
(2170, 57, 9, NULL, 'img/57/07_03.jpg'),
(2171, 57, 9, NULL, 'img/57/07_04.jpg'),
(2172, 57, 9, NULL, 'img/57/07_05.jpg'),
(2173, 57, 8, NULL, 'img/57/08_01.jpg'),
(2174, 57, 8, NULL, 'img/57/08_02.jpg'),
(2175, 57, 8, NULL, 'img/57/08_03.jpg'),
(2176, 57, 9, NULL, 'img/57/08_04.jpg'),
(2177, 57, 9, NULL, 'img/57/09_01.jpg'),
(2178, 57, 9, NULL, 'img/57/09_02.jpg'),
(2179, 57, 7, NULL, 'img/57/09_03.jpg'),
(2180, 57, 9, NULL, 'img/57/09_04.jpg'),
(2181, 57, 9, NULL, 'img/57/09_05.jpg'),
(2182, 58, 1, NULL, 'img/58/01_001.jpg'),
(2183, 58, 1, NULL, 'img/58/01_002.jpg'),
(2184, 58, 1, NULL, 'img/58/01_003.jpg'),
(2185, 58, 1, NULL, 'img/58/01_004.jpg'),
(2186, 58, 1, NULL, 'img/58/01_005.jpg'),
(2187, 58, 1, NULL, 'img/58/01_006.jpg'),
(2188, 58, 2, NULL, 'img/58/01_007.jpg'),
(2189, 58, 2, NULL, 'img/58/01_008.jpg'),
(2190, 58, 2, NULL, 'img/58/02_009.jpg'),
(2191, 58, 2, NULL, 'img/58/02_010.jpg'),
(2192, 58, 2, NULL, 'img/58/02_011.jpg'),
(2193, 58, 2, NULL, 'img/58/02_012.jpg'),
(2194, 58, 2, NULL, 'img/58/02_013.jpg'),
(2195, 58, 2, NULL, 'img/58/03_014.jpg'),
(2196, 58, 4, NULL, 'img/58/03_015.jpg'),
(2197, 58, 4, NULL, 'img/58/03_016.jpg'),
(2198, 58, 4, NULL, 'img/58/03_017.jpg'),
(2199, 58, 3, NULL, 'img/58/04_018.jpg'),
(2200, 58, 3, NULL, 'img/58/04_019.jpg'),
(2201, 58, 3, NULL, 'img/58/04_020.jpg'),
(2202, 58, 3, NULL, 'img/58/04_021.jpg'),
(2203, 58, 6, NULL, 'img/58/05_022.jpg'),
(2204, 58, 6, NULL, 'img/58/05_023.jpg'),
(2205, 58, 6, NULL, 'img/58/05_024.jpg'),
(2206, 58, 6, NULL, 'img/58/05_025.jpg'),
(2207, 58, 6, NULL, 'img/58/05_026.jpg'),
(2208, 58, 6, NULL, 'img/58/05_027.jpg'),
(2209, 58, 6, NULL, 'img/58/05_028.jpg'),
(2210, 58, 6, NULL, 'img/58/05_029.jpg'),
(2211, 58, 7, NULL, 'img/58/06_030.jpg'),
(2212, 58, 5, NULL, 'img/58/06_031.jpg'),
(2213, 58, 5, NULL, 'img/58/06_032.jpg'),
(2214, 58, 7, NULL, 'img/58/07_033.jpg'),
(2215, 58, 7, NULL, 'img/58/07_034.jpg'),
(2216, 58, 7, NULL, 'img/58/07_035.jpg'),
(2217, 58, 7, NULL, 'img/58/07_036.jpg'),
(2218, 58, 7, NULL, 'img/58/07_037.jpg'),
(2219, 58, 7, NULL, 'img/58/07_038.jpg'),
(2220, 58, 7, NULL, 'img/58/07_039.jpg'),
(2221, 58, 7, NULL, 'img/58/07_040.jpg'),
(2222, 58, 8, NULL, 'img/58/08_041.jpg'),
(2223, 58, 8, NULL, 'img/58/08_042.jpg'),
(2224, 58, 8, NULL, 'img/58/08_043.jpg'),
(2225, 58, 8, NULL, 'img/58/08_044.jpg'),
(2226, 58, 8, NULL, 'img/58/08_045.jpg'),
(2227, 58, 8, NULL, 'img/58/08_046.jpg'),
(2228, 58, 8, NULL, 'img/58/08_047.jpg'),
(2229, 58, 8, NULL, 'img/58/08_048.jpg'),
(2230, 58, 9, NULL, 'img/58/09_049.jpg'),
(2231, 58, 9, NULL, 'img/58/09_050.jpg'),
(2266, 59, 1, NULL, 'img/59/01_01.jpg'),
(2267, 59, 2, NULL, 'img/59/02_02.jpg'),
(2268, 59, 2, NULL, 'img/59/02_03.jpg'),
(2269, 59, 4, NULL, 'img/59/03_04.jpg'),
(2270, 59, 4, NULL, 'img/59/03_05.jpg'),
(2271, 59, 3, NULL, 'img/59/04_06.jpg'),
(2272, 59, 6, NULL, 'img/59/05_07.jpg'),
(2273, 59, 6, NULL, 'img/59/05_08.jpg'),
(2274, 59, 5, NULL, 'img/59/06_09.jpg'),
(2275, 59, 5, NULL, 'img/59/06_10.jpg'),
(2276, 59, 7, NULL, 'img/59/07_11.jpg'),
(2277, 59, 7, NULL, 'img/59/07_12.jpg'),
(2278, 59, 7, NULL, 'img/59/07_13.jpg'),
(2279, 59, 7, NULL, 'img/59/07_14.jpg'),
(2280, 59, 8, NULL, 'img/59/08_15.jpg'),
(2281, 59, 8, NULL, 'img/59/08_16.jpg'),
(2282, 59, 9, NULL, 'img/59/09_17.jpg'),
(2283, 60, 1, NULL, 'img/60/01_1.jpg'),
(2284, 60, 1, NULL, 'img/60/01_2.jpg'),
(2285, 60, 2, NULL, 'img/60/02_1.jpg'),
(2286, 60, 2, NULL, 'img/60/02_2.jpg'),
(2287, 60, 2, NULL, 'img/60/02_3.jpg'),
(2288, 60, 4, NULL, 'img/60/03_1.1..jpg'),
(2289, 60, 4, NULL, 'img/60/03_2.1..jpg'),
(2290, 60, 4, NULL, 'img/60/03_2.jpg'),
(2291, 60, 4, NULL, 'img/60/03_3.jpg'),
(2292, 60, 3, NULL, 'img/60/04_1.jpg'),
(2293, 60, 3, NULL, 'img/60/04_2.jpg'),
(2294, 60, 3, NULL, 'img/60/04_3.jpg'),
(2295, 60, 3, NULL, 'img/60/04_5.jpg'),
(2296, 60, 6, NULL, 'img/60/05_1.jpg'),
(2297, 60, 6, NULL, 'img/60/05_2.jpg'),
(2298, 60, 5, NULL, 'img/60/06_1.jpg'),
(2299, 60, 5, NULL, 'img/60/06_2.jpg'),
(2300, 60, 7, NULL, 'img/60/07_1.jpg'),
(2301, 60, 7, NULL, 'img/60/07_2.jpg'),
(2302, 60, 7, NULL, 'img/60/07_3.jpg'),
(2303, 60, 7, NULL, 'img/60/07_4.jpg'),
(2304, 60, 8, NULL, 'img/60/08_1.jpg'),
(2305, 60, 9, NULL, 'img/60/09_1.jpg'),
(2306, 60, 9, NULL, 'img/60/09_10.jpg'),
(2307, 60, 9, NULL, 'img/60/09_11.jpg'),
(2308, 60, 9, NULL, 'img/60/09_2.2.jpg'),
(2309, 60, 9, NULL, 'img/60/09_2.jpg'),
(2310, 60, 9, NULL, 'img/60/09_3.1..jpg'),
(2311, 60, 9, NULL, 'img/60/09_3.jpg'),
(2312, 60, 9, NULL, 'img/60/09_4.1.jpg'),
(2313, 60, 9, NULL, 'img/60/09_4.jpg'),
(2314, 60, 9, NULL, 'img/60/09_5.jpg'),
(2315, 60, 9, NULL, 'img/60/09_6.1.jpg'),
(2316, 60, 9, NULL, 'img/60/09_6.jpg'),
(2317, 60, 9, NULL, 'img/60/09_7.1..jpg'),
(2318, 60, 9, NULL, 'img/60/09_7.jpg'),
(2319, 60, 9, NULL, 'img/60/09_8.1..jpg'),
(2320, 60, 9, NULL, 'img/60/09_8.2..jpg'),
(2321, 60, 9, NULL, 'img/60/09_8.jpg'),
(2322, 61, 1, NULL, 'img/61/01_01.jpg'),
(2323, 61, 1, NULL, 'img/61/01_02.jpg'),
(2324, 61, 1, NULL, 'img/61/01_03.jpg'),
(2325, 61, 1, NULL, 'img/61/01_04.jpg'),
(2326, 61, 1, NULL, 'img/61/01_05.jpg'),
(2327, 61, 2, NULL, 'img/61/02_01.jpg'),
(2328, 61, 2, NULL, 'img/61/02_02.jpg'),
(2329, 61, 2, NULL, 'img/61/02_03.jpg'),
(2330, 61, 2, NULL, 'img/61/02_04.jpg'),
(2331, 61, 4, NULL, 'img/61/03_01.jpg'),
(2332, 61, 4, NULL, 'img/61/03_02.jpg'),
(2333, 61, 4, NULL, 'img/61/03_03.jpg'),
(2334, 61, 4, NULL, 'img/61/03_04.jpg'),
(2335, 61, 4, NULL, 'img/61/03_05.jpg'),
(2336, 61, 4, NULL, 'img/61/03_06.jpg'),
(2337, 61, 3, NULL, 'img/61/04_01.jpg'),
(2338, 61, 3, NULL, 'img/61/04_02.jpg'),
(2339, 61, 3, NULL, 'img/61/04_03.jpg'),
(2340, 61, 3, NULL, 'img/61/04_04.jpg'),
(2341, 61, 3, NULL, 'img/61/04_05.jpg'),
(2342, 61, 3, NULL, 'img/61/04_06.jpg'),
(2343, 61, 3, NULL, 'img/61/04_07.jpg'),
(2344, 61, 3, NULL, 'img/61/04_08.jpg'),
(2345, 61, 3, NULL, 'img/61/04_09.jpg'),
(2346, 61, 3, NULL, 'img/61/04_10.jpg'),
(2347, 61, 3, NULL, 'img/61/04_11.jpg'),
(2348, 61, 3, NULL, 'img/61/04_12.jpg'),
(2349, 61, 3, NULL, 'img/61/04_13.jpg'),
(2350, 61, 6, NULL, 'img/61/05_01.jpg'),
(2351, 61, 6, NULL, 'img/61/05_02.jpg'),
(2352, 61, 6, NULL, 'img/61/05_03.jpg'),
(2353, 61, 6, NULL, 'img/61/05_04.jpg'),
(2354, 61, 6, NULL, 'img/61/05_05.jpg'),
(2355, 61, 5, NULL, 'img/61/06_01.jpg'),
(2356, 61, 5, NULL, 'img/61/06_02.jpg'),
(2357, 61, 5, NULL, 'img/61/06_03.jpg'),
(2358, 61, 5, NULL, 'img/61/06_04.jpg'),
(2359, 61, 7, NULL, 'img/61/07_01.jpg'),
(2360, 61, 7, NULL, 'img/61/07_02.jpg'),
(2361, 61, 7, NULL, 'img/61/07_03.jpg'),
(2362, 61, 7, NULL, 'img/61/07_04.jpg'),
(2363, 61, 7, NULL, 'img/61/07_05.jpg'),
(2364, 61, 7, NULL, 'img/61/07_06.jpg'),
(2365, 61, 7, NULL, 'img/61/07_07.jpg'),
(2366, 61, 7, NULL, 'img/61/07_08.jpg'),
(2367, 61, 7, NULL, 'img/61/07_09.jpg'),
(2368, 61, 7, NULL, 'img/61/07_10.jpg'),
(2369, 61, 7, NULL, 'img/61/07_11.jpg'),
(2370, 61, 8, NULL, 'img/61/08_01.jpg'),
(2371, 61, 8, NULL, 'img/61/08_02.jpg'),
(2372, 61, 8, NULL, 'img/61/08_03.jpg'),
(2373, 61, 9, NULL, 'img/61/09_01.jpg'),
(2374, 61, 9, NULL, 'img/61/09_02.jpg'),
(2375, 61, 9, NULL, 'img/61/09_03.jpg'),
(2376, 61, 9, NULL, 'img/61/09_04.jpg'),
(2377, 61, 9, NULL, 'img/61/09_05.jpg'),
(2378, 61, 9, NULL, 'img/61/09_06.jpg'),
(2379, 61, 9, NULL, 'img/61/09_07.jpg'),
(2380, 61, 9, NULL, 'img/61/09_08.jpg'),
(2381, 61, 9, NULL, 'img/61/09_09.jpg'),
(2382, 61, 9, NULL, 'img/61/09_10.jpg'),
(2383, 61, 9, NULL, 'img/61/09_11.jpg'),
(2384, 61, 9, NULL, 'img/61/09_12.jpg'),
(2385, 61, 9, NULL, 'img/61/09_13.jpg'),
(2386, 61, 9, NULL, 'img/61/09_14.jpg'),
(2387, 61, 9, NULL, 'img/61/09_15.jpg'),
(2388, 61, 9, NULL, 'img/61/09_16.jpg'),
(2389, 61, 9, NULL, 'img/61/09_17.jpg'),
(2390, 61, 9, NULL, 'img/61/09_18.jpg'),
(2391, 61, 9, NULL, 'img/61/09_19.jpg'),
(2392, 61, 9, NULL, 'img/61/09_20.jpg'),
(2393, 61, 9, NULL, 'img/61/09_21.jpg'),
(2394, 61, 9, NULL, 'img/61/09_22.jpg'),
(2395, 61, 9, NULL, 'img/61/09_23.jpg'),
(2396, 61, 9, NULL, 'img/61/09_24.jpg'),
(2397, 61, 9, NULL, 'img/61/09_25.jpg'),
(2398, 61, 9, NULL, 'img/61/09_26.jpg'),
(2399, 61, 9, NULL, 'img/61/09_27.jpg'),
(2400, 61, 9, NULL, 'img/61/09_28.jpg'),
(2401, 61, 9, NULL, 'img/61/09_29.jpg'),
(2402, 61, 9, NULL, 'img/61/09_30.jpg'),
(2403, 61, 9, NULL, 'img/61/09_31.jpg'),
(2404, 61, 9, NULL, 'img/61/09_32.jpg'),
(2405, 62, 1, NULL, 'img/62/01_01.jpg'),
(2406, 62, 1, NULL, 'img/62/01_02.jpg'),
(2407, 62, 1, NULL, 'img/62/01_03.jpg'),
(2408, 62, 1, NULL, 'img/62/01_04.jpg'),
(2409, 62, 1, NULL, 'img/62/01_05.jpg'),
(2410, 62, 1, NULL, 'img/62/01_06.jpg'),
(2411, 62, 1, NULL, 'img/62/01_07.jpg'),
(2412, 62, 1, NULL, 'img/62/01_8.jpg'),
(2413, 62, 2, NULL, 'img/62/02_01.jpg'),
(2414, 62, 2, NULL, 'img/62/02_02.jpg'),
(2415, 62, 2, NULL, 'img/62/02_03.jpg'),
(2416, 62, 2, NULL, 'img/62/02_04.jpg'),
(2417, 62, 2, NULL, 'img/62/02_05.jpg'),
(2418, 62, 2, NULL, 'img/62/02_06.jpg'),
(2419, 62, 4, NULL, 'img/62/03_01.jpg'),
(2420, 62, 4, NULL, 'img/62/03_02.jpg'),
(2421, 62, 3, NULL, 'img/62/04_01.jpg'),
(2422, 62, 3, NULL, 'img/62/04_02.jpg'),
(2423, 62, 3, NULL, 'img/62/04_03.jpg'),
(2424, 62, 6, NULL, 'img/62/05_01.jpg'),
(2425, 62, 6, NULL, 'img/62/05_02.jpg'),
(2426, 62, 6, NULL, 'img/62/05_03.jpg'),
(2427, 62, 6, NULL, 'img/62/05_04.jpg'),
(2428, 62, 6, NULL, 'img/62/05_05.jpg'),
(2429, 62, 5, NULL, 'img/62/06_01.jpg'),
(2430, 62, 5, NULL, 'img/62/06_02.jpg'),
(2431, 62, 5, NULL, 'img/62/06_03.jpg'),
(2432, 62, 5, NULL, 'img/62/06_04.jpg'),
(2433, 62, 7, NULL, 'img/62/07_01.jpg'),
(2434, 62, 7, NULL, 'img/62/07_02.jpg'),
(2435, 62, 7, NULL, 'img/62/07_03.jpg'),
(2436, 62, 7, NULL, 'img/62/07_04.jpg'),
(2437, 62, 7, NULL, 'img/62/07_05.jpg'),
(2438, 62, 8, NULL, 'img/62/08_01.jpg'),
(2439, 62, 8, NULL, 'img/62/08_02.jpg'),
(2440, 62, 8, NULL, 'img/62/08_03.jpg'),
(2441, 62, 8, NULL, 'img/62/08_04.jpg'),
(2442, 62, 8, NULL, 'img/62/08_05.jpg'),
(2443, 62, 8, NULL, 'img/62/08_06.jpg'),
(2444, 62, 8, NULL, 'img/62/08_07.jpg'),
(2445, 62, 9, NULL, 'img/62/09_01.jpg'),
(2446, 62, 9, NULL, 'img/62/09_02.jpg'),
(2447, 62, 9, NULL, 'img/62/09_03.jpg'),
(2448, 62, 9, NULL, 'img/62/09_04.jpg'),
(2449, 62, 9, NULL, 'img/62/09_05.jpg'),
(2450, 62, 9, NULL, 'img/62/09_06.jpg'),
(2491, 50, 1, NULL, 'img/50/01_001.jpg'),
(2492, 50, 1, NULL, 'img/50/01_002.jpg'),
(2493, 50, 1, NULL, 'img/50/01_003.jpg'),
(2494, 50, 2, NULL, 'img/50/02_004.jpg'),
(2495, 50, 2, NULL, 'img/50/02_005.jpg'),
(2496, 50, 2, NULL, 'img/50/02_006.jpg'),
(2497, 50, 2, NULL, 'img/50/02_007.jpg'),
(2498, 50, 4, NULL, 'img/50/03_008.jpg'),
(2499, 50, 4, NULL, 'img/50/03_009.jpg'),
(2500, 50, 4, NULL, 'img/50/03_010.jpg'),
(2501, 50, 6, NULL, 'img/50/05_011.jpg'),
(2502, 50, 6, NULL, 'img/50/05_012.jpg'),
(2503, 50, 6, NULL, 'img/50/05_013.jpg'),
(2504, 50, 6, NULL, 'img/50/05_014.jpg'),
(2505, 50, 5, NULL, 'img/50/06_015.jpg'),
(2506, 50, 5, NULL, 'img/50/06_016.jpg'),
(2507, 50, 7, NULL, 'img/50/07_017.jpg'),
(2508, 50, 7, NULL, 'img/50/07_018.jpg'),
(2509, 50, 7, NULL, 'img/50/07_019.jpg'),
(2510, 50, 7, NULL, 'img/50/07_020.jpg'),
(2511, 50, 8, NULL, 'img/50/08-023.jpg'),
(2512, 50, 8, NULL, 'img/50/08_021.jpg'),
(2513, 50, 8, NULL, 'img/50/08_022.jpg'),
(2514, 50, 9, NULL, 'img/50/09_024.jpg'),
(2515, 50, 9, NULL, 'img/50/09_025.jpg'),
(2516, 50, 9, NULL, 'img/50/09_026.jpg'),
(2517, 50, 9, NULL, 'img/50/09_027.jpg'),
(2518, 48, 1, NULL, 'img/48/01_01.jpg.jpg'),
(2519, 48, 1, NULL, 'img/48/01_02.jpg.jpg'),
(2520, 48, 1, NULL, 'img/48/01_03.jpg.jpg'),
(2521, 48, 1, NULL, 'img/48/01_04.jpg.jpg'),
(2522, 48, 2, NULL, 'img/48/02_01.jpg.jpg'),
(2523, 48, 2, NULL, 'img/48/02_02.jpg.jpg'),
(2524, 48, 2, NULL, 'img/48/02_03.jpg.jpg'),
(2525, 48, 4, NULL, 'img/48/03_01.jpg.jpg'),
(2526, 48, 4, NULL, 'img/48/03_02.jpg.jpg'),
(2527, 48, 4, NULL, 'img/48/03_03.jpg.jpg'),
(2528, 48, 4, NULL, 'img/48/03_04.jpg.jpg'),
(2529, 48, 4, NULL, 'img/48/03_05.jpg.jpg'),
(2530, 48, 4, NULL, 'img/48/03_06.jpg.jpg'),
(2531, 48, 3, NULL, 'img/48/04_01.jpg.jpg'),
(2532, 48, 3, NULL, 'img/48/04_02.jpg.jpg'),
(2533, 48, 3, NULL, 'img/48/04_03.jpg.jpg'),
(2534, 48, 3, NULL, 'img/48/04_04.jpg.jpg'),
(2535, 48, 3, NULL, 'img/48/04_05.jpg.jpg'),
(2536, 48, 3, NULL, 'img/48/04_06.jpg.jpg'),
(2537, 48, 3, NULL, 'img/48/04_07.jpg.jpg'),
(2538, 48, 6, NULL, 'img/48/05_01.jpg.jpg'),
(2539, 48, 6, NULL, 'img/48/05_02.jpg.jpg'),
(2540, 48, 5, NULL, 'img/48/06_01.jpg.jpg'),
(2541, 48, 5, NULL, 'img/48/06_02.jpg.jpg'),
(2542, 48, 5, NULL, 'img/48/06_03.jpg.jpg'),
(2543, 48, 5, NULL, 'img/48/06_04.jpg.jpeg'),
(2544, 48, 7, NULL, 'img/48/07_01.jpg.jpg'),
(2545, 48, 7, NULL, 'img/48/07_02.jpg.jpg'),
(2546, 48, 7, NULL, 'img/48/07_03.jpg.jpg'),
(2547, 48, 7, NULL, 'img/48/07_04.jpg.jpeg'),
(2548, 48, 8, NULL, 'img/48/08_01.jpg.jpg'),
(2549, 48, 8, NULL, 'img/48/08_02.jpg.jpg'),
(2550, 48, 9, NULL, 'img/48/09_01.jpg.jpg'),
(2551, 48, 9, NULL, 'img/48/09_02.jpg.jpg'),
(2552, 48, 9, NULL, 'img/48/09_03.jpg.jpg'),
(2570, 63, 1, NULL, 'img/63/01_1.jpg'),
(2571, 63, 1, NULL, 'img/63/02_1.jpg'),
(2572, 63, 9, NULL, 'img/63/03_1.jpg'),
(2573, 63, 2, NULL, 'img/63/03_2.jpg'),
(2574, 63, 2, NULL, 'img/63/04_1.jpg'),
(2575, 63, 3, NULL, 'img/63/05_1.jpg'),
(2576, 63, 3, NULL, 'img/63/06_1.jpg'),
(2577, 63, 3, NULL, 'img/63/06_2.jpg'),
(2578, 63, 8, NULL, 'img/63/07_1.jpg'),
(2579, 63, 6, NULL, 'img/63/08_1.jpg'),
(2580, 63, 7, NULL, 'img/63/09_1.jpg'),
(2581, 63, 5, NULL, 'img/63/10_1.jpg'),
(2582, 63, 4, NULL, 'img/63/11_1.jpg'),
(2583, 63, 4, NULL, 'img/63/12_1.jpg'),
(2584, 63, 7, NULL, 'img/63/12_2.jpg'),
(2585, 63, 7, NULL, 'img/63/12_3.jpg'),
(2586, 63, 7, NULL, 'img/63/13_1.jpg'),
(2643, 65, 1, NULL, 'img/65/01_10.jpg'),
(2644, 65, 1, NULL, 'img/65/02_11.jpg'),
(2645, 65, 1, 1, 'img/65/03_12.jpg'),
(2646, 65, 2, NULL, 'img/65/03_13.jpg'),
(2647, 65, 2, NULL, 'img/65/03_14.jpg'),
(2648, 65, 4, NULL, 'img/65/05_15.jpg'),
(2649, 65, 4, NULL, 'img/65/05_16.jpg'),
(2650, 65, 9, NULL, 'img/65/05_162.jpg'),
(2651, 65, 4, NULL, 'img/65/05_17.jpg'),
(2652, 65, 9, NULL, 'img/65/05_172.jpg'),
(2653, 65, 9, NULL, 'img/65/05_174.jpg'),
(2654, 65, 8, NULL, 'img/65/07_1.jpg'),
(2655, 65, 6, NULL, 'img/65/07_17.jpg'),
(2656, 65, 8, NULL, 'img/65/07_18.jpg'),
(2657, 65, 6, NULL, 'img/65/08_19.jpg'),
(2658, 65, 6, NULL, 'img/65/08_20.jpg'),
(2659, 65, 6, NULL, 'img/65/09_21.jpg'),
(2660, 65, 5, NULL, 'img/65/10_22.jpg'),
(2661, 65, 9, NULL, 'img/65/10_23.jpg'),
(2662, 65, 5, NULL, 'img/65/10_24.jpg'),
(2663, 65, 7, NULL, 'img/65/12_25.jpg'),
(2664, 65, 9, NULL, 'img/65/12_26.jpg'),
(2665, 65, 9, NULL, 'img/65/12_27.jpg'),
(2666, 65, 9, NULL, 'img/65/12_281.jpg'),
(2667, 65, 9, NULL, 'img/65/12_29.jpg'),
(2668, 65, 9, NULL, 'img/65/12_30.jpg'),
(2669, 65, 9, NULL, 'img/65/12_31.jpg'),
(2670, 65, 9, NULL, 'img/65/12_32.jpg'),
(2671, 65, 11, NULL, 'img/65/12_33.jpg'),
(2672, 65, 9, NULL, 'img/65/12_34.jpg'),
(2673, 65, 9, NULL, 'img/65/12_35.jpg'),
(2674, 65, 9, NULL, 'img/65/14_2.jpg'),
(2675, 65, 9, NULL, 'img/65/14_3.jpg'),
(2676, 65, 9, NULL, 'img/65/14_4.jpg'),
(2677, 65, 9, NULL, 'img/65/14_5.jpg'),
(2678, 65, 9, NULL, 'img/65/14_6.jpg'),
(2679, 66, 1, NULL, 'img/66/01_1.jpg'),
(2680, 66, 1, NULL, 'img/66/01_2.jpg'),
(2681, 66, 1, NULL, 'img/66/01_3.jpg'),
(2682, 66, 5, NULL, 'img/66/06_01.jpg'),
(2683, 66, 5, NULL, 'img/66/06_02.jpg'),
(2684, 66, 5, NULL, 'img/66/06_03.jpg'),
(2685, 66, 5, NULL, 'img/66/06_04.jpg'),
(2686, 66, 5, NULL, 'img/66/06_05.jpg'),
(2701, 67, 9, NULL, 'img/67/01_20210701.ipg.jpg'),
(2702, 67, 9, NULL, 'img/67/01_20210702.ipg.jpg'),
(2703, 67, 9, NULL, 'img/67/01_20210703.ipg.jpg'),
(2704, 67, 9, NULL, 'img/67/01_20210704.ipg.jpg'),
(2705, 67, 9, NULL, 'img/67/01_20210705.ipg.jpg'),
(2706, 67, 9, NULL, 'img/67/02_01.ipg.jpg'),
(2707, 67, 9, NULL, 'img/67/02_02.ipg.jpg'),
(2708, 67, 9, NULL, 'img/67/02_03.ipg.jpg'),
(2709, 67, 9, NULL, 'img/67/02_04.ipg.jpg'),
(2710, 67, 9, NULL, 'img/67/09_01.ipg.jpg'),
(2711, 67, 9, NULL, 'img/67/09_02.ipg.jpg'),
(2712, 67, 9, NULL, 'img/67/09_03.ipg.jpg'),
(2713, 67, 9, NULL, 'img/67/09_04.ipg.jpg'),
(2714, 67, 9, NULL, 'img/67/09_05.ipg.jpg'),
(2715, 68, 1, NULL, 'img/68/01_1.jpg'),
(2716, 68, 1, NULL, 'img/68/01_2.jpg'),
(2717, 68, 1, NULL, 'img/68/01_3.jpg'),
(2718, 68, 2, NULL, 'img/68/02_1.jpg'),
(2719, 68, 1, NULL, 'img/68/02_2.jpg'),
(2720, 68, 1, NULL, 'img/68/02_3.jpg'),
(2721, 68, 1, NULL, 'img/68/02_4.jpg'),
(2722, 68, 9, NULL, 'img/68/02_5.jpg'),
(2723, 68, 9, NULL, 'img/68/07_1.jpg'),
(2724, 68, 7, NULL, 'img/68/07_2.jpg'),
(2725, 68, 7, NULL, 'img/68/07_3.jpg'),
(2726, 68, 8, NULL, 'img/68/08_1.jpg'),
(2727, 68, 9, NULL, 'img/68/09_1.jpg'),
(2728, 68, 9, NULL, 'img/68/09_2.jpg'),
(2729, 68, 9, NULL, 'img/68/09_3.jpg'),
(2730, 68, 9, NULL, 'img/68/09_4.jpg'),
(2731, 68, 9, NULL, 'img/68/09_5.jpg'),
(2732, 69, 1, NULL, 'img/69/01_1.jpg'),
(2733, 69, 1, NULL, 'img/69/01_2.jpg'),
(2734, 69, 1, NULL, 'img/69/01_3.jpg'),
(2735, 69, 2, NULL, 'img/69/02_1.jpg'),
(2736, 69, 2, NULL, 'img/69/02_2.jpg'),
(2737, 69, 2, NULL, 'img/69/02_3.jpg'),
(2738, 69, 4, NULL, 'img/69/03_1.jpg'),
(2739, 69, 4, NULL, 'img/69/03_2.jpg'),
(2740, 69, 6, NULL, 'img/69/05_1.jpg'),
(2741, 69, 6, NULL, 'img/69/05_2.jpg'),
(2742, 69, 6, NULL, 'img/69/05_3.jpg'),
(2743, 69, 6, NULL, 'img/69/05_4.jpg'),
(2744, 69, 5, NULL, 'img/69/06_1.jpg'),
(2745, 69, 7, NULL, 'img/69/07_1.jpg'),
(2746, 69, 7, NULL, 'img/69/07_2.jpg'),
(2747, 69, 7, NULL, 'img/69/07_3.jpg'),
(2748, 69, 8, NULL, 'img/69/08_1.jpg'),
(2749, 69, 8, NULL, 'img/69/08_2.jpg'),
(2750, 69, 9, NULL, 'img/69/09_1.jpg'),
(2751, 69, 9, NULL, 'img/69/09_2.JPG'),
(2752, 69, 9, NULL, 'img/69/09_3.JPG'),
(2753, 69, 9, NULL, 'img/69/09_4.jpg'),
(2754, 69, 9, NULL, 'img/69/09_5.jpg'),
(2755, 70, 1, NULL, 'img/70/01_1.jpg'),
(2756, 70, 1, NULL, 'img/70/01_2.jpg'),
(2757, 70, 1, NULL, 'img/70/01_3.jpg'),
(2758, 70, 2, NULL, 'img/70/02_1.jpg'),
(2759, 70, 2, NULL, 'img/70/02_2.jpg'),
(2760, 70, 2, NULL, 'img/70/02_3.jpg'),
(2761, 70, 4, NULL, 'img/70/03_1.jpg'),
(2762, 70, 4, NULL, 'img/70/03_2.jpg'),
(2763, 70, 4, NULL, 'img/70/03_3.jpg'),
(2764, 70, 4, NULL, 'img/70/03_4.jpg'),
(2765, 70, 4, NULL, 'img/70/03_5.jpg'),
(2766, 70, 3, NULL, 'img/70/04_1.jpg'),
(2767, 70, 3, NULL, 'img/70/04_2.jpg'),
(2768, 70, 3, NULL, 'img/70/04_3.jpg'),
(2769, 70, 3, NULL, 'img/70/04_4.jpg'),
(2770, 70, 6, NULL, 'img/70/05_1.jpg'),
(2771, 70, 6, NULL, 'img/70/05_2.jpg'),
(2772, 70, 6, NULL, 'img/70/05_3.jpg'),
(2773, 70, 5, NULL, 'img/70/06_1.jpg'),
(2774, 70, 5, NULL, 'img/70/06_2.jpg'),
(2775, 70, 5, NULL, 'img/70/06_3.jpg'),
(2776, 70, 5, NULL, 'img/70/06_4.jpg'),
(2777, 70, 5, NULL, 'img/70/06_5.jpg'),
(2778, 70, 7, NULL, 'img/70/07_1.jpg'),
(2779, 70, 7, NULL, 'img/70/07_2.jpg'),
(2780, 70, 7, NULL, 'img/70/07_3.jpg'),
(2781, 70, 8, NULL, 'img/70/08_1.jpg'),
(2782, 70, 8, NULL, 'img/70/08_2.jpg'),
(2783, 70, 8, NULL, 'img/70/08_3.jpg'),
(2784, 70, 9, NULL, 'img/70/09_1.jpg'),
(2785, 70, 9, NULL, 'img/70/09_10.jpg'),
(2786, 70, 9, NULL, 'img/70/09_11.jpg'),
(2787, 70, 9, NULL, 'img/70/09_12.jpg'),
(2788, 70, 9, NULL, 'img/70/09_13.jpg'),
(2789, 70, 9, NULL, 'img/70/09_14.jpg'),
(2790, 70, 9, NULL, 'img/70/09_15.jpg'),
(2791, 70, 9, NULL, 'img/70/09_16.jpg'),
(2792, 70, 9, NULL, 'img/70/09_17.jpg'),
(2793, 70, 9, NULL, 'img/70/09_18.jpg'),
(2794, 70, 9, NULL, 'img/70/09_19.jpg'),
(2795, 70, 9, NULL, 'img/70/09_2.jpg'),
(2796, 70, 9, NULL, 'img/70/09_20.jpg'),
(2797, 70, 9, NULL, 'img/70/09_21.jpg'),
(2798, 70, 9, NULL, 'img/70/09_22.jpg'),
(2799, 70, 9, NULL, 'img/70/09_23.jpg'),
(2800, 70, 9, NULL, 'img/70/09_24.jpg'),
(2801, 70, 9, NULL, 'img/70/09_3.jpg'),
(2802, 70, 9, NULL, 'img/70/09_4.jpg'),
(2803, 70, 9, NULL, 'img/70/09_5.jpg'),
(2804, 70, 9, NULL, 'img/70/09_6.jpg'),
(2805, 70, 9, NULL, 'img/70/09_7.jpg'),
(2806, 70, 9, NULL, 'img/70/09_8.jpg'),
(2807, 70, 9, NULL, 'img/70/09_9.jpg'),
(2862, 71, 1, NULL, 'img/71/01_356.jpg'),
(2863, 71, 4, NULL, 'img/71/03_357.jpg'),
(2864, 71, 4, NULL, 'img/71/03_358.jpg'),
(2865, 71, 9, NULL, 'img/71/09_359..jpg'),
(2866, 71, 9, NULL, 'img/71/09_360..jpg'),
(2868, 72, 1, NULL, 'img/72/01_356.jpg'),
(2869, 72, 2, NULL, 'img/72/02_357.jpg'),
(2870, 72, 2, NULL, 'img/72/02_358.jpg'),
(2871, 72, 4, NULL, 'img/72/03_359.jpg'),
(2872, 72, 3, NULL, 'img/72/04_360.jpg'),
(2873, 72, 3, NULL, 'img/72/04_361.jpg'),
(2874, 73, 1, NULL, 'img/73/01_1.jpg'),
(2875, 73, 1, NULL, 'img/73/01_2.jpg'),
(2876, 73, 1, NULL, 'img/73/01_3.jpg'),
(2877, 73, 1, NULL, 'img/73/01_4.jpg'),
(2878, 73, 1, NULL, 'img/73/01_5.jpg'),
(2879, 73, 1, NULL, 'img/73/01_6.jpg'),
(2880, 73, 1, NULL, 'img/73/01_7.jpg'),
(2881, 73, 1, NULL, 'img/73/01_8.jpg'),
(2882, 73, 1, NULL, 'img/73/01_9.jpg'),
(2883, 73, 6, NULL, 'img/73/05_1.jpg'),
(2884, 73, 6, NULL, 'img/73/05_2.jpg'),
(2885, 73, 6, NULL, 'img/73/05_3.jpg'),
(2886, 73, 1, NULL, 'img/73/12_1.jpg'),
(2887, 49, 1, NULL, 'img/49/01_1.jpg'),
(2888, 49, 1, NULL, 'img/49/01_2.jpg'),
(2889, 49, 2, NULL, 'img/49/02_1.jpg'),
(2890, 49, 2, NULL, 'img/49/02_2.jpg'),
(2891, 49, 2, NULL, 'img/49/02_3.jpg'),
(2892, 49, 4, NULL, 'img/49/03_1.jpg'),
(2893, 49, 4, 1, 'img/49/03_2.jpg'),
(2894, 49, 4, NULL, 'img/49/03_3.jpeg'),
(2895, 49, 3, NULL, 'img/49/04_1.jpg'),
(2896, 49, 3, 1, 'img/49/04_2.jpg'),
(2897, 49, 6, NULL, 'img/49/05_1.jpg'),
(2898, 49, 6, NULL, 'img/49/05_2.jpg'),
(2899, 49, 5, NULL, 'img/49/06_1.jpg'),
(2900, 49, 5, NULL, 'img/49/06_2.jpg'),
(2901, 49, 7, NULL, 'img/49/07_1.jpg'),
(2902, 49, 7, NULL, 'img/49/07_2.jpeg'),
(2903, 49, 8, NULL, 'img/49/08_1.jpg'),
(2904, 49, 8, NULL, 'img/49/08_2.jpg'),
(2905, 49, 9, NULL, 'img/49/09_1.jpg'),
(2906, 49, 9, NULL, 'img/49/09_2.jpg'),
(2907, 49, 9, NULL, 'img/49/09_3.jpg'),
(2908, 49, 9, NULL, 'img/49/09_4.jpg'),
(2909, 49, 9, NULL, 'img/49/09_5.jpg'),
(2910, 49, 9, NULL, 'img/49/09_6.jpg'),
(2911, 49, 5, NULL, 'img/49/6_11.jpeg'),
(2912, 49, 5, NULL, 'img/49/6_12.jpeg'),
(2913, 49, 5, NULL, 'img/49/6_13.jpeg'),
(2914, 49, 5, NULL, 'img/49/6_15.jpeg'),
(2915, 49, 5, NULL, 'img/49/6_16.jpeg'),
(2916, 49, 5, NULL, 'img/49/6_17.jpeg'),
(2917, 74, 1, NULL, 'img/74/01_1.jpg'),
(2918, 74, 1, NULL, 'img/74/01_2.jpg'),
(2919, 74, 1, NULL, 'img/74/01_3.jpg'),
(2920, 74, 2, NULL, 'img/74/02_4.jpg'),
(2921, 74, 2, NULL, 'img/74/03_5.jpg'),
(2922, 74, 2, NULL, 'img/74/03_6.jpg'),
(2923, 74, 2, NULL, 'img/74/04_7.jpg'),
(2924, 74, 4, NULL, 'img/74/05_8.jpg'),
(2925, 74, 4, NULL, 'img/74/05_9.jpg'),
(2926, 74, 3, NULL, 'img/74/06_10.jpg'),
(2927, 74, 3, NULL, 'img/74/06_11.jpg'),
(2928, 74, 3, NULL, 'img/74/06_12.jpg'),
(2929, 74, 3, NULL, 'img/74/06_13.jpg'),
(2930, 74, 8, NULL, 'img/74/07_14.jpg'),
(2931, 74, 6, NULL, 'img/74/08_15.jpg'),
(2932, 74, 6, NULL, 'img/74/08_16.jpg'),
(2933, 74, 6, NULL, 'img/74/08_17.jpg'),
(2934, 74, 6, NULL, 'img/74/09_18.jpg'),
(2935, 74, 6, NULL, 'img/74/09_19.jpg'),
(2936, 74, 5, NULL, 'img/74/10_20.jpg'),
(2937, 74, 5, NULL, 'img/74/10_21.jpg'),
(2938, 74, 5, NULL, 'img/74/10_22.jpg'),
(2939, 74, 5, NULL, 'img/74/10_23.jpg'),
(2940, 74, 5, NULL, 'img/74/10_24.jpg'),
(2941, 74, 5, NULL, 'img/74/10_25.jpg'),
(2942, 74, 4, NULL, 'img/74/11_26.jpg'),
(2943, 74, 2, NULL, 'img/74/11_27.jpg'),
(2944, 74, 6, NULL, 'img/74/12_28.jpg'),
(2945, 74, 7, NULL, 'img/74/12_29.jpg'),
(2946, 74, 7, NULL, 'img/74/12_30.jpg'),
(2947, 74, 7, NULL, 'img/74/12_31.jpg'),
(2948, 74, 7, NULL, 'img/74/12_32.jpg'),
(2949, 74, 7, NULL, 'img/74/13_33.jpg'),
(2950, 75, 1, NULL, 'img/75/01_1625120517123.jpg'),
(2951, 75, 1, NULL, 'img/75/02_1625120517117.jpg'),
(2952, 75, 1, NULL, 'img/75/03_1625120517112.jpg'),
(2953, 75, 2, NULL, 'img/75/04_1625120517132.jpg'),
(2954, 75, 2, NULL, 'img/75/05_162512051723.jpg'),
(2955, 75, 3, NULL, 'img/75/06_1625120517102.jpg'),
(2956, 75, 3, NULL, 'img/75/06_1625121610427.jpg'),
(2957, 75, 8, NULL, 'img/75/07_1625120517092.jpg'),
(2958, 75, 8, NULL, 'img/75/07_1625120517098.jpg'),
(2959, 75, 8, NULL, 'img/75/07_1625120517151.jpg'),
(2960, 75, 8, NULL, 'img/75/07_1625120517170.jpg'),
(2961, 75, 8, NULL, 'img/75/07_1625120517175.jpg'),
(2962, 75, 8, NULL, 'img/75/07_1625120517193.jpg'),
(2963, 75, 9, NULL, 'img/75/10_1625121210683.jpg'),
(2964, 75, 5, NULL, 'img/75/10_1625121210692.jpg'),
(2965, 75, 7, NULL, 'img/75/12_1625120517141.jpg'),
(2966, 75, 7, NULL, 'img/75/12_1625120517156.jpg'),
(2967, 75, 9, NULL, 'img/75/12_1625120517161.jpg'),
(2968, 75, 7, NULL, 'img/75/12_1625120517188.jpg'),
(2969, 75, 7, NULL, 'img/75/13_1625120517180.jpg'),
(2984, 77, 1, NULL, 'img/77/01__001.jpg'),
(2985, 77, 1, NULL, 'img/77/01___002.jpg'),
(2986, 77, 2, NULL, 'img/77/03___003.jpg'),
(2987, 77, 3, NULL, 'img/77/03___004.jpg'),
(2988, 77, 2, NULL, 'img/77/04___005.jpg'),
(2989, 77, 4, NULL, 'img/77/05___006.jpg'),
(2990, 77, 3, NULL, 'img/77/06___007.jpg'),
(2991, 77, 3, NULL, 'img/77/06___008.jpg'),
(2992, 77, 3, NULL, 'img/77/06___016.jpg'),
(2993, 77, 8, NULL, 'img/77/07___009.jpg'),
(2994, 77, 8, NULL, 'img/77/07___010.jpg'),
(2995, 77, 6, NULL, 'img/77/08___011.jpg'),
(2996, 77, 6, NULL, 'img/77/08___012.jpg'),
(2997, 77, 6, NULL, 'img/77/09___013.jpg'),
(2998, 77, 4, NULL, 'img/77/11___015.jpg'),
(2999, 78, 7, NULL, 'img/78/07_1.jpg'),
(3000, 78, 7, NULL, 'img/78/07_2.jpg'),
(3001, 78, 7, NULL, 'img/78/07_3.jpg'),
(3002, 78, 7, NULL, 'img/78/07_4.jpg'),
(3003, 78, 9, NULL, 'img/78/09_1.jpg'),
(3004, 78, 9, NULL, 'img/78/09_2.jpg'),
(3005, 78, 9, NULL, 'img/78/09_3.jpg'),
(3006, 78, 9, NULL, 'img/78/09_4.jpg'),
(3007, 78, 9, NULL, 'img/78/09_5.jpg'),
(3008, 79, 1, NULL, 'img/79/01_1.jpeg'),
(3009, 79, 1, NULL, 'img/79/10_2.jpeg'),
(3010, 79, 1, NULL, 'img/79/10_3.jpeg'),
(3011, 80, 1, NULL, 'img/80/01_3562.JPG'),
(3012, 80, 1, NULL, 'img/80/01_357.JPG'),
(3013, 80, 9, NULL, 'img/80/01_359.jpg'),
(3014, 80, 9, NULL, 'img/80/01_360.jpg'),
(3015, 80, 9, NULL, 'img/80/01_361.jpg'),
(3016, 80, 9, NULL, 'img/80/01_362.jpg'),
(3017, 80, 9, NULL, 'img/80/01_363.jpg'),
(3018, 80, 2, NULL, 'img/80/02_358..JPG'),
(3019, 80, 9, NULL, 'img/80/09_364.jpg'),
(3020, 80, 9, NULL, 'img/80/09_365.jpg'),
(3021, 80, 9, NULL, 'img/80/09_366.jpg'),
(3022, 81, 6, NULL, 'img/81/05_401.jpg.jpg'),
(3023, 81, 6, NULL, 'img/81/05_402.jpg.jpg'),
(3024, 81, 7, NULL, 'img/81/07_403.jpg.jpg'),
(3025, 81, 9, NULL, 'img/81/09_390.jpg.jpg'),
(3026, 81, 9, NULL, 'img/81/09_391.jpg.jpg'),
(3027, 81, 9, NULL, 'img/81/09_392.jpg.jpg'),
(3028, 81, 9, NULL, 'img/81/09_393.jpg.jpg'),
(3029, 81, 9, NULL, 'img/81/09_394.jpg.jpg'),
(3030, 81, 9, NULL, 'img/81/09_395.jpg.jpg'),
(3031, 81, 9, NULL, 'img/81/09_396.jpg.jpg'),
(3032, 81, 9, NULL, 'img/81/09_397.jpg.jpg'),
(3033, 81, 9, NULL, 'img/81/09_398.jpg.jpg'),
(3034, 81, 9, NULL, 'img/81/09_399.jpg.jpg'),
(3035, 81, 9, NULL, 'img/81/09_400.jpg.jpg'),
(3036, 81, 9, NULL, 'img/81/09_404.jpg.jpg'),
(3037, 82, 1, NULL, 'img/82/01_1.jpg'),
(3038, 82, 1, NULL, 'img/82/01_2.jpg'),
(3039, 82, 2, NULL, 'img/82/02_1.jpg'),
(3040, 82, 2, NULL, 'img/82/02_2.jpg'),
(3041, 82, 2, NULL, 'img/82/02_3.jpg'),
(3042, 82, 4, NULL, 'img/82/03_1.jpg'),
(3043, 82, 4, NULL, 'img/82/03_2.jpg'),
(3044, 82, 3, NULL, 'img/82/04_1.jpg'),
(3045, 82, 3, NULL, 'img/82/04_2.jpg'),
(3046, 82, 6, NULL, 'img/82/05_1.jpg'),
(3047, 82, 6, NULL, 'img/82/05_2.jpg'),
(3048, 82, 6, NULL, 'img/82/05_3.jpg'),
(3049, 82, 5, NULL, 'img/82/06_1.jpg'),
(3050, 82, 5, NULL, 'img/82/06_2.jpg'),
(3051, 82, 5, NULL, 'img/82/06_3.jpg'),
(3052, 82, 5, NULL, 'img/82/06_4.jpg'),
(3053, 82, 5, NULL, 'img/82/06_5.jpg'),
(3054, 82, 5, NULL, 'img/82/06_6.jpg'),
(3055, 82, 5, NULL, 'img/82/06_7.jpg'),
(3056, 82, 7, NULL, 'img/82/07_1.jpg'),
(3057, 82, 7, NULL, 'img/82/07_2.jpg'),
(3058, 82, 7, NULL, 'img/82/07_3.jpg'),
(3059, 82, 8, NULL, 'img/82/08_1.jpg'),
(3060, 82, 8, NULL, 'img/82/08_2.jpg'),
(3061, 82, 8, NULL, 'img/82/08_3.jpg'),
(3062, 82, 9, NULL, 'img/82/09_1.jpg'),
(3063, 82, 9, NULL, 'img/82/09_2.jpg'),
(3064, 82, 9, NULL, 'img/82/09_3.jpg'),
(3065, 82, 9, NULL, 'img/82/09_4.jpg'),
(3066, 82, 9, NULL, 'img/82/09_5.jpg'),
(3067, 82, 9, NULL, 'img/82/09_6.jpg'),
(3068, 82, 9, NULL, 'img/82/09_7.jpg'),
(3069, 82, 9, NULL, 'img/82/09_8.jpg'),
(3070, 82, 9, NULL, 'img/82/09_9.jpg'),
(3071, 82, 9, NULL, 'img/82/èπΓπΦ.docx'),
(3088, 83, 1, NULL, 'img/83/01_01.jpg'),
(3089, 83, 1, NULL, 'img/83/01_02.jpg'),
(3090, 83, 1, NULL, 'img/83/01_25.jpg'),
(3091, 83, 1, NULL, 'img/83/01_27.jpg'),
(3092, 83, 2, NULL, 'img/83/02_03.jpg'),
(3093, 83, 2, NULL, 'img/83/02_04.jpg'),
(3094, 83, 2, NULL, 'img/83/02_1.jpg'),
(3095, 83, 2, NULL, 'img/83/02_26.jpg'),
(3096, 83, 4, NULL, 'img/83/03_05.jpg'),
(3097, 83, 4, 1, 'img/83/03_18.jpg'),
(3098, 83, 4, 1, 'img/83/03_19.jpg'),
(3099, 83, 4, NULL, 'img/83/03_2.jpg'),
(3100, 83, 4, NULL, 'img/83/03_3.jpg'),
(3101, 83, 4, NULL, 'img/83/03_4.jpg'),
(3102, 83, 4, 1, 'img/83/03_5.jpg'),
(3103, 83, 3, NULL, 'img/83/04_010.jpg'),
(3104, 83, 3, NULL, 'img/83/04_011.jpg'),
(3105, 83, 3, NULL, 'img/83/04_6.jpg'),
(3106, 83, 3, NULL, 'img/83/04_7.jpg'),
(3107, 83, 3, NULL, 'img/83/04_8.jpg'),
(3108, 83, 3, NULL, 'img/83/04_9.jpg'),
(3109, 83, 6, NULL, 'img/83/05_001.jpg'),
(3110, 83, 6, NULL, 'img/83/05_002.jpg'),
(3111, 83, 6, NULL, 'img/83/05_003.jpg'),
(3112, 83, 6, 1, 'img/83/05_004.jpg'),
(3113, 83, 6, NULL, 'img/83/05_005.jpg'),
(3114, 83, 3, NULL, 'img/83/06_10.jpg'),
(3115, 83, 3, NULL, 'img/83/06_11.jpg'),
(3116, 83, 9, NULL, 'img/83/06_13.jpg'),
(3117, 83, 7, NULL, 'img/83/07_012.jpg'),
(3118, 83, 7, NULL, 'img/83/07_06.jpg'),
(3119, 83, 7, 1, 'img/83/07_08.jpg'),
(3120, 83, 7, NULL, 'img/83/07_09.jpg'),
(3121, 83, 7, NULL, 'img/83/07_12.jpg'),
(3122, 83, 7, NULL, 'img/83/07_17.jpg'),
(3123, 83, 8, NULL, 'img/83/08_09.jpg'),
(3124, 83, 8, NULL, 'img/83/08_14.jpg'),
(3125, 83, 8, NULL, 'img/83/08_15.jpg'),
(3126, 83, 8, 1, 'img/83/08_16.jpg'),
(3127, 83, 9, NULL, 'img/83/09_1.jpg'),
(3128, 83, 9, NULL, 'img/83/09_2.jpg'),
(3129, 83, 9, NULL, 'img/83/09_3.jpg'),
(3130, 83, 11, NULL, 'img/83/09_4.jpg'),
(3131, 83, 9, NULL, 'img/83/09_5.jpg'),
(3132, 83, 9, NULL, 'img/83/09_6.jpg'),
(3133, 84, 1, NULL, 'img/84/01_1.jpg'),
(3134, 84, 1, NULL, 'img/84/01_2.jpg'),
(3135, 84, 2, NULL, 'img/84/02_1.jpg'),
(3136, 84, 2, NULL, 'img/84/02_2.jpg'),
(3137, 84, 2, NULL, 'img/84/02_3.jpg'),
(3138, 84, 2, NULL, 'img/84/02_4.jpg'),
(3139, 84, 2, NULL, 'img/84/02_5.jpg'),
(3140, 84, 2, NULL, 'img/84/02_6.jpg'),
(3141, 84, 2, NULL, 'img/84/02_7.jpg'),
(3142, 84, 4, NULL, 'img/84/03_1.jpg'),
(3143, 84, 4, NULL, 'img/84/03_2.jpg'),
(3144, 84, 4, NULL, 'img/84/03_3.jpg'),
(3145, 84, 4, NULL, 'img/84/03_4.jpg'),
(3146, 84, 4, NULL, 'img/84/03_5.jpg'),
(3147, 84, 3, NULL, 'img/84/04_1.jpg'),
(3148, 84, 3, NULL, 'img/84/04_2.jpg'),
(3149, 84, 3, NULL, 'img/84/04_3.jpg'),
(3150, 84, 3, NULL, 'img/84/04_4.jpg'),
(3151, 84, 3, NULL, 'img/84/04_5.jpg'),
(3152, 84, 6, NULL, 'img/84/05_1.jpg'),
(3153, 84, 6, NULL, 'img/84/05_2.jpg'),
(3154, 84, 6, NULL, 'img/84/05_3.jpg'),
(3155, 84, 6, NULL, 'img/84/05_4.jpg'),
(3156, 84, 6, NULL, 'img/84/05_6.jpg'),
(3157, 84, 6, NULL, 'img/84/05_7.jpg'),
(3158, 84, 6, NULL, 'img/84/05_8.jpg'),
(3159, 84, 5, NULL, 'img/84/06_1.jpg'),
(3160, 84, 5, NULL, 'img/84/06_2.jpg'),
(3161, 84, 5, NULL, 'img/84/06_3.jpg'),
(3162, 84, 5, NULL, 'img/84/06_4.jpg'),
(3163, 84, 7, NULL, 'img/84/07_1.jpg'),
(3164, 84, 7, NULL, 'img/84/07_10.jpg'),
(3165, 84, 7, NULL, 'img/84/07_11.jpg'),
(3166, 84, 7, NULL, 'img/84/07_12.jpg'),
(3167, 84, 7, NULL, 'img/84/07_13.jpg'),
(3168, 84, 7, NULL, 'img/84/07_2.jpg'),
(3169, 84, 7, NULL, 'img/84/07_3.jpg'),
(3170, 84, 7, NULL, 'img/84/07_4.jpg'),
(3171, 84, 7, NULL, 'img/84/07_5.jpg'),
(3172, 84, 7, NULL, 'img/84/07_6.jpg'),
(3173, 84, 7, NULL, 'img/84/07_7.jpg'),
(3174, 84, 7, NULL, 'img/84/07_8.jpg'),
(3175, 84, 7, NULL, 'img/84/07_9.jpg'),
(3176, 84, 8, NULL, 'img/84/08_1.jpg'),
(3177, 84, 8, NULL, 'img/84/08_10.jpg'),
(3178, 84, 8, NULL, 'img/84/08_2.jpg'),
(3179, 84, 8, NULL, 'img/84/08_3.jpg'),
(3180, 84, 8, NULL, 'img/84/08_4.jpg'),
(3181, 84, 8, NULL, 'img/84/08_5.jpg'),
(3182, 84, 8, NULL, 'img/84/08_6.jpg'),
(3183, 84, 8, NULL, 'img/84/08_7.jpg'),
(3184, 84, 8, NULL, 'img/84/08_8.jpg'),
(3185, 84, 8, NULL, 'img/84/08_9.jpg'),
(3186, 84, 9, NULL, 'img/84/09_1.jpg'),
(3187, 84, 9, NULL, 'img/84/09_10.jpg'),
(3188, 84, 9, NULL, 'img/84/09_11.jpg'),
(3189, 84, 9, NULL, 'img/84/09_12.jpg'),
(3190, 84, 9, NULL, 'img/84/09_13.jpg'),
(3191, 84, 9, NULL, 'img/84/09_14.jpg'),
(3192, 84, 9, NULL, 'img/84/09_15.jpg'),
(3193, 84, 9, NULL, 'img/84/09_16.jpg'),
(3194, 84, 9, NULL, 'img/84/09_17.jpg'),
(3195, 84, 9, NULL, 'img/84/09_18.jpg'),
(3196, 84, 9, NULL, 'img/84/09_19.jpg'),
(3197, 84, 9, NULL, 'img/84/09_2.jpg'),
(3198, 84, 9, NULL, 'img/84/09_20.jpg'),
(3199, 84, 9, NULL, 'img/84/09_21.jpg'),
(3200, 84, 9, NULL, 'img/84/09_22.jpg'),
(3201, 84, 9, NULL, 'img/84/09_23.jpg'),
(3202, 84, 9, NULL, 'img/84/09_24.jpg'),
(3203, 84, 9, NULL, 'img/84/09_25.jpg'),
(3204, 84, 9, NULL, 'img/84/09_26.jpg'),
(3205, 84, 9, NULL, 'img/84/09_27.jpg'),
(3206, 84, 9, NULL, 'img/84/09_28.jpg'),
(3207, 84, 9, NULL, 'img/84/09_29.jpg'),
(3208, 84, 9, NULL, 'img/84/09_3.jpg'),
(3209, 84, 9, NULL, 'img/84/09_30.jpg'),
(3210, 84, 9, NULL, 'img/84/09_31.jpg'),
(3211, 84, 9, NULL, 'img/84/09_32.jpg'),
(3212, 84, 9, NULL, 'img/84/09_33.jpg'),
(3213, 84, 9, NULL, 'img/84/09_34.jpg'),
(3214, 84, 9, NULL, 'img/84/09_35.jpg'),
(3215, 84, 9, NULL, 'img/84/09_36.jpg'),
(3216, 84, 9, NULL, 'img/84/09_37.jpg'),
(3217, 84, 9, NULL, 'img/84/09_38.jpg'),
(3218, 84, 9, NULL, 'img/84/09_39.jpg'),
(3219, 84, 9, NULL, 'img/84/09_4.jpg'),
(3220, 84, 9, NULL, 'img/84/09_40.jpg'),
(3221, 84, 9, NULL, 'img/84/09_5.jpg'),
(3222, 84, 9, NULL, 'img/84/09_6.jpg'),
(3223, 84, 9, NULL, 'img/84/09_7.jpg'),
(3224, 84, 9, NULL, 'img/84/09_8.jpg'),
(3225, 84, 9, NULL, 'img/84/09_9.jpg'),
(3226, 85, 1, NULL, 'img/85/01_1.jpg'),
(3227, 85, 1, NULL, 'img/85/01_2.jpg'),
(3228, 85, 1, NULL, 'img/85/01_3.jpg'),
(3229, 85, 2, NULL, 'img/85/02_1.jpg'),
(3230, 85, 2, NULL, 'img/85/02_2.jpg'),
(3231, 85, 2, NULL, 'img/85/02_3.jpg'),
(3232, 85, 2, NULL, 'img/85/02_4.jpg'),
(3233, 85, 2, NULL, 'img/85/02_5.jpg'),
(3234, 85, 4, NULL, 'img/85/03_1.jpg'),
(3235, 85, 4, NULL, 'img/85/03_2.jpg'),
(3236, 85, 4, NULL, 'img/85/03_3.jpg'),
(3237, 85, 4, NULL, 'img/85/03_4.jpg'),
(3238, 85, 3, NULL, 'img/85/04_1.jpg'),
(3239, 85, 6, NULL, 'img/85/05_1.jpg'),
(3240, 85, 6, NULL, 'img/85/05_2.jpg'),
(3241, 85, 6, NULL, 'img/85/05_3.jpg'),
(3242, 85, 6, NULL, 'img/85/05_4.jpg'),
(3243, 85, 6, NULL, 'img/85/05_5.jpg'),
(3244, 85, 6, NULL, 'img/85/05_6.jpg'),
(3245, 85, 6, NULL, 'img/85/05_7.jpg'),
(3246, 85, 5, NULL, 'img/85/06_1.jpg'),
(3247, 85, 5, NULL, 'img/85/06_2.jpg'),
(3248, 85, 7, NULL, 'img/85/07_1.jpg'),
(3249, 85, 7, NULL, 'img/85/07_2.jpg'),
(3250, 85, 8, NULL, 'img/85/08_1.jpg'),
(3251, 85, 8, NULL, 'img/85/08_2.jpg'),
(3252, 85, 9, NULL, 'img/85/09_1.jpg'),
(3253, 85, 9, NULL, 'img/85/09_10.jpg'),
(3254, 85, 9, NULL, 'img/85/09_11.jpg'),
(3255, 85, 9, NULL, 'img/85/09_2.jpg'),
(3256, 85, 9, NULL, 'img/85/09_3.jpg'),
(3257, 85, 9, NULL, 'img/85/09_4.jpg'),
(3258, 85, 9, NULL, 'img/85/09_5.jpg'),
(3259, 85, 9, NULL, 'img/85/09_6.jpg'),
(3260, 85, 9, NULL, 'img/85/09_7.jpg'),
(3261, 85, 9, NULL, 'img/85/09_8.jpg'),
(3262, 85, 9, NULL, 'img/85/09_9.jpg'),
(3263, 85, 1, NULL, 'img/85/01_1.jpg'),
(3264, 85, 1, NULL, 'img/85/01_2.jpg'),
(3265, 85, 1, NULL, 'img/85/01_3.jpg'),
(3266, 85, 2, NULL, 'img/85/02_1.jpg'),
(3267, 85, 2, NULL, 'img/85/02_2.jpg'),
(3268, 85, 2, NULL, 'img/85/02_3.jpg'),
(3269, 85, 2, NULL, 'img/85/02_4.jpg'),
(3270, 85, 2, NULL, 'img/85/02_5.jpg'),
(3271, 85, 4, NULL, 'img/85/03_1.jpg'),
(3272, 85, 4, NULL, 'img/85/03_2.jpg'),
(3273, 85, 4, NULL, 'img/85/03_3.jpg'),
(3274, 85, 4, NULL, 'img/85/03_4.jpg'),
(3275, 85, 3, NULL, 'img/85/04_1.jpg'),
(3276, 85, 6, NULL, 'img/85/05_1.jpg'),
(3277, 85, 6, NULL, 'img/85/05_2.jpg'),
(3278, 85, 6, NULL, 'img/85/05_3.jpg'),
(3279, 85, 6, NULL, 'img/85/05_4.jpg'),
(3280, 85, 6, NULL, 'img/85/05_5.jpg'),
(3281, 85, 6, NULL, 'img/85/05_6.jpg'),
(3282, 85, 6, NULL, 'img/85/05_7.jpg'),
(3283, 85, 5, NULL, 'img/85/06_1.jpg'),
(3284, 85, 5, NULL, 'img/85/06_2.jpg'),
(3285, 85, 7, NULL, 'img/85/07_1.jpg'),
(3286, 85, 7, NULL, 'img/85/07_2.jpg'),
(3287, 85, 8, NULL, 'img/85/08_1.jpg'),
(3288, 85, 8, NULL, 'img/85/08_2.jpg'),
(3289, 85, 9, NULL, 'img/85/09_1.jpg'),
(3290, 85, 9, NULL, 'img/85/09_10.jpg'),
(3291, 85, 9, NULL, 'img/85/09_11.jpg'),
(3292, 85, 9, NULL, 'img/85/09_2.jpg'),
(3293, 85, 9, NULL, 'img/85/09_3.jpg'),
(3294, 85, 9, NULL, 'img/85/09_4.jpg'),
(3295, 85, 9, NULL, 'img/85/09_5.jpg'),
(3296, 85, 9, NULL, 'img/85/09_6.jpg'),
(3297, 85, 9, NULL, 'img/85/09_7.jpg'),
(3298, 85, 9, NULL, 'img/85/09_8.jpg'),
(3299, 85, 9, NULL, 'img/85/09_9.jpg'),
(3300, 86, 1, NULL, 'img/86/01_DSC00685.JPG'),
(3301, 86, 1, NULL, 'img/86/01_DSC00686.JPG'),
(3302, 86, 2, NULL, 'img/86/02_DSC00696.JPG'),
(3303, 86, 2, NULL, 'img/86/02_DSC00697.JPG'),
(3304, 86, 2, NULL, 'img/86/02_DSC00698.JPG'),
(3305, 86, 2, NULL, 'img/86/02_DSC00701.JPG'),
(3306, 86, 4, NULL, 'img/86/03-DSC00768.JPG'),
(3307, 86, 4, NULL, 'img/86/03_DSC00708.JPG'),
(3308, 86, 4, NULL, 'img/86/03_DSC00709.JPG'),
(3309, 86, 3, NULL, 'img/86/04_DSC00702.JPG'),
(3310, 86, 3, NULL, 'img/86/04_DSC00716.JPG'),
(3311, 86, 3, NULL, 'img/86/04_DSC00717.JPG'),
(3312, 86, 6, NULL, 'img/86/05_DSC00693.JPG'),
(3313, 86, 6, NULL, 'img/86/05_DSC00694.JPG'),
(3314, 86, 6, NULL, 'img/86/05_DSC00695.JPG'),
(3315, 86, 6, NULL, 'img/86/05_DSC00728.JPG'),
(3316, 86, 6, NULL, 'img/86/05_DSC00729.JPG'),
(3317, 86, 5, NULL, 'img/86/06_DSC00732.JPG'),
(3318, 86, 5, NULL, 'img/86/06_DSC00735.JPG'),
(3319, 86, 7, NULL, 'img/86/07_DSC00707.JPG'),
(3320, 86, 7, NULL, 'img/86/07_DSC00711.JPG'),
(3321, 86, 7, NULL, 'img/86/07_DSC00712.JPG'),
(3322, 86, 7, NULL, 'img/86/07_DSC00719.JPG');
INSERT INTO `photos_edu` (`id`, `schid`, `category`, `isDefect`, `path`) VALUES
(3323, 86, 8, NULL, 'img/86/08_DSC00721.JPG'),
(3324, 86, 8, NULL, 'img/86/08_DSC00724.JPG'),
(3325, 86, 8, NULL, 'img/86/08_DSC00726.JPG'),
(3326, 86, 8, NULL, 'img/86/08_DSC00727.JPG'),
(3327, 86, 9, NULL, 'img/86/09_DSC00688.JPG'),
(3328, 86, 9, NULL, 'img/86/09_DSC00689.JPG'),
(3329, 86, 9, NULL, 'img/86/09_DSC00690.JPG'),
(3330, 86, 9, NULL, 'img/86/09_DSC00691.JPG'),
(3331, 86, 9, NULL, 'img/86/09_DSC00769.JPG'),
(3332, 86, 9, NULL, 'img/86/09_DSC00773.JPG'),
(3333, 86, 9, NULL, 'img/86/09_DSC00774.JPG'),
(3484, 87, 1, NULL, 'img/87/01_1.JPG'),
(3485, 87, 1, NULL, 'img/87/01_10.JPG'),
(3486, 87, 1, NULL, 'img/87/01_2.JPG'),
(3487, 87, 1, NULL, 'img/87/01_3.JPG'),
(3488, 87, 1, NULL, 'img/87/01_4.JPG'),
(3489, 87, 1, NULL, 'img/87/01_5.JPG'),
(3490, 87, 1, NULL, 'img/87/01_6.JPG'),
(3491, 87, 1, NULL, 'img/87/01_7.JPG'),
(3492, 87, 1, NULL, 'img/87/01_8.JPG'),
(3493, 87, 1, NULL, 'img/87/01_9.JPG'),
(3494, 87, 2, NULL, 'img/87/02_11.JPG'),
(3495, 87, 2, NULL, 'img/87/02_12.JPG'),
(3496, 87, 2, NULL, 'img/87/03_13.JPG'),
(3497, 87, 2, NULL, 'img/87/03_14.JPG'),
(3498, 87, 2, NULL, 'img/87/04_15.JPG'),
(3499, 87, 2, NULL, 'img/87/04_16.JPG'),
(3500, 87, 2, NULL, 'img/87/04_17.JPG'),
(3501, 87, 4, NULL, 'img/87/05_18.JPG'),
(3502, 87, 3, NULL, 'img/87/06_19.JPG'),
(3503, 87, 3, NULL, 'img/87/06_20.JPG'),
(3504, 87, 3, NULL, 'img/87/06_21.JPG'),
(3505, 87, 3, 1, 'img/87/06_22.JPG'),
(3506, 87, 8, NULL, 'img/87/07_23.JPG'),
(3507, 87, 8, NULL, 'img/87/07_24.JPG'),
(3508, 87, 8, NULL, 'img/87/07_25.JPG'),
(3509, 87, 6, NULL, 'img/87/08_26.JPG'),
(3510, 87, 6, NULL, 'img/87/08_27.JPG'),
(3511, 87, 6, NULL, 'img/87/08_28.JPG'),
(3512, 87, 6, NULL, 'img/87/08_29.JPG'),
(3513, 87, 6, NULL, 'img/87/08_30.JPG'),
(3514, 87, 6, NULL, 'img/87/08_31.JPG'),
(3515, 87, 6, NULL, 'img/87/08_32.JPG'),
(3516, 87, 6, NULL, 'img/87/09_33.JPG'),
(3517, 87, 6, NULL, 'img/87/09_34.JPG'),
(3518, 87, 6, NULL, 'img/87/09_35.JPG'),
(3519, 87, 5, NULL, 'img/87/10_36.JPG'),
(3520, 87, 5, NULL, 'img/87/10_37.JPG'),
(3521, 87, 5, NULL, 'img/87/10_38.JPG'),
(3522, 87, 5, NULL, 'img/87/10_40.JPG'),
(3523, 87, 5, NULL, 'img/87/10_41.JPG'),
(3524, 87, 3, NULL, 'img/87/10_42.JPG'),
(3525, 87, 8, NULL, 'img/87/11_43.JPG'),
(3526, 87, 4, NULL, 'img/87/11_44.JPG'),
(3527, 87, 4, NULL, 'img/87/11_45.JPG'),
(3528, 87, 7, NULL, 'img/87/12_46.JPG'),
(3529, 87, 7, NULL, 'img/87/12_47.JPG'),
(3530, 87, 7, NULL, 'img/87/12_48.JPG'),
(3531, 87, 7, NULL, 'img/87/12_49.JPG'),
(3532, 87, 7, NULL, 'img/87/13_50.JPG'),
(3533, 87, 7, NULL, 'img/87/13_51.JPG'),
(3555, 88, 1, NULL, 'img/88/01_1.JPG'),
(3556, 88, 1, NULL, 'img/88/01_2.JPG'),
(3557, 88, 1, NULL, 'img/88/01_3.JPG'),
(3558, 88, 1, NULL, 'img/88/01_4.JPG'),
(3559, 88, 1, NULL, 'img/88/01_5.JPG'),
(3560, 88, 2, NULL, 'img/88/03_6.JPG'),
(3561, 88, 2, NULL, 'img/88/04_7.JPG'),
(3562, 88, 4, NULL, 'img/88/05_8.JPG'),
(3563, 88, 3, NULL, 'img/88/06_10.JPG'),
(3564, 88, 3, NULL, 'img/88/06_9.JPG'),
(3565, 88, 3, NULL, 'img/88/07_11.JPG'),
(3566, 88, 9, NULL, 'img/88/07_12.JPG'),
(3567, 88, 8, NULL, 'img/88/07_13.JPG'),
(3568, 88, 8, NULL, 'img/88/07_14.JPG'),
(3569, 88, 8, NULL, 'img/88/07_15.JPG'),
(3570, 88, 8, NULL, 'img/88/07_16.JPG'),
(3571, 88, 7, NULL, 'img/88/12_17.JPG'),
(3572, 88, 7, NULL, 'img/88/12_18.JPG'),
(3573, 88, 7, NULL, 'img/88/12_19.JPG'),
(3574, 88, 7, NULL, 'img/88/12_20.JPG'),
(3575, 88, 7, NULL, 'img/88/12_21.JPG'),
(3576, 89, 1, NULL, 'img/89/01_01.jpg'),
(3577, 89, 1, NULL, 'img/89/01_02.jpg'),
(3578, 89, 2, NULL, 'img/89/02_03.jpg'),
(3579, 89, 2, NULL, 'img/89/02_04.jpg'),
(3580, 89, 4, NULL, 'img/89/03_05.jpg'),
(3581, 89, 4, NULL, 'img/89/03_06.jpg'),
(3582, 89, 3, NULL, 'img/89/04_07.jpg'),
(3583, 89, 6, NULL, 'img/89/05_08.jpg'),
(3584, 89, 6, NULL, 'img/89/05_09.jpg'),
(3585, 89, 7, NULL, 'img/89/07_10.jpg'),
(3586, 89, 7, NULL, 'img/89/07_11.jpg'),
(3587, 89, 7, NULL, 'img/89/07_12.jpg'),
(3588, 89, 8, NULL, 'img/89/08_13.jpg'),
(3589, 89, 9, NULL, 'img/89/09_14.jpg'),
(3590, 89, 9, NULL, 'img/89/09_15.jpg'),
(3591, 89, 9, NULL, 'img/89/09_16.jpg'),
(3727, 91, 1, NULL, 'img/91/01_1.jpg'),
(3728, 91, 1, NULL, 'img/91/01_2.jpg'),
(3729, 91, 1, NULL, 'img/91/01_3.jpg'),
(3730, 91, 1, NULL, 'img/91/01_4.jpg'),
(3731, 91, 1, NULL, 'img/91/01_5.jpg'),
(3732, 91, 2, NULL, 'img/91/02_10.jpg'),
(3733, 91, 2, NULL, 'img/91/02_6.jpg'),
(3734, 91, 2, NULL, 'img/91/02_7.jpg'),
(3735, 91, 2, NULL, 'img/91/02_8.jpg'),
(3736, 91, 2, NULL, 'img/91/02_9.jpg'),
(3737, 91, 4, NULL, 'img/91/03_11.jpg'),
(3738, 91, 4, NULL, 'img/91/03_12.jpg'),
(3739, 91, 4, NULL, 'img/91/03_13.jpg'),
(3740, 91, 4, NULL, 'img/91/03_14.jpg'),
(3741, 91, 4, NULL, 'img/91/03_15.jpg'),
(3742, 91, 3, NULL, 'img/91/04_16.jpg'),
(3743, 91, 3, NULL, 'img/91/04_17.jpg'),
(3744, 91, 3, NULL, 'img/91/04_18.jpg'),
(3745, 91, 3, NULL, 'img/91/04_19.jpg'),
(3746, 91, 3, NULL, 'img/91/04_20.jpg'),
(3747, 91, 6, NULL, 'img/91/05_21.jpg'),
(3748, 91, 6, NULL, 'img/91/05_22.jpg'),
(3749, 91, 6, NULL, 'img/91/05_23.jpg'),
(3750, 91, 6, NULL, 'img/91/05_24.jpg'),
(3751, 91, 5, NULL, 'img/91/06-28.jpg'),
(3752, 91, 5, NULL, 'img/91/06_25.jpg'),
(3753, 91, 5, NULL, 'img/91/06_26.jpg'),
(3754, 91, 5, NULL, 'img/91/06_27.jpg'),
(3755, 91, 5, NULL, 'img/91/06_29.jpg'),
(3756, 91, 7, NULL, 'img/91/07_29.jpg'),
(3757, 91, 7, NULL, 'img/91/07_30.jpg'),
(3758, 91, 7, NULL, 'img/91/07_31.jpg'),
(3759, 91, 7, NULL, 'img/91/07_32.jpg'),
(3760, 91, 7, NULL, 'img/91/07_33.jpg'),
(3761, 91, 7, NULL, 'img/91/07_34.jpg'),
(3762, 91, 7, NULL, 'img/91/07_35.jpg'),
(3763, 91, 7, NULL, 'img/91/07_36.jpg'),
(3764, 91, 7, NULL, 'img/91/07_37.jpg'),
(3765, 91, 7, NULL, 'img/91/07_38.jpg'),
(3766, 91, 7, NULL, 'img/91/07_39.jpg'),
(3767, 91, 7, NULL, 'img/91/07_40.jpg'),
(3768, 91, 7, NULL, 'img/91/07_41.jpg'),
(3769, 91, 7, NULL, 'img/91/07_42.jpg'),
(3770, 91, 7, NULL, 'img/91/07_43.jpg'),
(3771, 91, 8, NULL, 'img/91/08_44.jpg'),
(3772, 91, 8, NULL, 'img/91/08_45.jpg'),
(3773, 91, 8, NULL, 'img/91/08_46.jpg'),
(3774, 91, 8, NULL, 'img/91/08_47.jpg'),
(3775, 91, 8, NULL, 'img/91/08_48.jpg'),
(3776, 91, 9, NULL, 'img/91/09_49.jpg'),
(3777, 91, 9, NULL, 'img/91/09_50.jpg'),
(3778, 91, 9, NULL, 'img/91/09_51.jpg'),
(3779, 91, 9, NULL, 'img/91/09_52.jpg'),
(3780, 91, 9, NULL, 'img/91/09_53.jpg'),
(3781, 91, 9, NULL, 'img/91/09_54.jpg'),
(3782, 91, 9, NULL, 'img/91/09_55.jpg'),
(3783, 91, 9, NULL, 'img/91/09_56.jpg'),
(3784, 92, 1, NULL, 'img/92/01_01.jpg'),
(3785, 92, 1, NULL, 'img/92/01_02.jpg'),
(3786, 92, 1, NULL, 'img/92/01_03.jpg'),
(3787, 92, 2, NULL, 'img/92/02_01.jpg'),
(3788, 92, 2, NULL, 'img/92/02_02.JPG'),
(3789, 92, 2, NULL, 'img/92/02_03.jpg'),
(3790, 92, 2, NULL, 'img/92/02_04.JPG'),
(3791, 92, 4, NULL, 'img/92/03_01.JPG'),
(3792, 92, 4, NULL, 'img/92/03_02.JPG'),
(3793, 92, 4, NULL, 'img/92/03_03.jpg'),
(3794, 92, 4, NULL, 'img/92/03_04.jpg'),
(3795, 92, 4, NULL, 'img/92/03_05.jpg'),
(3796, 92, 4, NULL, 'img/92/03_06.jpg'),
(3797, 92, 3, NULL, 'img/92/04_01.jpg'),
(3798, 92, 3, NULL, 'img/92/04_02.jpg'),
(3799, 92, 3, NULL, 'img/92/04_03.JPG'),
(3800, 92, 3, NULL, 'img/92/04_04.jpg'),
(3801, 92, 5, NULL, 'img/92/06_01.JPG'),
(3802, 92, 5, NULL, 'img/92/06_02.JPG'),
(3803, 92, 5, NULL, 'img/92/06_03.JPG'),
(3804, 92, 5, NULL, 'img/92/06_04.JPG'),
(3805, 92, 5, NULL, 'img/92/06_05.JPG'),
(3806, 92, 7, NULL, 'img/92/07_01.JPG'),
(3807, 92, 7, NULL, 'img/92/07_02.JPG'),
(3808, 92, 7, NULL, 'img/92/07_03.jpg'),
(3809, 92, 7, NULL, 'img/92/07_04.jpg'),
(3810, 92, 7, NULL, 'img/92/07_05.jpg'),
(3811, 92, 8, NULL, 'img/92/08_01.jpg'),
(3812, 92, 8, NULL, 'img/92/08_02.jpg'),
(3813, 92, 8, NULL, 'img/92/08_03.jpg'),
(3814, 92, 8, NULL, 'img/92/08_04.jpg'),
(3815, 92, 9, NULL, 'img/92/09_01.JPG'),
(3816, 92, 9, NULL, 'img/92/09_02.JPG'),
(3817, 92, 9, NULL, 'img/92/09_03.JPG'),
(3818, 92, 9, NULL, 'img/92/09_04.JPG'),
(3819, 92, 9, NULL, 'img/92/09_05.JPG'),
(3820, 92, 9, NULL, 'img/92/09_06.JPG'),
(3821, 92, 9, NULL, 'img/92/09_07.JPG'),
(3822, 92, 9, NULL, 'img/92/09_08.JPG'),
(3823, 92, 9, NULL, 'img/92/09_09.jpg'),
(3824, 92, 9, NULL, 'img/92/09_10.jpg'),
(3825, 92, 9, NULL, 'img/92/09_11.jpg'),
(3826, 93, 1, NULL, 'img/93/01_01.jpeg'),
(3827, 93, 2, NULL, 'img/93/02_01.jpeg'),
(3828, 93, 2, NULL, 'img/93/02_02.jpeg'),
(3829, 93, 2, NULL, 'img/93/02_03.jpeg'),
(3830, 93, 2, NULL, 'img/93/02_04.jpeg'),
(3831, 93, 2, NULL, 'img/93/02_05.jpeg'),
(3832, 93, 4, NULL, 'img/93/03_01.jpeg'),
(3833, 93, 4, NULL, 'img/93/03_02.jpeg'),
(3834, 93, 4, NULL, 'img/93/03_03.jpeg'),
(3835, 93, 4, NULL, 'img/93/03_04.jpeg'),
(3836, 93, 4, NULL, 'img/93/03_05.jpeg'),
(3837, 93, 3, NULL, 'img/93/04_01.jpeg'),
(3838, 93, 3, NULL, 'img/93/04_02.jpeg'),
(3839, 93, 3, NULL, 'img/93/04_03.jpeg'),
(3840, 93, 3, NULL, 'img/93/04_04.jpeg'),
(3841, 93, 3, NULL, 'img/93/04_05.jpeg'),
(3842, 93, 6, NULL, 'img/93/05_01.jpeg'),
(3843, 93, 6, NULL, 'img/93/05_02.jpeg'),
(3844, 93, 6, NULL, 'img/93/05_03.jpeg'),
(3845, 93, 6, NULL, 'img/93/05_04.jpeg'),
(3846, 93, 6, NULL, 'img/93/05_05.jpeg'),
(3847, 93, 5, NULL, 'img/93/06_01.jpeg'),
(3848, 93, 5, NULL, 'img/93/06_02.jpeg'),
(3849, 93, 5, NULL, 'img/93/06_03.jpeg'),
(3850, 93, 5, NULL, 'img/93/06_04.jpeg'),
(3851, 93, 5, NULL, 'img/93/06_05.jpeg'),
(3852, 93, 7, NULL, 'img/93/07_01.jpeg'),
(3853, 93, 7, NULL, 'img/93/07_02.jpeg'),
(3854, 93, 7, NULL, 'img/93/07_03.jpeg'),
(3855, 93, 7, NULL, 'img/93/07_04.jpeg'),
(3856, 93, 8, NULL, 'img/93/08_01.jpeg'),
(3857, 93, 8, NULL, 'img/93/08_02.jpeg'),
(3858, 93, 8, NULL, 'img/93/08_03.jpeg'),
(3859, 93, 8, NULL, 'img/93/08_04.jpeg'),
(3860, 93, 8, NULL, 'img/93/08_05.jpeg'),
(3861, 93, 9, NULL, 'img/93/09_01.jpeg'),
(3862, 93, 9, NULL, 'img/93/09_02.jpeg'),
(3863, 93, 9, NULL, 'img/93/09_03.jpeg'),
(3864, 93, 9, NULL, 'img/93/09_04.jpeg'),
(3865, 93, 9, NULL, 'img/93/09_05.jpeg'),
(3866, 93, 9, NULL, 'img/93/09_06.jpeg'),
(3867, 93, 9, NULL, 'img/93/09_07.jpeg'),
(3868, 93, 9, NULL, 'img/93/09_08.jpeg'),
(3869, 93, 9, NULL, 'img/93/09_09.jpeg'),
(3870, 93, 9, NULL, 'img/93/09_10.jpeg'),
(3871, 93, 9, NULL, 'img/93/09_11.jpeg'),
(3872, 93, 9, NULL, 'img/93/09_12.jpeg'),
(3873, 93, 9, NULL, 'img/93/09_13.jpeg'),
(3874, 93, 9, NULL, 'img/93/09_14.jpeg'),
(3875, 93, 9, NULL, 'img/93/09_15.jpeg'),
(3876, 93, 9, NULL, 'img/93/09_16.jpeg'),
(3877, 93, 9, NULL, 'img/93/09_17.jpeg'),
(3878, 93, 9, NULL, 'img/93/09_18.jpeg'),
(3879, 93, 9, NULL, 'img/93/09_19.jpeg'),
(3880, 93, 9, NULL, 'img/93/09_20.jpeg'),
(3881, 93, 9, NULL, 'img/93/09_21.jpeg'),
(3882, 93, 9, NULL, 'img/93/09_22.jpeg'),
(3883, 93, 9, NULL, 'img/93/09_23.jpeg'),
(3884, 93, 9, NULL, 'img/93/09_24.jpeg'),
(3885, 94, 1, NULL, 'img/94/01_01.jpg'),
(3886, 94, 1, NULL, 'img/94/01_02.jpg'),
(3887, 94, 2, NULL, 'img/94/02_01.jpg'),
(3888, 94, 2, NULL, 'img/94/02_02.jpg'),
(3889, 94, 4, NULL, 'img/94/03_01.jpg'),
(3890, 94, 4, NULL, 'img/94/03_02.jpg'),
(3891, 94, 4, NULL, 'img/94/03_03.jpg'),
(3892, 94, 4, NULL, 'img/94/03_04.jpg'),
(3893, 94, 3, NULL, 'img/94/04_01.jpg'),
(3894, 94, 3, NULL, 'img/94/04_02.jpg'),
(3895, 94, 6, NULL, 'img/94/05_01.jpg'),
(3896, 94, 6, NULL, 'img/94/05_02.jpg'),
(3897, 94, 6, NULL, 'img/94/05_03.jpg'),
(3898, 94, 5, NULL, 'img/94/06_01.jpg'),
(3899, 94, 5, NULL, 'img/94/06_02.jpg'),
(3900, 94, 7, NULL, 'img/94/07_01.jpg'),
(3901, 94, 7, NULL, 'img/94/07_02.jpg'),
(3902, 94, 7, NULL, 'img/94/07_03.jpg'),
(3903, 94, 8, NULL, 'img/94/08_01.jpg'),
(3904, 94, 8, NULL, 'img/94/08_02.jpg'),
(3905, 94, 9, NULL, 'img/94/09_01.jpg'),
(3906, 94, 9, NULL, 'img/94/09_02.jpg'),
(3907, 94, 9, NULL, 'img/94/09_03.jpg'),
(3908, 94, 9, NULL, 'img/94/09_04.jpg'),
(3909, 94, 9, NULL, 'img/94/09_05.jpg'),
(3910, 94, 9, NULL, 'img/94/09_06.jpg'),
(3911, 94, 9, NULL, 'img/94/09_07.jpg'),
(3912, 94, 9, NULL, 'img/94/09_08.jpg'),
(3913, 94, 9, NULL, 'img/94/09_09.jpg'),
(3914, 94, 9, NULL, 'img/94/09_10.jpg'),
(3915, 94, 9, NULL, 'img/94/09_11.jpg'),
(3916, 94, 9, NULL, 'img/94/09_12.jpg'),
(3917, 94, 9, NULL, 'img/94/09_13.jpg'),
(3918, 94, 9, NULL, 'img/94/09_14.jpg'),
(3919, 94, 9, NULL, 'img/94/09_15.jpg'),
(3920, 94, 9, NULL, 'img/94/09_16.jpg'),
(3921, 94, 9, NULL, 'img/94/09_17.jpg'),
(3922, 95, 1, NULL, 'img/95/01_1.jpg'),
(3923, 95, 1, NULL, 'img/95/01_2.jpg'),
(3924, 95, 1, NULL, 'img/95/01_3.jpg'),
(3925, 95, 1, NULL, 'img/95/01_4.jpg'),
(3926, 95, 1, NULL, 'img/95/01_5.jpg'),
(3927, 95, 2, NULL, 'img/95/02_10.jpg'),
(3928, 95, 2, NULL, 'img/95/02_6.jpg'),
(3929, 95, 2, NULL, 'img/95/02_7.jpg'),
(3930, 95, 2, NULL, 'img/95/02_8.jpg'),
(3931, 95, 2, NULL, 'img/95/02_9.jpg'),
(3932, 95, 4, NULL, 'img/95/03_11.jpg'),
(3933, 95, 4, NULL, 'img/95/03_12.jpg'),
(3934, 95, 4, NULL, 'img/95/03_13.jpg'),
(3935, 95, 4, NULL, 'img/95/03_14.jpg'),
(3936, 95, 4, NULL, 'img/95/03_15.jpg'),
(3937, 95, 3, NULL, 'img/95/04_16.jpg'),
(3938, 95, 3, NULL, 'img/95/04_17.jpg'),
(3939, 95, 3, NULL, 'img/95/04_18.jpg'),
(3940, 95, 3, NULL, 'img/95/04_19.jpg'),
(3941, 95, 3, NULL, 'img/95/04_20.jpg'),
(3942, 95, 6, NULL, 'img/95/05_21.jpg'),
(3943, 95, 6, NULL, 'img/95/05_22.jpg'),
(3944, 95, 6, NULL, 'img/95/05_23.jpg'),
(3945, 95, 6, NULL, 'img/95/05_24.jpg'),
(3946, 95, 5, NULL, 'img/95/06-28.jpg'),
(3947, 95, 5, NULL, 'img/95/06_25.jpg'),
(3948, 95, 5, NULL, 'img/95/06_26.jpg'),
(3949, 95, 5, NULL, 'img/95/06_27.jpg'),
(3950, 95, 5, NULL, 'img/95/06_29.jpg'),
(3951, 95, 7, NULL, 'img/95/07_29.jpg'),
(3952, 95, 7, NULL, 'img/95/07_30.jpg'),
(3953, 95, 7, NULL, 'img/95/07_31.jpg'),
(3954, 95, 7, NULL, 'img/95/07_32.jpg'),
(3955, 95, 7, NULL, 'img/95/07_33.jpg'),
(3956, 95, 7, NULL, 'img/95/07_34.jpg'),
(3957, 95, 7, NULL, 'img/95/07_35.jpg'),
(3958, 95, 7, NULL, 'img/95/07_36.jpg'),
(3959, 95, 7, NULL, 'img/95/07_37.jpg'),
(3960, 95, 7, NULL, 'img/95/07_38.jpg'),
(3961, 95, 7, NULL, 'img/95/07_39.jpg'),
(3962, 95, 7, NULL, 'img/95/07_40.jpg'),
(3963, 95, 7, NULL, 'img/95/07_41.jpg'),
(3964, 95, 7, NULL, 'img/95/07_42.jpg'),
(3965, 95, 7, NULL, 'img/95/07_43.jpg'),
(3966, 95, 8, NULL, 'img/95/08_44.jpg'),
(3967, 95, 8, NULL, 'img/95/08_45.jpg'),
(3968, 95, 8, NULL, 'img/95/08_46.jpg'),
(3969, 95, 8, NULL, 'img/95/08_47.jpg'),
(3970, 95, 8, NULL, 'img/95/08_48.jpg'),
(3971, 95, 9, NULL, 'img/95/09_49.jpg'),
(3972, 95, 9, NULL, 'img/95/09_50.jpg'),
(3973, 95, 9, NULL, 'img/95/09_51.jpg'),
(3974, 95, 9, NULL, 'img/95/09_52.jpg'),
(3975, 95, 9, NULL, 'img/95/09_53.jpg'),
(3976, 95, 9, NULL, 'img/95/09_54.jpg'),
(3977, 95, 9, NULL, 'img/95/09_55.jpg'),
(3978, 95, 9, NULL, 'img/95/09_56.jpg'),
(3979, 96, 1, NULL, 'img/96/01_1.jpg'),
(3980, 96, 1, NULL, 'img/96/01_2.jpg'),
(3981, 96, 1, NULL, 'img/96/01_3.jpg'),
(3982, 96, 1, NULL, 'img/96/01_4.jpg'),
(3983, 96, 1, NULL, 'img/96/01_5.jpg'),
(3984, 96, 1, NULL, 'img/96/01_6.jpg'),
(3985, 96, 1, NULL, 'img/96/01_7.jpg'),
(3986, 96, 2, NULL, 'img/96/02_10.jpg'),
(3987, 96, 2, NULL, 'img/96/02_11.jpg'),
(3988, 96, 2, NULL, 'img/96/02_12.jpg'),
(3989, 96, 2, NULL, 'img/96/02_8.jpg'),
(3990, 96, 2, NULL, 'img/96/02_9.jpg'),
(3991, 96, 4, NULL, 'img/96/03_13.jpg'),
(3992, 96, 4, NULL, 'img/96/03_14.jpg'),
(3993, 96, 4, NULL, 'img/96/03_15.jpg'),
(3994, 96, 4, NULL, 'img/96/03_16.jpg'),
(3995, 96, 3, NULL, 'img/96/04_18.jpg'),
(3996, 96, 3, NULL, 'img/96/04_19.jpg'),
(3997, 96, 3, NULL, 'img/96/04_20.jpg'),
(3998, 96, 3, NULL, 'img/96/04_21.jpg'),
(3999, 96, 3, NULL, 'img/96/04_22.jpg'),
(4000, 96, 3, NULL, 'img/96/04_23.jpg'),
(4001, 96, 3, NULL, 'img/96/04_24.jpg'),
(4002, 96, 3, NULL, 'img/96/04_25.jpg'),
(4003, 96, 3, NULL, 'img/96/04_26.jpg'),
(4004, 96, 3, NULL, 'img/96/04_27.jpg'),
(4005, 96, 3, NULL, 'img/96/04_28.jpg'),
(4006, 96, 3, NULL, 'img/96/04_29.jpg'),
(4007, 96, 6, NULL, 'img/96/05_30.jpg'),
(4008, 96, 6, NULL, 'img/96/05_31.jpg'),
(4009, 96, 6, NULL, 'img/96/05_32.jpg'),
(4010, 96, 6, NULL, 'img/96/05_33.jpg'),
(4011, 96, 6, NULL, 'img/96/05_34.jpg'),
(4012, 96, 6, NULL, 'img/96/05_35.jpg'),
(4013, 96, 5, NULL, 'img/96/06_36.jpg'),
(4014, 96, 5, NULL, 'img/96/06_37.jpg'),
(4015, 96, 5, NULL, 'img/96/06_38.jpg'),
(4016, 96, 5, NULL, 'img/96/06_39.jpg'),
(4017, 96, 5, NULL, 'img/96/06_40.jpg'),
(4018, 96, 5, NULL, 'img/96/06_41.jpg'),
(4019, 96, 5, NULL, 'img/96/06_42.jpg'),
(4020, 96, 7, NULL, 'img/96/07_43.jpg'),
(4021, 96, 7, NULL, 'img/96/07_44.jpg'),
(4022, 96, 7, NULL, 'img/96/07_45.jpg'),
(4023, 96, 7, NULL, 'img/96/07_46.jpg'),
(4024, 96, 7, NULL, 'img/96/07_47.jpg'),
(4025, 96, 7, NULL, 'img/96/07_48.jpg'),
(4026, 96, 7, NULL, 'img/96/07_49.jpg'),
(4027, 96, 8, NULL, 'img/96/08_50.jpg'),
(4028, 96, 8, NULL, 'img/96/08_51.jpg'),
(4029, 96, 8, NULL, 'img/96/08_52.jpg'),
(4030, 96, 8, NULL, 'img/96/08_53.jpg'),
(4031, 96, 8, NULL, 'img/96/08_54.jpg'),
(4032, 96, 8, NULL, 'img/96/08_55.jpg'),
(4033, 96, 8, NULL, 'img/96/08_56.jpg'),
(4034, 96, 8, NULL, 'img/96/08_57.jpg'),
(4035, 96, 8, NULL, 'img/96/08_58.jpg'),
(4036, 96, 9, NULL, 'img/96/09_100.jpg'),
(4037, 96, 9, NULL, 'img/96/09_101.jpg'),
(4038, 96, 9, NULL, 'img/96/09_102.jpg'),
(4039, 96, 9, NULL, 'img/96/09_103.jpg'),
(4040, 96, 9, NULL, 'img/96/09_104.jpg'),
(4041, 96, 9, NULL, 'img/96/09_105.jpg'),
(4042, 96, 9, NULL, 'img/96/09_106.jpg'),
(4043, 96, 9, NULL, 'img/96/09_107.jpg'),
(4044, 96, 9, NULL, 'img/96/09_108.jpg'),
(4045, 96, 9, NULL, 'img/96/09_109.jpg'),
(4046, 96, 9, NULL, 'img/96/09_110.jpg'),
(4047, 96, 9, NULL, 'img/96/09_111.jpg'),
(4048, 96, 9, NULL, 'img/96/09_112.jpg'),
(4049, 96, 9, NULL, 'img/96/09_113.jpg'),
(4050, 96, 9, NULL, 'img/96/09_114.jpg'),
(4051, 96, 9, NULL, 'img/96/09_115.jpg'),
(4052, 96, 9, NULL, 'img/96/09_116.jpg'),
(4053, 96, 9, NULL, 'img/96/09_117.jpg'),
(4054, 96, 9, NULL, 'img/96/09_118.jpg'),
(4055, 96, 9, NULL, 'img/96/09_119.jpg'),
(4056, 96, 9, NULL, 'img/96/09_120.jpg'),
(4057, 96, 9, NULL, 'img/96/09_121.jpg'),
(4058, 96, 9, NULL, 'img/96/09_122.jpg'),
(4059, 96, 9, NULL, 'img/96/09_123.jpg'),
(4060, 96, 9, NULL, 'img/96/09_124.jpg'),
(4061, 96, 9, NULL, 'img/96/09_125.jpg'),
(4062, 96, 9, NULL, 'img/96/09_126.jpg'),
(4063, 96, 9, NULL, 'img/96/09_127.jpg'),
(4064, 96, 9, NULL, 'img/96/09_128.jpg'),
(4065, 96, 9, NULL, 'img/96/09_129.jpg'),
(4066, 96, 9, NULL, 'img/96/09_130.jpg'),
(4067, 96, 9, NULL, 'img/96/09_131.jpg'),
(4068, 96, 9, NULL, 'img/96/09_132.jpg'),
(4069, 96, 9, NULL, 'img/96/09_133.jpg'),
(4070, 96, 9, NULL, 'img/96/09_134.jpg'),
(4071, 96, 9, NULL, 'img/96/09_135.jpg'),
(4072, 96, 9, NULL, 'img/96/09_136.jpg'),
(4073, 96, 9, NULL, 'img/96/09_59.jpg'),
(4074, 96, 9, NULL, 'img/96/09_60.jpg'),
(4075, 96, 9, NULL, 'img/96/09_61.jpg'),
(4076, 96, 9, NULL, 'img/96/09_62.jpg'),
(4077, 96, 9, NULL, 'img/96/09_63.jpg'),
(4078, 96, 9, NULL, 'img/96/09_64.jpg'),
(4079, 96, 9, NULL, 'img/96/09_65.jpg'),
(4080, 96, 9, NULL, 'img/96/09_66.jpg'),
(4081, 96, 9, NULL, 'img/96/09_67.jpg'),
(4082, 96, 9, NULL, 'img/96/09_68.jpg'),
(4083, 96, 9, NULL, 'img/96/09_69.jpg'),
(4084, 96, 9, NULL, 'img/96/09_70.jpg'),
(4085, 96, 9, NULL, 'img/96/09_71.jpg'),
(4086, 96, 9, NULL, 'img/96/09_72.jpg'),
(4087, 96, 9, NULL, 'img/96/09_73.jpg'),
(4088, 96, 9, NULL, 'img/96/09_74.jpg'),
(4089, 96, 9, NULL, 'img/96/09_75.jpg'),
(4090, 96, 9, NULL, 'img/96/09_76.jpg'),
(4091, 96, 9, NULL, 'img/96/09_77.jpg'),
(4092, 96, 9, NULL, 'img/96/09_78.jpg'),
(4093, 96, 9, NULL, 'img/96/09_79.jpg'),
(4094, 96, 9, NULL, 'img/96/09_80.jpg'),
(4095, 96, 9, NULL, 'img/96/09_81.jpg'),
(4096, 96, 9, NULL, 'img/96/09_82.jpg'),
(4097, 96, 9, NULL, 'img/96/09_83.jpg'),
(4098, 96, 9, NULL, 'img/96/09_84.jpg'),
(4099, 96, 9, NULL, 'img/96/09_85.jpg'),
(4100, 96, 9, NULL, 'img/96/09_86.jpg'),
(4101, 96, 9, NULL, 'img/96/09_87.jpg'),
(4102, 96, 9, NULL, 'img/96/09_88.jpg'),
(4103, 96, 9, NULL, 'img/96/09_89.jpg'),
(4104, 96, 9, NULL, 'img/96/09_90.jpg'),
(4105, 96, 9, NULL, 'img/96/09_91.jpg'),
(4106, 96, 9, NULL, 'img/96/09_92.jpg'),
(4107, 96, 9, NULL, 'img/96/09_93.jpg'),
(4108, 96, 9, NULL, 'img/96/09_94.jpg'),
(4109, 96, 9, NULL, 'img/96/09_95.jpg'),
(4110, 96, 9, NULL, 'img/96/09_96.jpg'),
(4111, 96, 9, NULL, 'img/96/09_97.jpg'),
(4112, 96, 9, NULL, 'img/96/09_98.jpg'),
(4113, 96, 9, NULL, 'img/96/09_99.jpg'),
(4114, 97, 1, NULL, 'img/97/01_01.jpg'),
(4115, 97, 1, NULL, 'img/97/01_02.jpg'),
(4116, 97, 2, NULL, 'img/97/02_03.jpg'),
(4117, 97, 2, NULL, 'img/97/02_04.jpg'),
(4118, 97, 4, NULL, 'img/97/03_05.jpg'),
(4119, 97, 4, NULL, 'img/97/03_06.jpg'),
(4120, 97, 3, NULL, 'img/97/04_07.jpg'),
(4121, 97, 6, NULL, 'img/97/05_08.jpg'),
(4122, 97, 6, NULL, 'img/97/05_09.jpg'),
(4123, 97, 7, NULL, 'img/97/07_10.jpg'),
(4124, 97, 7, NULL, 'img/97/07_11.jpg'),
(4125, 97, 7, NULL, 'img/97/07_12.jpg'),
(4126, 97, 8, NULL, 'img/97/08_13.jpg'),
(4127, 97, 9, NULL, 'img/97/09_14.jpg'),
(4128, 97, 9, NULL, 'img/97/09_15.jpg'),
(4129, 97, 9, NULL, 'img/97/09_16.jpg'),
(4130, 98, 1, NULL, 'img/98/01_38AE54A3-6ED2-4E3E-A49C-6EAE4FD77AAA.jpeg'),
(4131, 98, 1, NULL, 'img/98/01_4CF7E354-21C7-476D-90B4-CE1C42A75BFA.jpeg'),
(4132, 98, 1, NULL, 'img/98/01_9D61C8C2-0F32-4983-AF05-611D536B6E04.jpeg'),
(4133, 98, 2, NULL, 'img/98/02_9BA99D85-AB24-47A6-BD5D-0D2B4282AA0D.jpeg'),
(4134, 98, 4, NULL, 'img/98/03_0A0656EA-BDFD-411F-B91E-8DC0CC081E54.jpeg'),
(4135, 98, 4, NULL, 'img/98/03_87AF12BE-CA62-454A-ABAB-22EE972DC8CE.jpeg'),
(4136, 98, 4, NULL, 'img/98/03_E2CF3FFE-D281-4C06-BCC2-DC970E6F4C58.jpeg'),
(4137, 98, 3, NULL, 'img/98/04_04B819CB-EA78-436A-8BF7-089480E3C035.jpeg'),
(4138, 98, 3, NULL, 'img/98/04_7F447F30-CA3A-4775-BA82-CBAD30045536.jpeg'),
(4139, 98, 6, NULL, 'img/98/05_81CB90D3-2DAF-4567-8D83-CC6CB4E47CB2.jpeg'),
(4140, 98, 6, NULL, 'img/98/05_C1D66DA9-2288-4860-871E-6FBB3D913349.jpeg'),
(4141, 98, 5, NULL, 'img/98/06_4EB6E6D5-E8E9-4F2D-808D-9BBE6644F083.jpeg'),
(4142, 98, 5, NULL, 'img/98/06_B28A5519-0464-46AD-9CE5-EEFDC6E2FD03.jpeg'),
(4143, 98, 7, NULL, 'img/98/07_0F57C709-ED84-4E53-98E2-6894BD7954FC.jpeg'),
(4144, 98, 7, NULL, 'img/98/07_35119A06-BF8A-45E2-B542-FF3278578912.jpeg'),
(4145, 98, 7, NULL, 'img/98/07_A731A232-3EF5-4C5F-8BD8-F1C8F1D46E69.jpeg'),
(4146, 98, 8, NULL, 'img/98/08_0F03FD73-1133-409E-8D4E-44C0A4E080A8.jpeg'),
(4147, 98, 8, NULL, 'img/98/08_800DC0E0-625B-4819-B483-722EF06BA6E3.jpeg'),
(4148, 98, 9, NULL, 'img/98/09_0C34A1D6-3100-42C8-B142-BEEDE6B73249.jpeg'),
(4149, 98, 9, NULL, 'img/98/09_3CB21A9B-1567-4123-BFE1-E30BE77BFD06.jpeg'),
(4150, 98, 9, NULL, 'img/98/09_5AADB0E8-FAD8-4B33-AE8A-F9DAA8617106.jpeg'),
(4151, 98, 9, NULL, 'img/98/09_66057A47-0F68-490F-A66B-26D0496203F6.jpeg'),
(4152, 98, 9, NULL, 'img/98/09_8AD55567-8F12-4396-B4C4-72ECDC741E9C.jpeg'),
(4235, 76, 1, NULL, 'img/76/01_01.jpg'),
(4236, 76, 1, NULL, 'img/76/01_02.jpg'),
(4237, 76, 1, NULL, 'img/76/01_03.jpg'),
(4238, 76, 1, NULL, 'img/76/01_04.jpg'),
(4239, 76, 1, NULL, 'img/76/01_05.jpg'),
(4240, 76, 1, NULL, 'img/76/01_06.jpg'),
(4241, 76, 2, NULL, 'img/76/02_01.jpg'),
(4242, 76, 2, NULL, 'img/76/02_02.jpg'),
(4243, 76, 2, NULL, 'img/76/02_03.jpg'),
(4244, 76, 2, NULL, 'img/76/02_07.jpg'),
(4245, 76, 4, NULL, 'img/76/03_01.jpg'),
(4246, 76, 4, NULL, 'img/76/03_02.jpg'),
(4247, 76, 3, NULL, 'img/76/04_01.jpg'),
(4248, 76, 3, NULL, 'img/76/04_02.jpg'),
(4249, 76, 3, NULL, 'img/76/04_03.jpg'),
(4250, 76, 3, NULL, 'img/76/04_04.jpg'),
(4251, 76, 3, NULL, 'img/76/04_05.jpg'),
(4252, 76, 3, NULL, 'img/76/04_06.jpg'),
(4253, 76, 3, NULL, 'img/76/04_07.jpg'),
(4254, 76, 6, NULL, 'img/76/05_01.jpg'),
(4255, 76, 6, NULL, 'img/76/05_02.jpg'),
(4256, 76, 6, NULL, 'img/76/05_03.jpg'),
(4257, 76, 6, NULL, 'img/76/05_08.jpg'),
(4258, 76, 5, NULL, 'img/76/06_01.jpg'),
(4259, 76, 5, NULL, 'img/76/06_02.jpg'),
(4260, 76, 5, NULL, 'img/76/06_03.jpg'),
(4261, 76, 5, NULL, 'img/76/06_04.jpg'),
(4262, 76, 7, NULL, 'img/76/07_01.jpg'),
(4263, 76, 7, NULL, 'img/76/07_02.jpg'),
(4264, 76, 7, NULL, 'img/76/07_03.jpg'),
(4265, 76, 7, NULL, 'img/76/07_031.jpg'),
(4266, 76, 7, NULL, 'img/76/07_04.jpg'),
(4267, 76, 7, NULL, 'img/76/07_05.jpg'),
(4268, 76, 7, NULL, 'img/76/07_06.jpg'),
(4269, 76, 7, NULL, 'img/76/07_07.jpg'),
(4270, 76, 7, NULL, 'img/76/07_09.jpg'),
(4271, 76, 8, NULL, 'img/76/08_02.jpg'),
(4272, 76, 8, NULL, 'img/76/08_03.jpg'),
(4273, 76, 9, NULL, 'img/76/09_01.jpg'),
(4274, 76, 9, NULL, 'img/76/09_02.jpg'),
(4275, 76, 9, NULL, 'img/76/09_03.jpg'),
(4276, 76, 9, NULL, 'img/76/09_04.jpg'),
(4277, 76, 9, NULL, 'img/76/09_05.jpg'),
(4278, 76, 9, NULL, 'img/76/09_06.jpg'),
(4279, 76, 9, NULL, 'img/76/09_08.jpg'),
(4280, 76, 9, NULL, 'img/76/09_09.jpg'),
(4281, 76, 9, NULL, 'img/76/09_10.jpg'),
(4282, 76, 9, NULL, 'img/76/09_11.jpg'),
(4283, 76, 9, NULL, 'img/76/09_12.jpg'),
(4284, 76, 9, NULL, 'img/76/09_13.jpg'),
(4285, 76, 9, NULL, 'img/76/09_14.jpg'),
(4286, 76, 9, NULL, 'img/76/09_15.jpg'),
(4287, 76, 1, NULL, 'img/76/10_10.jpg'),
(4288, 76, 1, NULL, 'img/76/11_11.jpg'),
(4289, 76, 1, NULL, 'img/76/12_12.jpg'),
(4290, 76, 1, NULL, 'img/76/12_13.jpg'),
(4291, 76, 1, NULL, 'img/76/12_14.jpg'),
(4292, 101, 1, NULL, 'img/101/01_1.jpg'),
(4293, 101, 1, NULL, 'img/101/01_11.jpg'),
(4294, 101, 1, NULL, 'img/101/01_2.jpg'),
(4295, 101, 1, NULL, 'img/101/01_21.jpg'),
(4296, 101, 1, NULL, 'img/101/01_3.jpg'),
(4297, 101, 2, NULL, 'img/101/02_1.jpg'),
(4298, 101, 2, NULL, 'img/101/02_11.jpg'),
(4299, 101, 2, NULL, 'img/101/02_2.jpg'),
(4300, 101, 2, NULL, 'img/101/02_21.jpg'),
(4301, 101, 2, NULL, 'img/101/02_3.jpg'),
(4302, 101, 2, NULL, 'img/101/02_31.jpg'),
(4303, 101, 2, NULL, 'img/101/02_4.jpg'),
(4304, 101, 2, NULL, 'img/101/02_41.jpg'),
(4305, 101, 2, NULL, 'img/101/02_5.jpg'),
(4306, 101, 4, NULL, 'img/101/03_1.jpg'),
(4307, 101, 4, NULL, 'img/101/03_11.jpg'),
(4308, 101, 4, NULL, 'img/101/03_2.jpg'),
(4309, 101, 4, NULL, 'img/101/03_21.jpg'),
(4310, 101, 4, NULL, 'img/101/03_3.jpg'),
(4311, 101, 4, NULL, 'img/101/03_31.jpg'),
(4312, 101, 4, NULL, 'img/101/03_4.jpg'),
(4313, 101, 4, NULL, 'img/101/03_41.jpg'),
(4314, 101, 3, NULL, 'img/101/04_1.jpg'),
(4315, 101, 3, NULL, 'img/101/04_11.jpg'),
(4316, 101, 3, NULL, 'img/101/04_2.jpg'),
(4317, 101, 3, NULL, 'img/101/04_21.jpg'),
(4318, 101, 3, NULL, 'img/101/04_3.jpg'),
(4319, 101, 3, NULL, 'img/101/04_31.jpg'),
(4320, 101, 3, NULL, 'img/101/04_4.jpg'),
(4321, 101, 3, NULL, 'img/101/04_5.jpg'),
(4322, 101, 6, NULL, 'img/101/05_1.jpg'),
(4323, 101, 6, NULL, 'img/101/05_11.jpg'),
(4324, 101, 6, NULL, 'img/101/05_2.jpg'),
(4325, 101, 6, NULL, 'img/101/05_3.jpg'),
(4326, 101, 6, NULL, 'img/101/05_4.jpg'),
(4327, 101, 5, NULL, 'img/101/06_1.jpg'),
(4328, 101, 5, NULL, 'img/101/06_2.jpg'),
(4329, 101, 5, NULL, 'img/101/06_3.jpg'),
(4330, 101, 5, NULL, 'img/101/06_4.jpg'),
(4331, 101, 5, NULL, 'img/101/06_5.jpg'),
(4332, 101, 7, NULL, 'img/101/07_1.jpg'),
(4333, 101, 7, NULL, 'img/101/07_11.jpg'),
(4334, 101, 7, NULL, 'img/101/07_2.jpg'),
(4335, 101, 7, NULL, 'img/101/07_21.jpg'),
(4336, 101, 7, NULL, 'img/101/07_3.jpg'),
(4337, 101, 7, NULL, 'img/101/07_4.jpg'),
(4338, 101, 7, NULL, 'img/101/07_5.jpg'),
(4339, 101, 8, NULL, 'img/101/08_1.jpg'),
(4340, 101, 8, NULL, 'img/101/08_11.jpg'),
(4341, 101, 8, NULL, 'img/101/08_2.jpg'),
(4342, 101, 8, NULL, 'img/101/08_21.jpg'),
(4343, 101, 9, NULL, 'img/101/09_10.jpg'),
(4344, 101, 9, NULL, 'img/101/09_1011.jpg'),
(4345, 101, 9, NULL, 'img/101/09_11.jpg'),
(4346, 101, 9, NULL, 'img/101/09_111.jpg'),
(4347, 101, 9, NULL, 'img/101/09_12.jpg'),
(4348, 101, 9, NULL, 'img/101/09_13.jpg'),
(4349, 101, 9, NULL, 'img/101/09_14.jpg'),
(4350, 101, 9, NULL, 'img/101/09_15.jpg'),
(4351, 101, 9, NULL, 'img/101/09_16.jpg'),
(4352, 101, 9, NULL, 'img/101/09_17.jpg'),
(4353, 101, 9, NULL, 'img/101/09_18.jpg'),
(4354, 101, 9, NULL, 'img/101/09_19.jpg'),
(4355, 101, 9, NULL, 'img/101/09_20.jpg'),
(4356, 101, 9, NULL, 'img/101/09_21.jpg'),
(4357, 101, 9, NULL, 'img/101/09_22.jpg'),
(4358, 101, 9, NULL, 'img/101/09_23.jpg'),
(4359, 101, 9, NULL, 'img/101/09_24.jpg'),
(4360, 101, 9, NULL, 'img/101/09_25.jpg'),
(4361, 101, 9, NULL, 'img/101/09_26.jpg'),
(4362, 101, 9, NULL, 'img/101/09_27.jpg'),
(4363, 101, 9, NULL, 'img/101/09_3.jpg'),
(4364, 101, 9, NULL, 'img/101/09_31.jpg'),
(4365, 101, 9, NULL, 'img/101/09_4.jpg'),
(4366, 101, 9, NULL, 'img/101/09_41.jpg'),
(4367, 101, 9, NULL, 'img/101/09_5.jpg'),
(4368, 101, 9, NULL, 'img/101/09_51.jpg'),
(4369, 101, 9, NULL, 'img/101/09_6.jpg'),
(4370, 101, 9, NULL, 'img/101/09_61.jpg'),
(4371, 101, 9, NULL, 'img/101/09_7.jpg'),
(4372, 101, 9, NULL, 'img/101/09_71.jpg'),
(4373, 101, 9, NULL, 'img/101/09_8.jpg'),
(4374, 101, 9, NULL, 'img/101/09_81.jpg'),
(4375, 101, 9, NULL, 'img/101/09_9.jpg'),
(4376, 102, 1, NULL, 'img/102/01_155.jpg.JPG'),
(4377, 102, 1, NULL, 'img/102/01_156.jpg.JPG'),
(4378, 102, 1, NULL, 'img/102/01_157.jpg.JPG'),
(4379, 102, 1, NULL, 'img/102/01_158.jpg.JPG'),
(4380, 102, 2, NULL, 'img/102/02_160.jpg.JPG'),
(4381, 102, 4, NULL, 'img/102/03_154.jpg.JPG'),
(4382, 102, 2, NULL, 'img/102/03_161.jpg.JPG'),
(4383, 102, 2, NULL, 'img/102/03_162.jpg.JPG'),
(4384, 102, 2, NULL, 'img/102/04_163.jpg.JPG'),
(4385, 102, 4, NULL, 'img/102/05_164.jpg.JPG'),
(4386, 102, 3, NULL, 'img/102/06_165.jpg.JPG'),
(4387, 102, 3, NULL, 'img/102/06_166.jpg.JPG'),
(4388, 102, 8, NULL, 'img/102/07_167.jpg.JPG'),
(4389, 102, 8, NULL, 'img/102/07_168.jpg.JPG'),
(4390, 102, 6, NULL, 'img/102/08_169.jpg.JPG'),
(4391, 102, 6, NULL, 'img/102/08_170.jpg.JPG'),
(4392, 102, 6, NULL, 'img/102/08_171.jpg.JPG'),
(4393, 102, 6, NULL, 'img/102/09_172.jpg.JPG'),
(4394, 102, 6, NULL, 'img/102/09_173.jpg.JPG'),
(4395, 102, 5, NULL, 'img/102/10_174.jpg.JPG'),
(4396, 102, 5, NULL, 'img/102/10_175jpg.JPG'),
(4397, 102, 4, NULL, 'img/102/11_176.jpg.JPG'),
(4398, 102, 7, NULL, 'img/102/12_177.jpg.JPG'),
(4399, 102, 7, NULL, 'img/102/12_178.jpg.JPG'),
(4400, 102, 7, NULL, 'img/102/12_179.jpg.JPG'),
(4401, 102, 7, NULL, 'img/102/13_180.jpg.JPG'),
(4402, 103, 1, NULL, 'img/103/01_356jpq.jpg'),
(4403, 103, 1, NULL, 'img/103/01_357jpq.jpg'),
(4404, 103, 2, NULL, 'img/103/02_358jpq.jpg'),
(4405, 103, 2, NULL, 'img/103/02_359jpq.jpg'),
(4406, 103, 2, NULL, 'img/103/02_360jpq.jpg'),
(4407, 103, 4, NULL, 'img/103/03_361jpq.jpg'),
(4408, 103, 4, NULL, 'img/103/03_362jpq.jpg'),
(4409, 103, 3, NULL, 'img/103/04_363jpq.jpg'),
(4410, 103, 3, NULL, 'img/103/04_364jpq.jpg'),
(4411, 103, 3, NULL, 'img/103/04_365jpq.jpg'),
(4412, 103, 6, NULL, 'img/103/05_366jpq.jpg'),
(4413, 103, 6, NULL, 'img/103/05_367jpq.jpg'),
(4414, 103, 6, NULL, 'img/103/05_368jpq.jpg'),
(4415, 103, 5, NULL, 'img/103/06_369jpq.jpg'),
(4416, 103, 5, NULL, 'img/103/06_370jpq.jpg'),
(4417, 103, 5, NULL, 'img/103/06_371jpq.jpg'),
(4418, 103, 7, NULL, 'img/103/07_372jpq.jpg'),
(4419, 103, 7, NULL, 'img/103/07_373jpq.jpg'),
(4420, 103, 8, NULL, 'img/103/08_374jpq.jpg'),
(4421, 103, 8, NULL, 'img/103/08_375jpq.jpg'),
(4422, 103, 9, NULL, 'img/103/09_376jpq.jpg'),
(4423, 103, 9, NULL, 'img/103/09_377jpq.jpg'),
(4424, 103, 9, NULL, 'img/103/09_378jpq.jpg'),
(4425, 103, 9, NULL, 'img/103/09_379jpq.jpg'),
(4426, 103, 9, NULL, 'img/103/09_380jpq.jpg'),
(4427, 103, 9, NULL, 'img/103/09_381jpq.jpg'),
(4428, 103, 9, NULL, 'img/103/09_382jpq.jpg'),
(4429, 103, 9, NULL, 'img/103/09_383jpq.jpg'),
(4430, 103, 9, NULL, 'img/103/09_384jpq.jpg'),
(4431, 103, 9, NULL, 'img/103/09_385jpq.jpg'),
(4432, 103, 9, NULL, 'img/103/09_386jpq.jpg'),
(4433, 103, 9, NULL, 'img/103/09_387jpq.jpg'),
(4434, 103, 9, NULL, 'img/103/09_388jpq.jpg'),
(4435, 5, 1, NULL, 'img/5/01_01.jpeg'),
(4436, 5, 1, NULL, 'img/5/01_02.jpeg'),
(4437, 5, 1, NULL, 'img/5/01_03.jpeg'),
(4438, 5, 1, NULL, 'img/5/01_04.jpeg'),
(4439, 5, 1, NULL, 'img/5/01_05.jpeg'),
(4440, 5, 1, NULL, 'img/5/01_06.jpeg'),
(4441, 5, 1, NULL, 'img/5/01_07.jpeg'),
(4442, 5, 2, NULL, 'img/5/02_01.jpeg'),
(4443, 5, 2, NULL, 'img/5/02_03.jpeg'),
(4444, 5, 2, NULL, 'img/5/02_04.jpeg'),
(4445, 5, 2, NULL, 'img/5/02_05.jpeg'),
(4446, 5, 2, NULL, 'img/5/02_06.jpeg'),
(4447, 5, 2, NULL, 'img/5/02_07.jpeg'),
(4448, 5, 2, NULL, 'img/5/02_08.jpeg'),
(4449, 5, 4, NULL, 'img/5/03-13.jpeg'),
(4450, 5, 4, NULL, 'img/5/03_01.jpeg'),
(4451, 5, 4, NULL, 'img/5/03_02.jpeg'),
(4452, 5, 4, NULL, 'img/5/03_03.jpeg'),
(4453, 5, 4, NULL, 'img/5/03_04.jpeg'),
(4454, 5, 4, NULL, 'img/5/03_05.jpeg'),
(4455, 5, 4, NULL, 'img/5/03_06.jpeg'),
(4456, 5, 4, NULL, 'img/5/03_07.jpeg'),
(4457, 5, 4, NULL, 'img/5/03_08.jpeg'),
(4458, 5, 4, NULL, 'img/5/03_09.jpeg'),
(4459, 5, 4, NULL, 'img/5/03_10.jpeg'),
(4460, 5, 4, NULL, 'img/5/03_11.jpeg'),
(4461, 5, 4, NULL, 'img/5/03_12.jpeg'),
(4462, 5, 3, NULL, 'img/5/04_01.jpg'),
(4463, 5, 3, NULL, 'img/5/04_02.jpg'),
(4464, 5, 3, NULL, 'img/5/04_03.jpeg'),
(4465, 5, 3, NULL, 'img/5/04_04.jpg'),
(4466, 5, 3, NULL, 'img/5/04_05.jpg'),
(4467, 5, 3, NULL, 'img/5/04_06.jpg'),
(4468, 5, 6, NULL, 'img/5/05_01.jpeg'),
(4469, 5, 6, NULL, 'img/5/05_02.jpeg'),
(4470, 5, 6, NULL, 'img/5/05_03.jpeg'),
(4471, 5, 6, NULL, 'img/5/05_04.jpeg'),
(4472, 5, 6, NULL, 'img/5/05_05.jpeg'),
(4473, 5, 5, NULL, 'img/5/06_01.jpeg'),
(4474, 5, 5, NULL, 'img/5/06_02.jpeg'),
(4475, 5, 5, NULL, 'img/5/06_03.jpeg'),
(4476, 5, 5, NULL, 'img/5/06_04.jpeg'),
(4477, 5, 5, NULL, 'img/5/06_05.jpeg'),
(4478, 5, 5, NULL, 'img/5/06_06.jpeg'),
(4479, 5, 7, NULL, 'img/5/07_01.jpeg'),
(4480, 5, 7, NULL, 'img/5/07_02.jpeg'),
(4481, 5, 7, NULL, 'img/5/07_03.jpeg'),
(4482, 5, 7, NULL, 'img/5/07_04.jpeg'),
(4483, 5, 7, NULL, 'img/5/07_05.jpeg'),
(4484, 5, 7, NULL, 'img/5/07_06.jpeg'),
(4485, 5, 7, NULL, 'img/5/07_07.jpeg'),
(4486, 5, 7, NULL, 'img/5/07_08.jpeg'),
(4487, 5, 7, NULL, 'img/5/07_09.jpeg'),
(4488, 5, 7, NULL, 'img/5/07_10.jpeg'),
(4489, 5, 8, NULL, 'img/5/08_01.jpeg'),
(4490, 5, 8, NULL, 'img/5/08_02.jpeg'),
(4491, 5, 9, NULL, 'img/5/09_01.jpeg'),
(4492, 5, 9, NULL, 'img/5/09_02.jpeg'),
(4493, 5, 9, NULL, 'img/5/09_03.jpg'),
(4494, 5, 9, NULL, 'img/5/09_04.jpg'),
(4495, 5, 9, NULL, 'img/5/09_05.jpg'),
(4496, 5, 9, NULL, 'img/5/09_06.jpg'),
(4497, 5, 9, NULL, 'img/5/09_07.jpg'),
(4498, 5, 9, NULL, 'img/5/09_08.jpg'),
(4499, 5, 9, NULL, 'img/5/09_09.jpg'),
(4500, 5, 9, NULL, 'img/5/09_10.jpg'),
(4501, 5, 9, NULL, 'img/5/09_11.jpg'),
(4502, 5, 9, NULL, 'img/5/09_12.jpg'),
(4503, 5, 9, NULL, 'img/5/09_13.jpg'),
(4504, 5, 9, NULL, 'img/5/09_14.jpg'),
(4505, 5, 9, NULL, 'img/5/09_15.jpg'),
(4506, 104, 1, NULL, 'img/104/01_1.jpg'),
(4507, 104, 1, NULL, 'img/104/01_2.jpg'),
(4508, 104, 1, NULL, 'img/104/01_3.jpg'),
(4509, 104, 2, NULL, 'img/104/02_1.jpg'),
(4510, 104, 2, NULL, 'img/104/02_2.jpg'),
(4511, 104, 2, NULL, 'img/104/02_3.jpg'),
(4512, 104, 4, NULL, 'img/104/03_1.jpg'),
(4513, 104, 4, NULL, 'img/104/03_2.jpg'),
(4514, 104, 4, NULL, 'img/104/03_3.jpg'),
(4515, 104, 4, NULL, 'img/104/03_4.jpg'),
(4516, 104, 4, NULL, 'img/104/03_5.jpg'),
(4517, 104, 3, NULL, 'img/104/04_1.jpg'),
(4518, 104, 6, NULL, 'img/104/05_1.jpg'),
(4519, 104, 6, NULL, 'img/104/05_2.jpg'),
(4520, 104, 6, NULL, 'img/104/05_3.jpg'),
(4521, 104, 6, NULL, 'img/104/05_4.jpg'),
(4522, 104, 6, NULL, 'img/104/05_5.jpg'),
(4523, 104, 5, NULL, 'img/104/06_1.jpg'),
(4524, 104, 5, NULL, 'img/104/06_2.jpg'),
(4525, 104, 5, NULL, 'img/104/06_3.jpg'),
(4526, 104, 5, NULL, 'img/104/06_4.jpg'),
(4527, 104, 5, NULL, 'img/104/06_5.jpg'),
(4528, 104, 7, NULL, 'img/104/07_1.jpg'),
(4529, 104, 7, NULL, 'img/104/07_2.jpg'),
(4530, 104, 7, NULL, 'img/104/07_3.jpg'),
(4531, 104, 7, NULL, 'img/104/07_4.jpg'),
(4532, 104, 7, NULL, 'img/104/07_5.JPG'),
(4533, 104, 7, NULL, 'img/104/07_6.JPG'),
(4534, 104, 8, NULL, 'img/104/08_1.jpg'),
(4535, 104, 9, NULL, 'img/104/09_1.jpg'),
(4536, 104, 9, NULL, 'img/104/09_2.JPG'),
(4537, 104, 9, NULL, 'img/104/09_3.jpg'),
(4538, 104, 9, NULL, 'img/104/09_4.jpg'),
(4539, 104, 9, NULL, 'img/104/09_5.jpg'),
(4540, 105, 1, NULL, 'img/105/01_1.jpg'),
(4541, 105, 2, NULL, 'img/105/02_1.jpg'),
(4542, 105, 2, NULL, 'img/105/02_2.jpg'),
(4543, 105, 2, NULL, 'img/105/02_3.jpg'),
(4544, 105, 4, NULL, 'img/105/03_1.jpg'),
(4545, 105, 4, NULL, 'img/105/03_2.jpg'),
(4546, 105, 3, NULL, 'img/105/04_1.jpg'),
(4547, 105, 3, NULL, 'img/105/04_2.jpg'),
(4548, 105, 3, NULL, 'img/105/04_3.jpg'),
(4549, 105, 6, NULL, 'img/105/05_1.jpg'),
(4550, 105, 6, NULL, 'img/105/05_2.jpg'),
(4551, 105, 5, NULL, 'img/105/06_1.jpg'),
(4552, 105, 5, NULL, 'img/105/06_2.jpg'),
(4553, 105, 7, NULL, 'img/105/07_1.jpg'),
(4554, 105, 7, NULL, 'img/105/07_2.jpg'),
(4555, 105, 7, NULL, 'img/105/07_3.jpg'),
(4556, 105, 7, NULL, 'img/105/07_4.jpg'),
(4557, 105, 9, NULL, 'img/105/09_1.jpg'),
(4558, 105, 9, NULL, 'img/105/09_2.jpg'),
(4559, 105, 9, NULL, 'img/105/09_3.jpg'),
(4560, 105, 9, NULL, 'img/105/09_4.jpg'),
(4561, 106, 1, NULL, 'img/106/01_001.jpg'),
(4562, 106, 1, NULL, 'img/106/01_1.jpg'),
(4563, 106, 1, NULL, 'img/106/01_2.jpg'),
(4564, 106, 1, NULL, 'img/106/01_3.jpg'),
(4565, 106, 1, NULL, 'img/106/01_4.jpg'),
(4566, 106, 1, NULL, 'img/106/01_5.jpg'),
(4567, 106, 2, NULL, 'img/106/02_1.jpg'),
(4568, 106, 2, NULL, 'img/106/02_2.jpg'),
(4569, 106, 2, NULL, 'img/106/02_3.jpg'),
(4570, 106, 4, NULL, 'img/106/03_1.jpg'),
(4571, 106, 4, NULL, 'img/106/03_2.jpg'),
(4572, 106, 4, NULL, 'img/106/03_3.jpg'),
(4573, 106, 4, NULL, 'img/106/03_4.jpg'),
(4574, 106, 4, NULL, 'img/106/03_5.jpg'),
(4575, 106, 4, NULL, 'img/106/03_6.jpg'),
(4576, 106, 4, NULL, 'img/106/03_7.jpg'),
(4577, 106, 4, NULL, 'img/106/03_8.jpg'),
(4578, 106, 3, NULL, 'img/106/04_1.jpg'),
(4579, 106, 3, NULL, 'img/106/04_2.jpg'),
(4580, 106, 3, NULL, 'img/106/04_3.jpg'),
(4581, 106, 3, NULL, 'img/106/04_4.jpg'),
(4582, 106, 3, NULL, 'img/106/04_5.jpg'),
(4583, 106, 6, NULL, 'img/106/05_1.jpg'),
(4584, 106, 6, NULL, 'img/106/05_2.jpg'),
(4585, 106, 6, NULL, 'img/106/05_3.jpg'),
(4586, 106, 5, NULL, 'img/106/06_10.jpg'),
(4587, 106, 5, NULL, 'img/106/06_6.jpg'),
(4588, 106, 5, NULL, 'img/106/06_7.jpg'),
(4589, 106, 5, NULL, 'img/106/06_8.jpg'),
(4590, 106, 5, NULL, 'img/106/06_9.jpg'),
(4591, 106, 7, NULL, 'img/106/07_1.jpg'),
(4592, 106, 7, NULL, 'img/106/07_11.jpg'),
(4593, 106, 7, NULL, 'img/106/07_12.jpg'),
(4594, 106, 7, NULL, 'img/106/07_13.jpg'),
(4595, 106, 7, NULL, 'img/106/07_14.jpg'),
(4596, 106, 7, NULL, 'img/106/07_2.jpg'),
(4597, 106, 9, NULL, 'img/106/09_05.jpg'),
(4598, 106, 9, NULL, 'img/106/09_1.jpg'),
(4599, 106, 9, NULL, 'img/106/09_10.jpg'),
(4600, 106, 9, NULL, 'img/106/09_11.jpg'),
(4601, 106, 9, NULL, 'img/106/09_12.jpg'),
(4602, 106, 9, NULL, 'img/106/09_13.jpg'),
(4603, 106, 9, NULL, 'img/106/09_14.jpg'),
(4604, 106, 9, NULL, 'img/106/09_2.jpg'),
(4605, 106, 9, NULL, 'img/106/09_3.jpg'),
(4606, 106, 9, NULL, 'img/106/09_4.jpg'),
(4607, 106, 9, NULL, 'img/106/09_6.jpg'),
(4608, 106, 9, NULL, 'img/106/09_7.jpg'),
(4609, 106, 9, NULL, 'img/106/09_8.jpg'),
(4610, 106, 9, NULL, 'img/106/09_9.jpg'),
(4661, 107, 1, NULL, 'img/107/01_1.jpg'),
(4662, 107, 2, NULL, 'img/107/02_2.jpg'),
(4663, 107, 4, NULL, 'img/107/03_3.jpg'),
(4664, 107, 5, NULL, 'img/107/06_4.jpg'),
(4665, 107, 5, NULL, 'img/107/06_5.jpg'),
(4666, 107, 5, NULL, 'img/107/06_6.jpg'),
(4667, 107, 5, NULL, 'img/107/06_7.jpg'),
(4668, 107, 5, NULL, 'img/107/06_8.jpg'),
(4669, 107, 7, NULL, 'img/107/07_10.jpg'),
(4670, 107, 7, NULL, 'img/107/07_11.jpg'),
(4671, 107, 7, NULL, 'img/107/07_12.jpg'),
(4672, 107, 7, NULL, 'img/107/07_13.jpg'),
(4673, 107, 7, NULL, 'img/107/07_9.jpg'),
(4674, 107, 8, NULL, 'img/107/08_14.jpg'),
(4675, 107, 8, NULL, 'img/107/08_15.jpg'),
(4676, 107, 9, NULL, 'img/107/09_16.jpg'),
(4677, 107, 9, NULL, 'img/107/09_17.jpg'),
(4678, 107, 9, NULL, 'img/107/09_18.jpg'),
(4679, 107, 9, NULL, 'img/107/09_19.jpg'),
(4680, 107, 9, NULL, 'img/107/09_20.jpg'),
(4681, 107, 9, NULL, 'img/107/09_21.jpg'),
(4682, 107, 9, NULL, 'img/107/09_22.jpg'),
(4683, 100, 2, NULL, 'img/100/02_08.jpg'),
(4684, 100, 2, NULL, 'img/100/02_09.jpg'),
(4685, 100, 4, NULL, 'img/100/03_10.jpg'),
(4686, 100, 4, NULL, 'img/100/03_11.jpg'),
(4687, 100, 4, NULL, 'img/100/03_12.jpg'),
(4688, 100, 4, NULL, 'img/100/03_13.jpg'),
(4689, 100, 3, NULL, 'img/100/04_14.jpg'),
(4690, 100, 3, NULL, 'img/100/04_15.jpg'),
(4691, 100, 3, NULL, 'img/100/04_16.jpg'),
(4692, 100, 3, NULL, 'img/100/04_17.jpg'),
(4693, 100, 3, NULL, 'img/100/04_18.jpg'),
(4694, 100, 6, NULL, 'img/100/05_19.jpg'),
(4695, 100, 6, NULL, 'img/100/05_20.jpg'),
(4696, 100, 6, NULL, 'img/100/05_21.jpg'),
(4697, 100, 7, NULL, 'img/100/07_27.jpg'),
(4698, 100, 7, NULL, 'img/100/07_28.jpg'),
(4699, 100, 7, NULL, 'img/100/07_29.jpg'),
(4700, 100, 7, NULL, 'img/100/07_30.jpg'),
(4701, 100, 7, NULL, 'img/100/07_31.jpg'),
(4702, 64, 1, NULL, 'img/64/01_01.jpg'),
(4703, 64, 1, NULL, 'img/64/01_02.jpg'),
(4704, 64, 1, NULL, 'img/64/01_03.jpg'),
(4705, 64, 1, NULL, 'img/64/01_04.jpg'),
(4706, 64, 2, NULL, 'img/64/02_01.jpg'),
(4707, 64, 2, NULL, 'img/64/02_02.jpg'),
(4708, 64, 4, NULL, 'img/64/03_01.jpg'),
(4709, 64, 4, NULL, 'img/64/03_02.jpg'),
(4710, 64, 4, NULL, 'img/64/03_03.jpg'),
(4711, 64, 6, NULL, 'img/64/05_01.jpg'),
(4712, 64, 6, NULL, 'img/64/05_02.jpg'),
(4713, 64, 6, NULL, 'img/64/05_03.jpg'),
(4714, 64, 6, NULL, 'img/64/05_04.jpg'),
(4715, 64, 6, NULL, 'img/64/05_05.jpg'),
(4716, 64, 5, NULL, 'img/64/06_01.jpg'),
(4717, 64, 5, NULL, 'img/64/06_02.jpg'),
(4718, 64, 7, NULL, 'img/64/07_01.jpg'),
(4719, 64, 7, NULL, 'img/64/07_02.jpg'),
(4720, 64, 7, NULL, 'img/64/07_03.jpg'),
(4721, 64, 7, NULL, 'img/64/07_04.jpg'),
(4722, 64, 7, NULL, 'img/64/07_05.jpg'),
(4723, 64, 7, NULL, 'img/64/07_06.jpg'),
(4724, 64, 8, NULL, 'img/64/08_01.jpg'),
(4725, 64, 8, NULL, 'img/64/08_02.jpg'),
(4726, 64, 9, NULL, 'img/64/09_01.jpg'),
(4727, 64, 9, NULL, 'img/64/09_02.jpg'),
(4728, 64, 9, NULL, 'img/64/09_03.jpg'),
(4729, 64, 9, NULL, 'img/64/09_04.jpg'),
(4730, 108, 1, NULL, 'img/108/01_1.jpg.jpg'),
(4731, 108, 2, NULL, 'img/108/02_11.jpg.jpg'),
(4732, 108, 2, NULL, 'img/108/02_2.jpg.jpg'),
(4733, 108, 2, NULL, 'img/108/02_8.jpg.jpg'),
(4734, 108, 4, NULL, 'img/108/03_3.jpg.jpg'),
(4735, 108, 7, NULL, 'img/108/07_4jpg.jpg'),
(4736, 108, 7, NULL, 'img/108/07_5.jpg.jpg'),
(4737, 108, 7, NULL, 'img/108/07_6.jpg.jpg'),
(4738, 108, 7, NULL, 'img/108/07_7.jpg.jpg'),
(4739, 108, 8, NULL, 'img/108/08_10.jpg.jpg'),
(4740, 108, 8, NULL, 'img/108/08_9 .jpg.jpg'),
(4741, 108, 9, NULL, 'img/108/09_12jpg.jpg'),
(4787, 109, 1, NULL, 'img/109/01_1.JPG'),
(4788, 109, 1, NULL, 'img/109/01_2.JPG'),
(4789, 109, 2, NULL, 'img/109/02_1.JPG'),
(4790, 109, 2, NULL, 'img/109/02_2.JPG'),
(4791, 109, 2, NULL, 'img/109/02_3.JPG'),
(4792, 109, 4, NULL, 'img/109/03_1.JPG'),
(4793, 109, 4, NULL, 'img/109/03_2.JPG'),
(4794, 109, 4, NULL, 'img/109/03_3.JPG'),
(4795, 109, 4, NULL, 'img/109/03_4.JPG'),
(4796, 109, 4, NULL, 'img/109/03_5.JPG'),
(4797, 109, 4, NULL, 'img/109/03_6.JPG'),
(4798, 109, 4, NULL, 'img/109/03_7.JPG'),
(4799, 109, 4, NULL, 'img/109/03_8.JPG'),
(4800, 109, 3, NULL, 'img/109/04_1.JPG'),
(4801, 109, 3, NULL, 'img/109/04_2.JPG'),
(4802, 109, 6, NULL, 'img/109/05_1.JPG'),
(4803, 109, 6, NULL, 'img/109/05_2.JPG'),
(4804, 109, 6, NULL, 'img/109/05_3.JPG'),
(4805, 109, 6, NULL, 'img/109/05_4.JPG'),
(4806, 109, 6, NULL, 'img/109/05_5.JPG'),
(4807, 109, 6, NULL, 'img/109/05_6.JPG'),
(4808, 109, 6, NULL, 'img/109/05_7.JPG'),
(4809, 109, 6, NULL, 'img/109/05_8.JPG'),
(4810, 109, 6, NULL, 'img/109/05_9.JPG'),
(4811, 109, 5, NULL, 'img/109/06_1.JPG'),
(4812, 109, 5, NULL, 'img/109/06_2.JPG'),
(4813, 109, 5, NULL, 'img/109/06_3.JPG'),
(4814, 109, 5, NULL, 'img/109/06_4.JPG'),
(4815, 109, 5, NULL, 'img/109/06_5.JPG'),
(4816, 109, 5, NULL, 'img/109/06_6.JPG'),
(4817, 109, 7, NULL, 'img/109/07_1.JPG'),
(4818, 109, 7, NULL, 'img/109/07_2.JPG'),
(4819, 109, 7, NULL, 'img/109/07_3.JPG'),
(4820, 109, 7, NULL, 'img/109/07_4.JPG'),
(4821, 109, 7, NULL, 'img/109/07_5.JPG'),
(4822, 109, 8, NULL, 'img/109/08_1.JPG'),
(4823, 109, 8, NULL, 'img/109/08_2.JPG'),
(4824, 109, 9, NULL, 'img/109/09_1.JPG'),
(4825, 109, 9, NULL, 'img/109/09_2.JPG'),
(4826, 109, 9, NULL, 'img/109/09_3.JPG'),
(4827, 109, 9, NULL, 'img/109/09_4.JPG'),
(4828, 109, 9, NULL, 'img/109/09_5.JPG'),
(4829, 109, 9, NULL, 'img/109/09_6.JPG'),
(4830, 109, 9, NULL, 'img/109/09_7.JPG'),
(4831, 109, 9, NULL, 'img/109/09_8.JPG'),
(4832, 110, 1, NULL, 'img/110/01_074111.jpg'),
(4833, 110, 1, NULL, 'img/110/01_074124.jpg'),
(4834, 110, 1, NULL, 'img/110/01_074412.jpg'),
(4835, 110, 2, NULL, 'img/110/02_074412.jpg'),
(4836, 110, 2, NULL, 'img/110/02_074429.jpg'),
(4837, 110, 2, NULL, 'img/110/02_074442.jpg'),
(4838, 110, 4, NULL, 'img/110/03_074526 (1).jpg'),
(4839, 110, 4, NULL, 'img/110/03_074616.jpg'),
(4840, 110, 4, NULL, 'img/110/03_074643.jpg'),
(4841, 110, 4, NULL, 'img/110/03_074738.jpg'),
(4842, 110, 4, NULL, 'img/110/03_074809.jpg'),
(4843, 110, 4, NULL, 'img/110/03_074905.jpg'),
(4844, 110, 4, NULL, 'img/110/03_074934.jpg'),
(4845, 110, 4, NULL, 'img/110/03_075054.jpg'),
(4846, 110, 3, NULL, 'img/110/04_075457.jpg'),
(4847, 110, 3, NULL, 'img/110/04_075512.jpg'),
(4848, 110, 3, NULL, 'img/110/04_075530.jpg'),
(4849, 110, 3, NULL, 'img/110/04_075546.jpg'),
(4850, 110, 3, NULL, 'img/110/04_075559.jpg'),
(4851, 110, 3, NULL, 'img/110/04_075612.jpg'),
(4852, 110, 3, NULL, 'img/110/04_075627.jpg'),
(4853, 110, 3, NULL, 'img/110/04_075651.jpg'),
(4854, 110, 3, NULL, 'img/110/04_075759.jpg'),
(4855, 110, 3, NULL, 'img/110/04_080125.jpg'),
(4856, 110, 3, NULL, 'img/110/04_080131.jpg'),
(4857, 110, 3, NULL, 'img/110/04_080301.jpg'),
(4858, 110, 3, NULL, 'img/110/04_080456.jpg'),
(4859, 110, 3, NULL, 'img/110/04_080512.jpg'),
(4860, 110, 3, NULL, 'img/110/04_080531.jpg'),
(4861, 110, 6, NULL, 'img/110/05_081307.jpg'),
(4862, 110, 6, NULL, 'img/110/05_081328.jpg'),
(4863, 110, 6, NULL, 'img/110/05_081405.jpg'),
(4864, 110, 6, NULL, 'img/110/05_081441.jpg'),
(4865, 110, 6, NULL, 'img/110/05_081541.jpg'),
(4866, 110, 6, NULL, 'img/110/05_081647.jpg'),
(4867, 110, 6, NULL, 'img/110/05_081934.jpg'),
(4868, 110, 6, NULL, 'img/110/05_082000.jpg'),
(4869, 110, 5, NULL, 'img/110/06_082429.jpeg'),
(4870, 110, 5, NULL, 'img/110/06_082610.jpeg'),
(4871, 110, 5, NULL, 'img/110/06_082621.jpeg'),
(4872, 110, 5, NULL, 'img/110/06_082636.jpeg'),
(4873, 110, 5, NULL, 'img/110/06_082750.jpeg'),
(4874, 110, 5, NULL, 'img/110/06_082758.jpeg'),
(4875, 110, 7, NULL, 'img/110/07_083015.jpeg'),
(4876, 110, 7, NULL, 'img/110/07_083026.jpeg'),
(4877, 110, 7, NULL, 'img/110/07_083043.jpeg'),
(4878, 110, 7, NULL, 'img/110/07_083319.jpg'),
(4879, 110, 7, NULL, 'img/110/07_083330.jpg'),
(4880, 110, 7, NULL, 'img/110/07_083350.jpg'),
(4881, 110, 7, NULL, 'img/110/07_083409.jpg'),
(4882, 110, 8, NULL, 'img/110/08_085448.jpg'),
(4883, 110, 8, NULL, 'img/110/08_085507.jpg'),
(4884, 110, 8, NULL, 'img/110/08_085513.jpg'),
(4885, 110, 8, NULL, 'img/110/08_085606.jpg'),
(4886, 110, 8, NULL, 'img/110/08_085613.jpg'),
(4887, 110, 8, NULL, 'img/110/08_085623.jpg'),
(4888, 110, 8, NULL, 'img/110/08_085718.jpg'),
(4889, 110, 8, NULL, 'img/110/08_085724.jpg'),
(4890, 110, 8, NULL, 'img/110/08_085729.jpg'),
(4891, 110, 9, NULL, 'img/110/09_085936.jpg'),
(4892, 110, 9, NULL, 'img/110/09_090104.jpg'),
(4893, 110, 9, NULL, 'img/110/09_090153.jpg'),
(4894, 110, 9, NULL, 'img/110/09_091030.jpg'),
(4895, 110, 9, NULL, 'img/110/09_091050.jpg'),
(4896, 110, 9, NULL, 'img/110/09_091239.jpg'),
(4897, 111, 1, NULL, 'img/111/01_1.jpg.jpg'),
(4898, 111, 2, NULL, 'img/111/02_1.jpg.jpg'),
(4899, 111, 2, NULL, 'img/111/02_122.jpg.jpg'),
(4900, 111, 4, NULL, 'img/111/03_1.jpg.jpg'),
(4901, 111, 4, NULL, 'img/111/03_2.jpg.jpg'),
(4902, 111, 6, NULL, 'img/111/05_1.jpg.jpg'),
(4903, 111, 6, NULL, 'img/111/05_2.jpg.jpg'),
(4904, 111, 7, NULL, 'img/111/07_1.jpg.jpg'),
(4905, 111, 7, NULL, 'img/111/07_2.jpg.jpg'),
(4906, 111, 7, NULL, 'img/111/07_3.jpg.jpg'),
(4907, 111, 7, NULL, 'img/111/07_4.jpg.jpg'),
(4908, 111, 7, NULL, 'img/111/07_5.jpg.jpg'),
(4909, 111, 8, NULL, 'img/111/08_1.jpg.jpg'),
(4910, 111, 8, NULL, 'img/111/08_2.jpg.jpg'),
(4911, 111, 8, NULL, 'img/111/08_3.jpg.jpg'),
(4912, 111, 9, NULL, 'img/111/09_1.jpg.jpg'),
(4913, 111, 9, NULL, 'img/111/09_2.jpg.jpg'),
(4914, 111, 9, NULL, 'img/111/09_3.jpg.jpg'),
(4915, 111, 9, NULL, 'img/111/09_4.jpg.jpg'),
(4916, 111, 9, NULL, 'img/111/09_5.jpg.jpg'),
(4917, 111, 9, NULL, 'img/111/09_6.jpg.jpg'),
(4918, 111, 9, NULL, 'img/111/09_7.jpg.jpg'),
(4919, 111, 9, NULL, 'img/111/09_8.jpg.jpg'),
(4920, 111, 9, NULL, 'img/111/09_9.jpg.jpg'),
(4921, 112, 1, NULL, 'img/112/01_093758.jpg'),
(4922, 112, 1, NULL, 'img/112/01_093839.jpg'),
(4923, 112, 2, NULL, 'img/112/02_093912.jpg'),
(4924, 112, 4, NULL, 'img/112/03_094150.jpg'),
(4925, 112, 7, NULL, 'img/112/07_094315.jpg'),
(4926, 112, 8, NULL, 'img/112/08_094002.jpg'),
(4927, 112, 8, NULL, 'img/112/08_094006.jpg'),
(4928, 112, 9, NULL, 'img/112/09_094342.jpg'),
(4929, 112, 9, NULL, 'img/112/09_094429.jpg'),
(4930, 113, 1, NULL, 'img/113/01_1.jpg'),
(4931, 113, 1, NULL, 'img/113/01_2.jpg'),
(4932, 113, 1, NULL, 'img/113/01_3.jpg'),
(4933, 113, 1, NULL, 'img/113/01_4.jpg'),
(4934, 113, 2, NULL, 'img/113/02_1.jpg'),
(4935, 113, 2, NULL, 'img/113/02_2.jpg'),
(4936, 113, 2, NULL, 'img/113/02_3.jpg'),
(4937, 113, 4, NULL, 'img/113/03_1.jpg'),
(4938, 113, 4, NULL, 'img/113/03_2.jpg'),
(4939, 113, 4, NULL, 'img/113/03_3.jpg'),
(4940, 113, 3, NULL, 'img/113/04_1.jpg'),
(4941, 113, 3, NULL, 'img/113/04_2.jpg'),
(4942, 113, 3, NULL, 'img/113/04_3.jpg'),
(4943, 113, 3, NULL, 'img/113/04_4.jpg'),
(4944, 113, 3, NULL, 'img/113/04_5.jpg'),
(4945, 113, 3, NULL, 'img/113/04_6.jpg'),
(4946, 113, 3, NULL, 'img/113/04_7.jpg'),
(4947, 113, 6, NULL, 'img/113/05-10.jpg'),
(4948, 113, 6, NULL, 'img/113/05_8.jpg'),
(4949, 113, 6, NULL, 'img/113/05_9.jpg'),
(4950, 113, 5, NULL, 'img/113/06_01.jpg'),
(4951, 113, 5, NULL, 'img/113/06_02.jpg'),
(4952, 113, 5, NULL, 'img/113/06_03.jpg'),
(4953, 113, 5, NULL, 'img/113/06_04.jpg'),
(4954, 113, 7, NULL, 'img/113/07_01.jpg'),
(4955, 113, 7, NULL, 'img/113/07_02.jpg'),
(4956, 113, 9, NULL, 'img/113/09_01.jpg'),
(4957, 113, 9, NULL, 'img/113/09_02.jpg'),
(4958, 113, 9, NULL, 'img/113/09_03.jpg'),
(4959, 113, 9, NULL, 'img/113/09_04.jpg'),
(4960, 113, 9, NULL, 'img/113/09_05.jpg'),
(4961, 113, 9, NULL, 'img/113/09_06.jpg'),
(4962, 114, 1, NULL, 'img/114/01_01.jpg'),
(4963, 114, 1, NULL, 'img/114/01_02.jpg'),
(4964, 114, 1, NULL, 'img/114/01_03.jpg'),
(4965, 114, 2, NULL, 'img/114/02_01.jpg'),
(4966, 114, 2, NULL, 'img/114/02_02.jpg'),
(4967, 114, 2, NULL, 'img/114/02_03.jpg'),
(4968, 114, 2, NULL, 'img/114/02_04.jpg'),
(4969, 114, 4, NULL, 'img/114/03_01.jpg'),
(4970, 114, 4, NULL, 'img/114/03_02.jpg'),
(4971, 114, 4, NULL, 'img/114/03_03.jpg'),
(4972, 114, 4, NULL, 'img/114/03_04.jpg'),
(4973, 114, 3, NULL, 'img/114/04_01.jpg'),
(4974, 114, 3, NULL, 'img/114/04_02.jpg'),
(4975, 114, 3, NULL, 'img/114/04_03.jpg'),
(4976, 114, 3, NULL, 'img/114/04_04.jpg'),
(4977, 114, 3, NULL, 'img/114/04_05.jpg'),
(4978, 114, 6, NULL, 'img/114/05_01.jpg'),
(4979, 114, 6, NULL, 'img/114/05_02.jpg'),
(4980, 114, 6, NULL, 'img/114/05_03.jpg'),
(4981, 114, 5, NULL, 'img/114/06_01.jpg'),
(4982, 114, 5, NULL, 'img/114/06_02.jpg'),
(4983, 114, 5, NULL, 'img/114/06_03.jpg'),
(4984, 114, 7, NULL, 'img/114/07_01.jpg'),
(4985, 114, 7, NULL, 'img/114/07_02.jpg'),
(4986, 114, 7, NULL, 'img/114/07_03.jpg'),
(4987, 114, 8, NULL, 'img/114/08_01.jpg'),
(4988, 114, 8, NULL, 'img/114/08_02.jpg'),
(4989, 114, 8, NULL, 'img/114/08_03.jpg'),
(4990, 114, 8, NULL, 'img/114/08_04.jpg'),
(4991, 114, 9, NULL, 'img/114/09_01.jpg'),
(4992, 114, 9, NULL, 'img/114/09_02.jpg'),
(4993, 114, 9, NULL, 'img/114/09_03.jpg'),
(4994, 114, 9, NULL, 'img/114/09_04.jpg'),
(4995, 114, 9, NULL, 'img/114/09_05.jpg'),
(4996, 114, 9, NULL, 'img/114/09_06.jpg'),
(4997, 114, 9, NULL, 'img/114/09_07.jpg'),
(4998, 114, 9, NULL, 'img/114/09_08.jpg'),
(4999, 115, 1, NULL, 'img/115/01_1.jpg'),
(5000, 115, 1, NULL, 'img/115/01_2.jpg'),
(5001, 115, 1, NULL, 'img/115/01_3.jpg'),
(5002, 115, 1, NULL, 'img/115/01_4.jpg'),
(5003, 115, 2, NULL, 'img/115/02_1.jpg'),
(5004, 115, 2, NULL, 'img/115/02_10.jpg'),
(5005, 115, 2, NULL, 'img/115/02_2.jpg'),
(5006, 115, 2, NULL, 'img/115/02_3.jpg'),
(5007, 115, 2, NULL, 'img/115/02_4.jpg'),
(5008, 115, 2, NULL, 'img/115/02_5.jpg'),
(5009, 115, 2, NULL, 'img/115/02_6.jpg'),
(5010, 115, 2, NULL, 'img/115/02_8.jpg'),
(5011, 115, 2, NULL, 'img/115/02_9.jpg'),
(5012, 115, 4, NULL, 'img/115/03_1.jpg'),
(5013, 115, 4, NULL, 'img/115/03_10.jpg'),
(5014, 115, 4, NULL, 'img/115/03_11.jpg'),
(5015, 115, 4, NULL, 'img/115/03_12.jpg'),
(5016, 115, 4, NULL, 'img/115/03_2.jpg'),
(5017, 115, 4, NULL, 'img/115/03_3.jpg'),
(5018, 115, 4, NULL, 'img/115/03_4.jpg'),
(5019, 115, 4, NULL, 'img/115/03_5.jpg'),
(5020, 115, 4, NULL, 'img/115/03_6.jpg'),
(5021, 115, 4, NULL, 'img/115/03_7.jpg'),
(5022, 115, 4, NULL, 'img/115/03_8.jpg'),
(5023, 115, 4, NULL, 'img/115/03_9.jpg'),
(5024, 115, 3, NULL, 'img/115/04_1.jpg');
INSERT INTO `photos_edu` (`id`, `schid`, `category`, `isDefect`, `path`) VALUES
(5025, 115, 3, NULL, 'img/115/04_10.jpg'),
(5026, 115, 3, NULL, 'img/115/04_11.jpg'),
(5027, 115, 3, NULL, 'img/115/04_12.jpg'),
(5028, 115, 3, NULL, 'img/115/04_13.jpg'),
(5029, 115, 3, NULL, 'img/115/04_14.jpg'),
(5030, 115, 3, NULL, 'img/115/04_15.jpg'),
(5031, 115, 3, NULL, 'img/115/04_16.jpg'),
(5032, 115, 3, NULL, 'img/115/04_17.jpg'),
(5033, 115, 3, NULL, 'img/115/04_18.jpg'),
(5034, 115, 3, NULL, 'img/115/04_19.jpg'),
(5035, 115, 3, NULL, 'img/115/04_2.jpg'),
(5036, 115, 3, NULL, 'img/115/04_20.jpg'),
(5037, 115, 3, NULL, 'img/115/04_21.jpg'),
(5038, 115, 3, NULL, 'img/115/04_3.jpg'),
(5039, 115, 3, NULL, 'img/115/04_4.jpg'),
(5040, 115, 3, NULL, 'img/115/04_5.jpg'),
(5041, 115, 3, NULL, 'img/115/04_6.jpg'),
(5042, 115, 3, NULL, 'img/115/04_7.jpg'),
(5043, 115, 3, NULL, 'img/115/04_8.jpg'),
(5044, 115, 3, NULL, 'img/115/04_9.jpg'),
(5045, 115, 6, NULL, 'img/115/05_1.jpg'),
(5046, 115, 6, NULL, 'img/115/05_10.jpg'),
(5047, 115, 6, NULL, 'img/115/05_2.jpg'),
(5048, 115, 6, NULL, 'img/115/05_3.jpg'),
(5049, 115, 6, NULL, 'img/115/05_4.jpg'),
(5050, 115, 6, NULL, 'img/115/05_5.jpg'),
(5051, 115, 6, NULL, 'img/115/05_6.jpg'),
(5052, 115, 6, NULL, 'img/115/05_8.jpg'),
(5053, 115, 6, NULL, 'img/115/05_9.jpg'),
(5054, 115, 5, NULL, 'img/115/06_1.jpg'),
(5055, 115, 5, NULL, 'img/115/06_10.jpg'),
(5056, 115, 5, NULL, 'img/115/06_11.jpg'),
(5057, 115, 5, NULL, 'img/115/06_2.jpg'),
(5058, 115, 5, NULL, 'img/115/06_3.jpg'),
(5059, 115, 5, NULL, 'img/115/06_4.jpg'),
(5060, 115, 5, NULL, 'img/115/06_5.jpg'),
(5061, 115, 5, NULL, 'img/115/06_6.jpg'),
(5062, 115, 5, NULL, 'img/115/06_7.jpg'),
(5063, 115, 5, NULL, 'img/115/06_8.jpg'),
(5064, 115, 5, NULL, 'img/115/06_9.jpg'),
(5065, 115, 7, NULL, 'img/115/07_1.jpg'),
(5066, 115, 7, NULL, 'img/115/07_10.jpg'),
(5067, 115, 7, NULL, 'img/115/07_11.jpg'),
(5068, 115, 7, NULL, 'img/115/07_12.jpg'),
(5069, 115, 7, NULL, 'img/115/07_2.jpg'),
(5070, 115, 7, NULL, 'img/115/07_3.jpg'),
(5071, 115, 7, NULL, 'img/115/07_4.jpg'),
(5072, 115, 7, NULL, 'img/115/07_5.jpg'),
(5073, 115, 7, NULL, 'img/115/07_6.jpg'),
(5074, 115, 7, NULL, 'img/115/07_7.jpg'),
(5075, 115, 7, NULL, 'img/115/07_8.jpg'),
(5076, 115, 7, NULL, 'img/115/07_9.jpg'),
(5077, 115, 8, NULL, 'img/115/08_1.jpg'),
(5078, 115, 8, NULL, 'img/115/08_10.jpg'),
(5079, 115, 8, NULL, 'img/115/08_11.jpg'),
(5080, 115, 8, NULL, 'img/115/08_12.jpg'),
(5081, 115, 8, NULL, 'img/115/08_2.jpg'),
(5082, 115, 8, NULL, 'img/115/08_3.jpg'),
(5083, 115, 8, NULL, 'img/115/08_4.jpg'),
(5084, 115, 8, NULL, 'img/115/08_5.jpg'),
(5085, 115, 8, NULL, 'img/115/08_6.jpg'),
(5086, 115, 8, NULL, 'img/115/08_7.jpg'),
(5087, 115, 8, NULL, 'img/115/08_8.jpg'),
(5088, 115, 8, NULL, 'img/115/08_9.jpg'),
(5089, 115, 9, NULL, 'img/115/09_1.jpg'),
(5090, 115, 9, NULL, 'img/115/09_10.jpg'),
(5091, 115, 9, NULL, 'img/115/09_11.jpg'),
(5092, 115, 9, NULL, 'img/115/09_12.jpg'),
(5093, 115, 9, NULL, 'img/115/09_13.jpg'),
(5094, 115, 9, NULL, 'img/115/09_14.jpg'),
(5095, 115, 9, NULL, 'img/115/09_15.jpg'),
(5096, 115, 9, NULL, 'img/115/09_16.jpg'),
(5097, 115, 9, NULL, 'img/115/09_17.jpg'),
(5098, 115, 9, NULL, 'img/115/09_18.jpg'),
(5099, 115, 9, NULL, 'img/115/09_19.jpg'),
(5100, 115, 9, NULL, 'img/115/09_2.jpg'),
(5101, 115, 9, NULL, 'img/115/09_20.jpg'),
(5102, 115, 9, NULL, 'img/115/09_21.jpg'),
(5103, 115, 9, NULL, 'img/115/09_22.jpg'),
(5104, 115, 9, NULL, 'img/115/09_23.jpg'),
(5105, 115, 9, NULL, 'img/115/09_24.jpg'),
(5106, 115, 9, NULL, 'img/115/09_25.jpg'),
(5107, 115, 9, NULL, 'img/115/09_3.jpg'),
(5108, 115, 9, NULL, 'img/115/09_4.jpg'),
(5109, 115, 9, NULL, 'img/115/09_5.jpg'),
(5110, 115, 9, NULL, 'img/115/09_6.jpg'),
(5111, 115, 9, NULL, 'img/115/09_7.jpg'),
(5112, 115, 9, NULL, 'img/115/09_8.jpg'),
(5113, 115, 9, NULL, 'img/115/09_9.jpg'),
(5114, 116, 1, NULL, 'img/116/01_2979.jpg'),
(5115, 116, 1, NULL, 'img/116/01_2980.jpg'),
(5116, 116, 1, NULL, 'img/116/01_2981.jpg'),
(5117, 116, 1, NULL, 'img/116/01_2982.jpg'),
(5118, 116, 2, NULL, 'img/116/02_2983.jpg'),
(5119, 116, 6, NULL, 'img/116/05_2984.jpg'),
(5120, 116, 7, NULL, 'img/116/07_2985.jpg'),
(5121, 116, 7, NULL, 'img/116/07_2986.jpg'),
(5122, 116, 7, NULL, 'img/116/07_2987.jpg'),
(5123, 116, 7, NULL, 'img/116/07_2988.jpg'),
(5124, 116, 7, NULL, 'img/116/07_2989.jpg'),
(5125, 116, 8, NULL, 'img/116/08_2990.jpg'),
(5126, 116, 9, NULL, 'img/116/09_2021.jpg'),
(5127, 116, 9, NULL, 'img/116/09_2991.jpg'),
(5128, 116, 9, NULL, 'img/116/09_2992.jpg'),
(5129, 116, 9, NULL, 'img/116/09_2993.jpg'),
(5130, 116, 9, NULL, 'img/116/09_2994.jpg'),
(5131, 116, 9, NULL, 'img/116/09_2995.jpg'),
(5132, 116, 9, NULL, 'img/116/09_2996.jpg'),
(5133, 116, 9, NULL, 'img/116/09_2997.jpg'),
(5134, 116, 9, NULL, 'img/116/09_2998.jpg'),
(5135, 116, 9, NULL, 'img/116/09_2999.jpg'),
(5136, 117, 1, NULL, 'img/117/01_1.jpg'),
(5137, 117, 1, NULL, 'img/117/01_2.jpg'),
(5138, 117, 1, NULL, 'img/117/01_3.jpg'),
(5139, 117, 1, NULL, 'img/117/01_4.jpg'),
(5140, 117, 2, NULL, 'img/117/02_1.jpg'),
(5141, 117, 2, NULL, 'img/117/02_2.jpg'),
(5142, 117, 2, NULL, 'img/117/02_3.jpg'),
(5143, 117, 2, NULL, 'img/117/02_4.jpg'),
(5144, 117, 4, NULL, 'img/117/03_1.jpg'),
(5145, 117, 4, NULL, 'img/117/03_2.jpg'),
(5146, 117, 3, NULL, 'img/117/04_1.jpg'),
(5147, 117, 3, NULL, 'img/117/04_2.jpg'),
(5148, 117, 3, NULL, 'img/117/04_3.jpg'),
(5149, 117, 3, NULL, 'img/117/04_4.jpg'),
(5150, 117, 3, NULL, 'img/117/04_5.jpg'),
(5151, 117, 6, NULL, 'img/117/05_1.jpg'),
(5152, 117, 6, NULL, 'img/117/05_2.jpg'),
(5153, 117, 6, NULL, 'img/117/05_3.jpg'),
(5154, 117, 6, NULL, 'img/117/05_4.jpg'),
(5155, 117, 6, NULL, 'img/117/05_5.jpg'),
(5156, 117, 5, NULL, 'img/117/06_1.jpg'),
(5157, 117, 5, NULL, 'img/117/06_2.jpg'),
(5158, 117, 5, NULL, 'img/117/06_3.jpg'),
(5159, 117, 5, NULL, 'img/117/06_4.jpg'),
(5160, 117, 5, NULL, 'img/117/06_5.jpg'),
(5161, 117, 7, NULL, 'img/117/07_1.jpg'),
(5162, 117, 7, NULL, 'img/117/07_2.jpg'),
(5163, 117, 7, NULL, 'img/117/07_3.jpg'),
(5164, 117, 7, NULL, 'img/117/07_4.jpg'),
(5165, 117, 8, NULL, 'img/117/08_1.jpg'),
(5166, 117, 8, NULL, 'img/117/08_2.jpg'),
(5167, 117, 9, NULL, 'img/117/09_1.jpg'),
(5168, 117, 9, NULL, 'img/117/09_2.jpg'),
(5169, 117, 9, NULL, 'img/117/09_3.jpg'),
(5170, 117, 9, NULL, 'img/117/09_4.jpg'),
(5171, 117, 9, NULL, 'img/117/09_5.jpg'),
(5172, 117, 9, NULL, 'img/117/09_6.jpg'),
(5173, 118, 1, NULL, 'img/118/01_001.jpg'),
(5174, 118, 1, NULL, 'img/118/01_001_k.jpg'),
(5175, 118, 2, NULL, 'img/118/02_002.jpg'),
(5176, 118, 2, NULL, 'img/118/02_002_k.jpg'),
(5177, 118, 2, NULL, 'img/118/02_003.jpg'),
(5178, 118, 2, NULL, 'img/118/02_003_k.jpg'),
(5179, 118, 2, NULL, 'img/118/02_004.jpg'),
(5180, 118, 2, NULL, 'img/118/02_004_k.jpg'),
(5181, 118, 2, NULL, 'img/118/02_005.jpg'),
(5182, 118, 4, NULL, 'img/118/03_005.jpg'),
(5183, 118, 4, NULL, 'img/118/03_006.jpg'),
(5184, 118, 4, NULL, 'img/118/03_006_k.jpg'),
(5185, 118, 4, NULL, 'img/118/03_007.jpg'),
(5186, 118, 4, NULL, 'img/118/03_007_k.jpg'),
(5187, 118, 4, NULL, 'img/118/03_008.jpg'),
(5188, 118, 4, NULL, 'img/118/03_008_k.jpg'),
(5189, 118, 4, NULL, 'img/118/03_009.jpg'),
(5190, 118, 4, NULL, 'img/118/03_009_k.jpg'),
(5191, 118, 3, NULL, 'img/118/04_010.jpg'),
(5192, 118, 3, NULL, 'img/118/04_010_k.jpg'),
(5193, 118, 3, NULL, 'img/118/04_011.jpg'),
(5194, 118, 3, NULL, 'img/118/04_011_k.jpg'),
(5195, 118, 3, NULL, 'img/118/04_012.jpg'),
(5196, 118, 3, NULL, 'img/118/04_012_k.jpg'),
(5197, 118, 3, NULL, 'img/118/04_013.jpg'),
(5198, 118, 3, NULL, 'img/118/04_014.jpg'),
(5199, 118, 3, NULL, 'img/118/04_015.jpg'),
(5200, 118, 3, NULL, 'img/118/04_016.jpg'),
(5201, 118, 3, NULL, 'img/118/04_017.jpg'),
(5202, 118, 6, NULL, 'img/118/05_013.jpg'),
(5203, 118, 6, NULL, 'img/118/05_014.jpg'),
(5204, 118, 6, NULL, 'img/118/05_015.jpg'),
(5205, 118, 6, NULL, 'img/118/05_016.jpg'),
(5206, 118, 6, NULL, 'img/118/05_017.jpg'),
(5207, 118, 6, NULL, 'img/118/05_018.jpg'),
(5208, 118, 6, NULL, 'img/118/05_019.jpg'),
(5209, 118, 6, NULL, 'img/118/05_020.jpg'),
(5210, 118, 6, NULL, 'img/118/05_021.jpg'),
(5211, 118, 5, NULL, 'img/118/06_018.jpg'),
(5212, 118, 5, NULL, 'img/118/06_019.jpg'),
(5213, 118, 5, NULL, 'img/118/06_020.jpg'),
(5214, 118, 5, NULL, 'img/118/06_021.jpg'),
(5215, 118, 5, NULL, 'img/118/06_022.jpg'),
(5216, 118, 5, NULL, 'img/118/06_022_k.jpg'),
(5217, 118, 5, NULL, 'img/118/06_023.jpg'),
(5218, 118, 5, NULL, 'img/118/06_024.jpg'),
(5219, 118, 5, NULL, 'img/118/06_025.jpg'),
(5220, 118, 5, NULL, 'img/118/06_026.jpg'),
(5221, 118, 7, NULL, 'img/118/07_023.jpg'),
(5222, 118, 7, NULL, 'img/118/07_024.jpg'),
(5223, 118, 7, NULL, 'img/118/07_025.jpg'),
(5224, 118, 7, NULL, 'img/118/07_026.jpg'),
(5225, 118, 7, NULL, 'img/118/07_027.jpg'),
(5226, 118, 7, NULL, 'img/118/07_027_k.jpg'),
(5227, 118, 7, NULL, 'img/118/07_028.jpg'),
(5228, 118, 7, NULL, 'img/118/07_028_k.jpg'),
(5229, 118, 7, NULL, 'img/118/07_029.jpg'),
(5230, 118, 7, NULL, 'img/118/07_030.jpg'),
(5231, 118, 7, NULL, 'img/118/07_031.jpg'),
(5232, 118, 7, NULL, 'img/118/07_032.jpg'),
(5233, 118, 8, NULL, 'img/118/08_029.jpg'),
(5234, 118, 8, NULL, 'img/118/08_030.jpg'),
(5235, 118, 8, NULL, 'img/118/08_033.jpg'),
(5236, 118, 8, NULL, 'img/118/08_034.jpg'),
(5237, 118, 8, NULL, 'img/118/08_035.jpg'),
(5238, 118, 8, NULL, 'img/118/08_036.jpg'),
(5239, 118, 8, NULL, 'img/118/08_037.jpg'),
(5240, 118, 9, NULL, 'img/118/09_031.jpg'),
(5241, 118, 9, NULL, 'img/118/09_032.jpg'),
(5242, 118, 9, NULL, 'img/118/09_033.jpg'),
(5243, 118, 9, NULL, 'img/118/09_034.jpg'),
(5244, 118, 9, NULL, 'img/118/09_035.jpg'),
(5245, 118, 9, NULL, 'img/118/09_036.jpg'),
(5246, 118, 9, NULL, 'img/118/09_037.jpg'),
(5247, 118, 9, NULL, 'img/118/09_038.jpg'),
(5248, 118, 9, NULL, 'img/118/09_038_k.jpg'),
(5249, 118, 9, NULL, 'img/118/09_039.jpg'),
(5250, 118, 9, NULL, 'img/118/09_039_k.jpg'),
(5251, 118, 9, NULL, 'img/118/09_040.jpg'),
(5252, 118, 9, NULL, 'img/118/09_040_k.jpg'),
(5253, 118, 9, NULL, 'img/118/09_041.jpg'),
(5254, 118, 9, NULL, 'img/118/09_042.jpg'),
(5255, 118, 9, NULL, 'img/118/09_043.jpg'),
(5256, 118, 9, NULL, 'img/118/09_044.jpg'),
(5257, 118, 9, NULL, 'img/118/09_045.jpg'),
(5258, 119, 1, NULL, 'img/119/01_E9741.JPG'),
(5259, 119, 1, NULL, 'img/119/01_E9742.JPG'),
(5260, 119, 1, NULL, 'img/119/01_E9743.JPG'),
(5261, 119, 2, NULL, 'img/119/02_E9744.JPG'),
(5262, 119, 2, NULL, 'img/119/02_E9745.JPG'),
(5263, 119, 2, NULL, 'img/119/02_E9746.JPG'),
(5264, 119, 2, NULL, 'img/119/02_E9747.JPG'),
(5265, 119, 2, NULL, 'img/119/02_E9748.JPG'),
(5266, 119, 4, NULL, 'img/119/03_9763.jpg'),
(5267, 119, 4, NULL, 'img/119/03_9764.jpg'),
(5268, 119, 4, NULL, 'img/119/03_9776.jpg'),
(5269, 119, 4, NULL, 'img/119/03_E9751.JPG'),
(5270, 119, 4, NULL, 'img/119/03_E9757.JPG'),
(5271, 119, 3, NULL, 'img/119/04_9759.jpg'),
(5272, 119, 3, NULL, 'img/119/04_9760.jpg'),
(5273, 119, 3, NULL, 'img/119/04_9761.jpg'),
(5274, 119, 3, NULL, 'img/119/04_9762.jpg'),
(5275, 119, 6, NULL, 'img/119/05_E9752.JPG'),
(5276, 119, 6, NULL, 'img/119/05_E9753.JPG'),
(5277, 119, 6, NULL, 'img/119/05_E9754.JPG'),
(5278, 119, 5, NULL, 'img/119/06_ 16-11-01.JPG'),
(5279, 119, 5, NULL, 'img/119/06_ 16-11-07.JPG'),
(5280, 119, 5, NULL, 'img/119/06_ 16-11-14.JPG'),
(5281, 119, 5, NULL, 'img/119/06_1611.JPG'),
(5282, 119, 7, NULL, 'img/119/07_9758.jpg'),
(5283, 119, 7, NULL, 'img/119/07_9769_стоматология.jpg'),
(5284, 119, 7, NULL, 'img/119/07_9774.jpg'),
(5285, 119, 7, NULL, 'img/119/07_9775.jpg'),
(5286, 119, 7, NULL, 'img/119/07_E9755.JPG'),
(5287, 119, 7, NULL, 'img/119/07_E9756.JPG'),
(5288, 119, 8, NULL, 'img/119/08_9765.jpg'),
(5289, 119, 8, NULL, 'img/119/08_9766.jpg'),
(5290, 119, 8, NULL, 'img/119/08_9767.jpg'),
(5291, 119, 9, NULL, 'img/119/09_9768.jpg'),
(5292, 119, 9, NULL, 'img/119/09_9770.jpg'),
(5293, 119, 9, NULL, 'img/119/09_9771.jpg'),
(5294, 119, 9, NULL, 'img/119/09_9772.jpg'),
(5295, 119, 9, NULL, 'img/119/09_9773.jpg'),
(5296, 120, 1, NULL, 'img/120/01_1.jpeg'),
(5297, 120, 1, NULL, 'img/120/01_2.jpeg'),
(5298, 120, 1, NULL, 'img/120/01_3.jpeg'),
(5299, 120, 1, NULL, 'img/120/01_4.jpeg'),
(5300, 120, 1, NULL, 'img/120/01_5.jpeg'),
(5301, 120, 2, NULL, 'img/120/02_10.jpeg'),
(5302, 120, 2, NULL, 'img/120/02_11.jpeg'),
(5303, 120, 2, NULL, 'img/120/02_12.jpeg'),
(5304, 120, 2, NULL, 'img/120/02_13.jpeg'),
(5305, 120, 2, NULL, 'img/120/02_14.jpeg'),
(5306, 120, 2, NULL, 'img/120/02_15.jpeg'),
(5307, 120, 2, NULL, 'img/120/02_6.jpeg'),
(5308, 120, 2, NULL, 'img/120/02_7.jpeg'),
(5309, 120, 2, NULL, 'img/120/02_8.jpeg'),
(5310, 120, 2, NULL, 'img/120/02_9.jpeg'),
(5311, 120, 4, NULL, 'img/120/03_16.jpeg'),
(5312, 120, 4, NULL, 'img/120/03_17.jpeg'),
(5313, 120, 4, NULL, 'img/120/03_18.jpeg'),
(5314, 120, 3, NULL, 'img/120/04_19.jpeg'),
(5315, 120, 6, NULL, 'img/120/05_20.jpg'),
(5316, 120, 6, NULL, 'img/120/05_21.jpg'),
(5317, 120, 6, NULL, 'img/120/05_22.jpg'),
(5318, 120, 6, NULL, 'img/120/05_23.jpg'),
(5319, 120, 6, NULL, 'img/120/05_24.jpg'),
(5320, 120, 6, NULL, 'img/120/05_55.jpg'),
(5321, 120, 6, NULL, 'img/120/05_56.jpg'),
(5322, 120, 6, NULL, 'img/120/05_57.jpg'),
(5323, 120, 6, NULL, 'img/120/05_58.jpg'),
(5324, 120, 5, NULL, 'img/120/06_25.jpeg'),
(5325, 120, 5, NULL, 'img/120/06_26.jpeg'),
(5326, 120, 5, NULL, 'img/120/06_27.jpeg'),
(5327, 120, 5, NULL, 'img/120/06_28.jpeg'),
(5328, 120, 5, NULL, 'img/120/06_29.jpeg'),
(5329, 120, 5, NULL, 'img/120/06_30.jpeg'),
(5330, 120, 5, NULL, 'img/120/06_31.jpeg'),
(5331, 120, 5, NULL, 'img/120/06_32.jpeg'),
(5332, 120, 5, NULL, 'img/120/06_33.jpeg'),
(5333, 120, 7, NULL, 'img/120/07_34.jpeg'),
(5334, 120, 7, NULL, 'img/120/07_35.jpeg'),
(5335, 120, 8, NULL, 'img/120/08_36.jpeg'),
(5336, 120, 8, NULL, 'img/120/08_37.jpeg'),
(5337, 120, 8, NULL, 'img/120/08_38.jpeg'),
(5338, 120, 8, NULL, 'img/120/08_39.jpeg'),
(5339, 120, 8, NULL, 'img/120/08_40.jpeg'),
(5340, 120, 9, NULL, 'img/120/09_42.jpeg'),
(5341, 120, 9, NULL, 'img/120/09_43.jpg'),
(5342, 120, 9, NULL, 'img/120/09_44.jpg'),
(5343, 120, 9, NULL, 'img/120/09_45.jpg'),
(5344, 120, 9, NULL, 'img/120/09_46.jpg'),
(5345, 120, 9, NULL, 'img/120/09_47.jpg'),
(5346, 120, 9, NULL, 'img/120/09_48.jpg'),
(5347, 120, 9, NULL, 'img/120/09_49.jpg'),
(5348, 120, 9, NULL, 'img/120/09_50.jpg'),
(5349, 120, 9, NULL, 'img/120/09_51.jpg'),
(5350, 120, 9, NULL, 'img/120/09_52.jpg'),
(5351, 120, 9, NULL, 'img/120/09_53.jpg'),
(5352, 120, 9, NULL, 'img/120/09_54.jpg'),
(5353, 121, 1, NULL, 'img/121/01_1.jpg'),
(5354, 121, 2, NULL, 'img/121/02_1.jpg'),
(5355, 121, 2, NULL, 'img/121/02_2.jpg'),
(5356, 121, 2, NULL, 'img/121/02_3.jpg'),
(5357, 121, 4, NULL, 'img/121/03_1.jpg'),
(5358, 121, 4, NULL, 'img/121/03_2.jpg'),
(5359, 121, 4, NULL, 'img/121/03_3.jpg'),
(5360, 121, 4, NULL, 'img/121/03_4.jpg'),
(5361, 121, 3, NULL, 'img/121/04_1.jpg'),
(5362, 121, 3, NULL, 'img/121/04_2.jpg'),
(5363, 121, 6, NULL, 'img/121/05_1.jpg'),
(5364, 121, 6, NULL, 'img/121/05_2.jpg'),
(5365, 121, 5, NULL, 'img/121/06_1.jpg'),
(5366, 121, 5, NULL, 'img/121/06_2.jpg'),
(5367, 121, 7, NULL, 'img/121/07_1.jpg'),
(5368, 121, 7, NULL, 'img/121/07_2.jpg'),
(5369, 121, 7, NULL, 'img/121/07_3.jpg'),
(5370, 121, 7, NULL, 'img/121/07_4.jpg'),
(5371, 121, 8, NULL, 'img/121/08_1.jpg'),
(5372, 121, 9, NULL, 'img/121/09_1.jpg'),
(5373, 121, 9, NULL, 'img/121/09_2.jpg'),
(5374, 121, 9, NULL, 'img/121/09_3.jpg'),
(5375, 121, 9, NULL, 'img/121/09_4.jpg'),
(5376, 121, 9, NULL, 'img/121/09_5.jpg'),
(5377, 121, 9, NULL, 'img/121/09_6.jpg'),
(5378, 122, 1, NULL, 'img/122/01_223.jpg'),
(5379, 122, 1, NULL, 'img/122/01_224.jpg'),
(5380, 122, 1, NULL, 'img/122/01_225.jpg'),
(5381, 122, 1, NULL, 'img/122/01_226.jpg'),
(5382, 122, 2, NULL, 'img/122/02_227.jpg'),
(5383, 122, 2, NULL, 'img/122/02_228.jpg'),
(5384, 122, 2, NULL, 'img/122/02_229.jpg'),
(5385, 122, 2, NULL, 'img/122/02_230.jpg'),
(5386, 122, 2, NULL, 'img/122/02_231.jpg'),
(5387, 122, 4, NULL, 'img/122/03_232.jpg'),
(5388, 122, 4, NULL, 'img/122/03_233.jpg'),
(5389, 122, 4, NULL, 'img/122/03_234.jpg'),
(5390, 122, 3, NULL, 'img/122/04_238.jpg'),
(5391, 122, 3, NULL, 'img/122/04_239.jpg'),
(5392, 122, 3, NULL, 'img/122/04_240.jpg'),
(5393, 122, 6, NULL, 'img/122/05_241.jpg'),
(5394, 122, 6, NULL, 'img/122/05_242.jpg'),
(5395, 122, 6, NULL, 'img/122/05_243.jpg'),
(5396, 122, 5, NULL, 'img/122/06_244.jpg'),
(5397, 122, 5, NULL, 'img/122/06_245.jpg'),
(5398, 122, 5, NULL, 'img/122/06_246.jpg'),
(5399, 122, 5, NULL, 'img/122/06_247.jpg'),
(5400, 122, 5, NULL, 'img/122/06_248.jpg'),
(5401, 122, 7, NULL, 'img/122/07_249.jpg'),
(5402, 122, 7, NULL, 'img/122/07_250.jpg'),
(5403, 122, 7, NULL, 'img/122/07_251.jpg'),
(5404, 122, 7, NULL, 'img/122/07_252.jpg'),
(5405, 122, 8, NULL, 'img/122/08_253.jpg'),
(5406, 122, 8, NULL, 'img/122/08_254.jpg'),
(5407, 122, 8, NULL, 'img/122/08_255.jpg'),
(5408, 122, 8, NULL, 'img/122/08_256.jpg'),
(5409, 122, 8, NULL, 'img/122/08_257.jpg'),
(5410, 122, 9, NULL, 'img/122/09_258.jpg'),
(5411, 122, 9, NULL, 'img/122/09_259.jpg'),
(5412, 122, 9, NULL, 'img/122/09_260.jpg'),
(5413, 122, 9, NULL, 'img/122/09_261.jpg'),
(5414, 122, 9, NULL, 'img/122/09_262.jpg'),
(5415, 122, 9, NULL, 'img/122/09_263.jpg'),
(5416, 122, 9, NULL, 'img/122/09_264.jpg'),
(5417, 124, 1, NULL, 'img/124/01_(1).jpg'),
(5418, 124, 1, NULL, 'img/124/01_(2).jpg'),
(5419, 124, 1, NULL, 'img/124/01_(3).jpg'),
(5420, 124, 1, NULL, 'img/124/01_(4).jpg'),
(5421, 124, 1, NULL, 'img/124/01_(5).jpg'),
(5422, 124, 1, NULL, 'img/124/01_(6).jpg'),
(5423, 124, 1, NULL, 'img/124/01_(7).jpg'),
(5424, 124, 1, NULL, 'img/124/01_(8).jpg'),
(5425, 124, 2, NULL, 'img/124/02_1.jpg'),
(5426, 124, 2, NULL, 'img/124/02_2.jpg'),
(5427, 124, 2, NULL, 'img/124/02_3.jpg'),
(5428, 124, 2, NULL, 'img/124/02_4.jpg'),
(5429, 124, 4, NULL, 'img/124/03_(1).jpg'),
(5430, 124, 4, NULL, 'img/124/03_(10).jpg'),
(5431, 124, 4, NULL, 'img/124/03_(11).jpg'),
(5432, 124, 4, NULL, 'img/124/03_(12).jpg'),
(5433, 124, 4, NULL, 'img/124/03_(13).jpg'),
(5434, 124, 4, NULL, 'img/124/03_(14).jpg'),
(5435, 124, 4, NULL, 'img/124/03_(15).jpg'),
(5436, 124, 4, NULL, 'img/124/03_(16).jpg'),
(5437, 124, 4, NULL, 'img/124/03_(17).jpg'),
(5438, 124, 4, NULL, 'img/124/03_(18).jpg'),
(5439, 124, 4, NULL, 'img/124/03_(19).jpg'),
(5440, 124, 4, NULL, 'img/124/03_(2).jpg'),
(5441, 124, 4, NULL, 'img/124/03_(20).jpg'),
(5442, 124, 4, NULL, 'img/124/03_(3).jpg'),
(5443, 124, 4, NULL, 'img/124/03_(4).jpg'),
(5444, 124, 4, NULL, 'img/124/03_(5).jpg'),
(5445, 124, 4, NULL, 'img/124/03_(6).jpg'),
(5446, 124, 4, NULL, 'img/124/03_(7).jpg'),
(5447, 124, 4, NULL, 'img/124/03_(8).jpg'),
(5448, 124, 4, NULL, 'img/124/03_(9).jpg'),
(5449, 124, 3, NULL, 'img/124/04_(1).jpg'),
(5450, 124, 3, NULL, 'img/124/04_(10).jpg'),
(5451, 124, 3, NULL, 'img/124/04_(11).jpg'),
(5452, 124, 3, NULL, 'img/124/04_(12).jpg'),
(5453, 124, 3, NULL, 'img/124/04_(13).jpg'),
(5454, 124, 3, NULL, 'img/124/04_(14).jpg'),
(5455, 124, 3, NULL, 'img/124/04_(15).jpg'),
(5456, 124, 3, NULL, 'img/124/04_(16).jpg'),
(5457, 124, 3, NULL, 'img/124/04_(17).jpg'),
(5458, 124, 3, NULL, 'img/124/04_(18).jpg'),
(5459, 124, 3, NULL, 'img/124/04_(2).jpg'),
(5460, 124, 3, NULL, 'img/124/04_(3).jpg'),
(5461, 124, 3, NULL, 'img/124/04_(4).jpg'),
(5462, 124, 3, NULL, 'img/124/04_(5).jpg'),
(5463, 124, 3, NULL, 'img/124/04_(6).jpg'),
(5464, 124, 3, NULL, 'img/124/04_(7).jpg'),
(5465, 124, 3, NULL, 'img/124/04_(8).jpg'),
(5466, 124, 3, NULL, 'img/124/04_(9).jpg'),
(5467, 124, 5, NULL, 'img/124/06_(1).jpg'),
(5468, 124, 5, NULL, 'img/124/06_(2).jpg'),
(5469, 124, 5, NULL, 'img/124/06_(3).jpg'),
(5470, 124, 5, NULL, 'img/124/06_(4).jpg'),
(5471, 124, 5, NULL, 'img/124/06_(5).jpg'),
(5472, 124, 5, NULL, 'img/124/06_(6).jpg'),
(5473, 124, 5, NULL, 'img/124/06_(7).jpg'),
(5474, 124, 5, NULL, 'img/124/06_(8).jpg'),
(5475, 124, 5, NULL, 'img/124/06_(9).jpg'),
(5476, 124, 7, NULL, 'img/124/07_(1).jpg'),
(5477, 124, 7, NULL, 'img/124/07_(10).jpg'),
(5478, 124, 7, NULL, 'img/124/07_(11).jpg'),
(5479, 124, 7, NULL, 'img/124/07_(12).jpg'),
(5480, 124, 7, NULL, 'img/124/07_(13).jpg'),
(5481, 124, 7, NULL, 'img/124/07_(14).jpg'),
(5482, 124, 7, NULL, 'img/124/07_(15).jpg'),
(5483, 124, 7, NULL, 'img/124/07_(16).jpg'),
(5484, 124, 7, NULL, 'img/124/07_(17).jpg'),
(5485, 124, 7, NULL, 'img/124/07_(18).jpg'),
(5486, 124, 7, NULL, 'img/124/07_(19).jpg'),
(5487, 124, 7, NULL, 'img/124/07_(2).jpg'),
(5488, 124, 7, NULL, 'img/124/07_(20).jpg'),
(5489, 124, 7, NULL, 'img/124/07_(21).jpg'),
(5490, 124, 7, NULL, 'img/124/07_(22).jpg'),
(5491, 124, 7, NULL, 'img/124/07_(23).jpg'),
(5492, 124, 7, NULL, 'img/124/07_(3).jpg'),
(5493, 124, 7, NULL, 'img/124/07_(4).jpg'),
(5494, 124, 7, NULL, 'img/124/07_(5).jpg'),
(5495, 124, 7, NULL, 'img/124/07_(6).jpg'),
(5496, 124, 7, NULL, 'img/124/07_(7).jpg'),
(5497, 124, 7, NULL, 'img/124/07_(8).jpg'),
(5498, 124, 7, NULL, 'img/124/07_(9).jpg'),
(5499, 124, 8, NULL, 'img/124/08_(1).jpg'),
(5500, 124, 8, NULL, 'img/124/08_(10).jpg'),
(5501, 124, 8, NULL, 'img/124/08_(11).jpg'),
(5502, 124, 8, NULL, 'img/124/08_(12).jpg'),
(5503, 124, 8, NULL, 'img/124/08_(13).jpg'),
(5504, 124, 8, NULL, 'img/124/08_(14).jpg'),
(5505, 124, 8, NULL, 'img/124/08_(2).jpg'),
(5506, 124, 8, NULL, 'img/124/08_(3).jpg'),
(5507, 124, 8, NULL, 'img/124/08_(4).jpg'),
(5508, 124, 8, NULL, 'img/124/08_(5).jpg'),
(5509, 124, 8, NULL, 'img/124/08_(6).jpg'),
(5510, 124, 8, NULL, 'img/124/08_(7).jpg'),
(5511, 124, 8, NULL, 'img/124/08_(8).jpg'),
(5512, 124, 8, NULL, 'img/124/08_(9).jpg'),
(5513, 125, 1, NULL, 'img/125/01_68.jpg'),
(5514, 125, 2, NULL, 'img/125/02_68.jpg'),
(5515, 125, 4, NULL, 'img/125/03_65.jpg'),
(5516, 125, 4, NULL, 'img/125/03_66).jpg'),
(5517, 125, 4, NULL, 'img/125/03_67.jpg'),
(5518, 125, 4, NULL, 'img/125/03_68.jpg'),
(5519, 125, 3, NULL, 'img/125/04_68.jpg'),
(5520, 125, 6, NULL, 'img/125/05_64.jpg'),
(5521, 125, 6, NULL, 'img/125/05_68.jpg'),
(5522, 125, 5, NULL, 'img/125/06_68.jpg'),
(5523, 125, 7, NULL, 'img/125/07_67.jpg'),
(5524, 125, 7, NULL, 'img/125/07_68.jpg'),
(5525, 125, 8, NULL, 'img/125/08_68.jpg'),
(5622, 99, 1, NULL, 'img/99/01_P7190364.JPG'),
(5623, 99, 1, NULL, 'img/99/01_Р7190363.JPG'),
(5624, 99, 2, NULL, 'img/99/02_P7190369.JPG'),
(5625, 99, 4, NULL, 'img/99/03_P7190370.JPG'),
(5626, 99, 4, NULL, 'img/99/03_P7190375.JPG'),
(5627, 99, 4, NULL, 'img/99/03_P7190378.JPG'),
(5628, 99, 4, NULL, 'img/99/03_P7190384.JPG'),
(5629, 99, 4, NULL, 'img/99/03_P7190410.JPG'),
(5630, 99, 3, NULL, 'img/99/04_P7190387.JPG'),
(5631, 99, 6, NULL, 'img/99/05_P7190371.JPG'),
(5632, 99, 6, NULL, 'img/99/05_P7190372.JPG'),
(5633, 99, 5, NULL, 'img/99/06_P7190382.JPG'),
(5634, 99, 7, NULL, 'img/99/07_P7190374.JPG'),
(5635, 99, 7, NULL, 'img/99/07_P7190379.JPG'),
(5636, 99, 7, NULL, 'img/99/07_P7190380.JPG'),
(5637, 99, 7, NULL, 'img/99/07_P7190381.JPG'),
(5638, 99, 7, NULL, 'img/99/07_P7190385.JPG'),
(5639, 99, 7, NULL, 'img/99/07_P7190409.JPG'),
(5640, 99, 8, NULL, 'img/99/08_P7190397.JPG'),
(5641, 99, 8, NULL, 'img/99/08_P7190398.JPG'),
(5642, 99, 8, NULL, 'img/99/08_P7190399.JPG'),
(5643, 99, 8, NULL, 'img/99/08_P7190400.JPG'),
(5644, 99, 8, NULL, 'img/99/08_P7190401.JPG'),
(5645, 99, 8, NULL, 'img/99/08_P7190402.JPG'),
(5646, 99, 8, NULL, 'img/99/08_P7190403.JPG'),
(5647, 99, 8, NULL, 'img/99/08_P7190404.JPG'),
(5648, 99, 9, NULL, 'img/99/09_7190366.JPG'),
(5649, 99, 9, NULL, 'img/99/09_P7190365.JPG'),
(5650, 99, 9, NULL, 'img/99/09_P7190367.JPG'),
(5651, 99, 9, NULL, 'img/99/09_P7190368.JPG'),
(5652, 99, 9, NULL, 'img/99/09_P7190376.JPG'),
(5653, 99, 9, NULL, 'img/99/09_P7190377.JPG'),
(5654, 99, 9, NULL, 'img/99/09_P7190383.JPG'),
(5655, 99, 9, NULL, 'img/99/09_P7190386.JPG'),
(5656, 99, 9, NULL, 'img/99/09_P7190388.JPG'),
(5657, 99, 9, NULL, 'img/99/09_P7190389.JPG'),
(5658, 99, 9, NULL, 'img/99/09_P7190390.JPG'),
(5659, 99, 9, NULL, 'img/99/09_P7190391.JPG'),
(5660, 99, 9, NULL, 'img/99/09_P7190392.JPG'),
(5661, 99, 9, NULL, 'img/99/09_P7190393.JPG'),
(5662, 99, 9, NULL, 'img/99/09_P7190394.JPG'),
(5663, 99, 9, NULL, 'img/99/09_P7190395.JPG'),
(5664, 99, 9, NULL, 'img/99/09_P7190396.JPG'),
(5665, 99, 9, NULL, 'img/99/09_P7190405.JPG'),
(5666, 99, 9, NULL, 'img/99/09_P7190406.JPG'),
(5667, 99, 9, NULL, 'img/99/09_P7190407.JPG'),
(5668, 99, 9, NULL, 'img/99/09_P7190408.JPG'),
(5669, 99, 9, NULL, 'img/99/09_P7190411.JPG');

-- --------------------------------------------------------

--
-- Table structure for table `photo_categories`
--

CREATE TABLE `photo_categories` (
  `id` int(11) NOT NULL,
  `name` varchar(200) NOT NULL
) ENGINE=InnoDB DEFAULT CHARSET=utf8mb4;

--
-- Dumping data for table `photo_categories`
--

INSERT INTO `photo_categories` (`id`, `name`) VALUES
(1, 'фасад, таблица с названием'),
(2, 'входная группа, фое, гардероб'),
(3, 'лест. пролёты, площадка последних этажей '),
(4, 'корридоры'),
(5, 'спорт. зал, раздевалки, душевые'),
(6, 'пищеблок'),
(7, 'классные кабинеты, мастерские, медблок'),
(8, 'сан. узлы'),
(9, 'основные дефекты '),
(11, 'Не подходит');

-- --------------------------------------------------------

--
-- Table structure for table `users`
--

CREATE TABLE `users` (
  `id` int(11) NOT NULL,
  `uid` varchar(200) NOT NULL,
  `pwd` varchar(200) NOT NULL
) ENGINE=InnoDB DEFAULT CHARSET=utf8mb4;

--
-- Dumping data for table `users`
--

INSERT INTO `users` (`id`, `uid`, `pwd`) VALUES
(1, 'admin', '$2y$10$zYjlG0Pecn2XQUOBDhjl6.G4RxEw8c5gnnRGK15gPQxDBvIoecoFO');

--
-- Indexes for dumped tables
--

--
-- Indexes for table `access`
--
ALTER TABLE `access`
  ADD KEY `uid` (`uid`);

--
-- Indexes for table `educational`
--
ALTER TABLE `educational`
  ADD PRIMARY KEY (`id`),
  ADD KEY `region` (`region`);

--
-- Indexes for table `munipal`
--
ALTER TABLE `munipal`
  ADD PRIMARY KEY (`id`);

--
-- Indexes for table `photos_edu`
--
ALTER TABLE `photos_edu`
  ADD PRIMARY KEY (`id`),
  ADD KEY `schid` (`schid`),
  ADD KEY `category` (`category`);

--
-- Indexes for table `photo_categories`
--
ALTER TABLE `photo_categories`
  ADD PRIMARY KEY (`id`);

--
-- Indexes for table `users`
--
ALTER TABLE `users`
  ADD PRIMARY KEY (`id`);

--
-- AUTO_INCREMENT for dumped tables
--

--
-- AUTO_INCREMENT for table `educational`
--
ALTER TABLE `educational`
  MODIFY `id` int(11) NOT NULL AUTO_INCREMENT, AUTO_INCREMENT=126;

--
-- AUTO_INCREMENT for table `munipal`
--
ALTER TABLE `munipal`
  MODIFY `id` int(11) NOT NULL AUTO_INCREMENT, AUTO_INCREMENT=43;

--
-- AUTO_INCREMENT for table `photos_edu`
--
ALTER TABLE `photos_edu`
  MODIFY `id` int(11) NOT NULL AUTO_INCREMENT, AUTO_INCREMENT=5670;

--
-- AUTO_INCREMENT for table `photo_categories`
--
ALTER TABLE `photo_categories`
  MODIFY `id` int(11) NOT NULL AUTO_INCREMENT, AUTO_INCREMENT=12;

--
-- AUTO_INCREMENT for table `users`
--
ALTER TABLE `users`
  MODIFY `id` int(11) NOT NULL AUTO_INCREMENT, AUTO_INCREMENT=2;

--
-- Constraints for dumped tables
--

--
-- Constraints for table `access`
--
ALTER TABLE `access`
  ADD CONSTRAINT `access_ibfk_1` FOREIGN KEY (`uid`) REFERENCES `users` (`id`);

--
-- Constraints for table `educational`
--
ALTER TABLE `educational`
  ADD CONSTRAINT `educational_ibfk_1` FOREIGN KEY (`region`) REFERENCES `munipal` (`id`);

--
-- Constraints for table `photos_edu`
--
ALTER TABLE `photos_edu`
  ADD CONSTRAINT `photos_edu_ibfk_1` FOREIGN KEY (`schid`) REFERENCES `educational` (`id`),
  ADD CONSTRAINT `photos_edu_ibfk_2` FOREIGN KEY (`category`) REFERENCES `photo_categories` (`id`);
COMMIT;

/*!40101 SET CHARACTER_SET_CLIENT=@OLD_CHARACTER_SET_CLIENT */;
/*!40101 SET CHARACTER_SET_RESULTS=@OLD_CHARACTER_SET_RESULTS */;
/*!40101 SET COLLATION_CONNECTION=@OLD_COLLATION_CONNECTION */;
