-- phpMyAdmin SQL Dump
-- version 5.0.4
-- https://www.phpmyadmin.net/
--
-- Host: 127.0.0.1
-- Generation Time: Jul 20, 2021 at 09:31 PM
-- Server version: 10.4.17-MariaDB
-- PHP Version: 7.3.26

SET SQL_MODE = "NO_AUTO_VALUE_ON_ZERO";
START TRANSACTION;
SET time_zone = "+00:00";


/*!40101 SET @OLD_CHARACTER_SET_CLIENT=@@CHARACTER_SET_CLIENT */;
/*!40101 SET @OLD_CHARACTER_SET_RESULTS=@@CHARACTER_SET_RESULTS */;
/*!40101 SET @OLD_COLLATION_CONNECTION=@@COLLATION_CONNECTION */;
/*!40101 SET NAMES utf8mb4 */;

--
-- Database: `min`
--

-- --------------------------------------------------------

--
-- Table structure for table `access`
--

CREATE TABLE `access` (
  `id` int(11) NOT NULL,
  `content` varchar(200) NOT NULL,
  `createdAt` datetime NOT NULL,
  `expiersAt` datetime NOT NULL,
  `uid` int(11) NOT NULL
) ENGINE=InnoDB DEFAULT CHARSET=utf8mb4;

-- --------------------------------------------------------

--
-- Table structure for table `educational`
--

CREATE TABLE `educational` (
  `id` int(11) NOT NULL,
  `name` varchar(240) NOT NULL,
  `address` varchar(240) NOT NULL,
  `region` int(11) NOT NULL,
  `build_complete` varchar(20) NOT NULL,
  `project_capacity` int(11) NOT NULL,
  `factial_capacity` int(11) NOT NULL,
  `second_shift` int(11) DEFAULT NULL,
  `bybus_count` int(11) DEFAULT NULL,
  `bybus_km` int(11) DEFAULT NULL,
  `level_type` varchar(200) DEFAULT NULL,
  `leve_repair` varchar(100) DEFAULT NULL,
  `roof_type` varchar(200) DEFAULT NULL,
  `roof_area` int(11) DEFAULT NULL,
  `roof_repair` varchar(100) DEFAULT NULL,
  `otmost_repair` varchar(100) DEFAULT NULL,
  `foundation_repair` varchar(100) DEFAULT NULL,
  `electricity_repair` varchar(100) DEFAULT NULL,
  `thermal_repair` varchar(100) DEFAULT NULL,
  `water_repair` varchar(100) DEFAULT NULL,
  `sewer_repair` varchar(100) DEFAULT NULL
) ENGINE=InnoDB DEFAULT CHARSET=utf8mb4;

--
-- Dumping data for table `educational`
--

INSERT INTO `educational` (`id`, `name`, `address`, `region`, `build_complete`, `project_capacity`, `factial_capacity`, `second_shift`, `bybus_count`, `bybus_km`, `level_type`, `leve_repair`, `roof_type`, `roof_area`, `roof_repair`, `otmost_repair`, `foundation_repair`, `electricity_repair`, `thermal_repair`, `water_repair`, `sewer_repair`) VALUES
(1, 'МБОУ«Васильевская ООШ» имени Героя Советского Союза Г.М.Линькова ', '462044, Оренбургская область, Октябрьский район,с. Васильевка, ул. Школьная, 1, Раб. 44-1-68', 20, '1981', 320, 50, 0, 0, 0, 'железобетонные', 'Не требуется', 'скатная', 2500, 'Полный', 'Полный', 'Не требуется', 'Полный', 'Не требуется', 'Не требуется', 'Не требуется'),
(4, 'МБОУ \"Старокульшариповская СОШ\"', 'С.Старокульшарипово ул.Школьная 29 83535124534', 5, '1970', 360, 43, 0, 19, 93, 'железобетонные', 'Не требуется', 'скатная', 420, 'полный', 'частинчный', 'полный', 'частинчный', 'частинчный', 'Не требуется', 'полный'),
(5, 'МОБУ \"Средняя общеобразовательная школа №3\"', '462776, Оренбургская область, п. Новосельский, ул.Школьная, 7', 35, '1983', 194, 109, NULL, NULL, NULL, NULL, NULL, NULL, NULL, NULL, NULL, NULL, NULL, NULL, NULL, NULL),
(6, 'МБОУ \"Новопавловская средняя общеобразовательная школа Акбулакского района Оренбургской области\"', '461561, Россия, Оренбургская область, Акбулакский район, с. Новопавловка, пер. Школьный, 8  тел.8(35335)31136', 3, '1972', 320, 134, NULL, NULL, NULL, NULL, NULL, NULL, NULL, NULL, NULL, NULL, NULL, NULL, NULL, NULL),
(7, 'МБОУ \"Акбулакская  средняя общеобразовательная школа № 2 Акбулакского района Оренбургской области\" ', '461550,Оренбургская область, Акбулакский район, п.Акбулак, улица Оренбургская, дом 103, тел.8(35335)21952', 3, '1976', 620, 637, NULL, NULL, NULL, NULL, NULL, NULL, NULL, NULL, NULL, NULL, NULL, NULL, NULL, NULL),
(8, 'МБОУ \"Лицей №1\" п. Тюльган', 'Оренбургская область, п. Тюльган, ул. М. Горького, д. 11, 835332 2-19-01', 33, '1993', 846, 477, NULL, NULL, NULL, NULL, NULL, NULL, NULL, NULL, NULL, NULL, NULL, NULL, NULL, NULL),
(9, 'МБОУ \"Белогорская основная общеобразовательная школа\" ', '461342 Оренбургская область Беляевский район п.Белогорский ул.Школьная д.6', 6, '1987', 180, 140, NULL, NULL, NULL, NULL, NULL, NULL, NULL, NULL, NULL, NULL, NULL, NULL, NULL, NULL),
(10, 'МАОУ \"Средняя общеобразовательная школа № 7\" г. Гая Оренбургской области', '462635, Оренбургская область, г. Гай, ул. Декабристов, 10А', 9, '1988', 1179, 800, NULL, NULL, NULL, NULL, NULL, NULL, NULL, NULL, NULL, NULL, NULL, NULL, NULL, NULL),
(11, 'МОАУ \"СОШ № 31\"', 'г. Оренбург, ул Братская, д.8/1', 36, '1974', 850, 720, NULL, NULL, NULL, NULL, NULL, NULL, NULL, NULL, NULL, NULL, NULL, NULL, NULL, NULL),
(12, 'МОАУ \"СОШ№ 54\"', 'г.Оренбург, ул.Сергея Лазо, д.8/2', 36, '1973', 1000, 546, NULL, NULL, NULL, NULL, NULL, NULL, NULL, NULL, NULL, NULL, NULL, NULL, NULL, NULL),
(13, 'МАОУ \"Лабазинская СОШ\"', 'с. Лабазы, ул. Зорина, 12', 16, '1963', 180, 261, NULL, NULL, NULL, NULL, NULL, NULL, NULL, NULL, NULL, NULL, NULL, NULL, NULL, NULL),
(14, 'МБОУ \"Волжская СОШ\"', 'п. Волжский, ул. Центральная, 4', 16, '1976', 360, 50, NULL, NULL, NULL, NULL, NULL, NULL, NULL, NULL, NULL, NULL, NULL, NULL, NULL, NULL),
(15, 'МАОУ \"Нежинский лицей\"', '460520, Оренбургская область, Оренбургский район, с. Нежинка, ул.Нежинская, 46; 8(3532) 56-26-34', 21, '1984', 514, 625, NULL, NULL, NULL, NULL, NULL, NULL, NULL, NULL, NULL, NULL, NULL, NULL, NULL, NULL),
(16, 'МБОУ \"Курлинская средняя общеобразовательная школа\"', 'Оренбургская область, Первомайский район, п. Курлин, ул. Молодежная, 1а, тел. 89272917927', 22, '1997', 180, 51, NULL, NULL, NULL, NULL, NULL, NULL, NULL, NULL, NULL, NULL, NULL, NULL, NULL, NULL),
(17, 'МБОУ \"Основная общеобразовательная школа №5\" муниципального образования \"город Бугуруслан\"', 'ул.Строителей, д.2, 8(35352) 3-51-07', 37, '1955', 375, 385, NULL, NULL, NULL, NULL, NULL, NULL, NULL, NULL, NULL, NULL, NULL, NULL, NULL, NULL),
(18, 'МБОУ \"Гимназия г. Медногорска\" ', '462280, Оренбургская обл., г. Медногорск, ул. Гагарина, д. 1а', 39, '1988', 800, 550, NULL, NULL, NULL, NULL, NULL, NULL, NULL, NULL, NULL, NULL, NULL, NULL, NULL, NULL),
(19, 'МАОУ \"Первомайская СОШ\"', 'Кваркенский район, п.Майский, ул.Школьная, д.17', 13, '1974', 200, 61, NULL, NULL, NULL, NULL, NULL, NULL, NULL, NULL, NULL, NULL, NULL, NULL, NULL, NULL),
(20, 'МАОУ «Фадеевская ООШ»', 'Оренбургская область, Пономаревский район, п. Фадеевка, ул. Совхозная, д. 2 тел 8(35357) 24-3-40', 24, '1987', 170, 29, NULL, NULL, NULL, NULL, NULL, NULL, NULL, NULL, NULL, NULL, NULL, NULL, NULL, NULL),
(21, 'МБОУ Краснокоммунарская СОШ', 'Оренбургская обл, Сакмарский район, п.Красный Коммунар, ул.Краснокоммунарская, д.30, 8(35331)27356', 25, '1984', 320, 567, NULL, NULL, NULL, NULL, NULL, NULL, NULL, NULL, NULL, NULL, NULL, NULL, NULL, NULL),
(22, 'Ковыляевская ООШ- филиал МАОУ Богдановская СОШ', 'Оренбургская область, Тоцкий район, село Ковыляевка, Школьная улица, 1А', 32, '1984', 192, 23, NULL, NULL, NULL, NULL, NULL, NULL, NULL, NULL, NULL, NULL, NULL, NULL, NULL, NULL),
(23, 'МБОУ \"Тюльганская СОШ №1\"', 'Оренбургская область, п. Тюльган, ул. М. Горького, д. 20, 835332 2-13-80', 33, '1978', 1200, 626, NULL, NULL, NULL, NULL, NULL, NULL, NULL, NULL, NULL, NULL, NULL, NULL, NULL, NULL),
(24, 'МОБУ \"Целинная основная общеобразовательная школа\"', '462776, Оренбургская область, п. Новосельский, ул.Школьная, 7', 35, '1983', 194, 109, NULL, NULL, NULL, NULL, NULL, NULL, NULL, NULL, NULL, NULL, NULL, NULL, NULL, NULL),
(28, 'МБОУ \"Советская средняя общеобразовательная школа', '461623 Оренбургская область Бугурусланский район село Советское ул В Карпова д 31', 7, '1975', 300, 68, NULL, NULL, NULL, NULL, NULL, NULL, NULL, NULL, NULL, NULL, NULL, NULL, NULL, NULL),
(29, 'МОАУ \"СОШ № 6\"', 'ул. Весенняя, 18, 8 (3532) 43-03-35', 36, '1963', 1000, 1587, NULL, NULL, NULL, NULL, NULL, NULL, NULL, NULL, NULL, NULL, NULL, NULL, NULL, NULL),
(31, 'МОАУ \"ФМЛ\"', 'ул. Советская, д. 24, 77-27-11', 36, '1840', 650, 534, NULL, NULL, NULL, NULL, NULL, NULL, NULL, NULL, NULL, NULL, NULL, NULL, NULL, NULL),
(32, 'МОАУ \"Гимназия № 2\"', 'г. Оренбург ул. Кирова, д. 6 тел. 8(3532)772061', 36, '1939, 1966', 1500, 752, NULL, NULL, NULL, NULL, NULL, NULL, NULL, NULL, NULL, NULL, NULL, NULL, NULL, NULL),
(33, 'МОАУ \"СОШ №34\"', 'г. Оренбург Ул. Туркестанская, 11А', 36, '1978', 1200, 1013, NULL, NULL, NULL, NULL, NULL, NULL, NULL, NULL, NULL, NULL, NULL, NULL, NULL, NULL),
(34, 'МОАУ \"СОШ № 5\"', 'г. Оренбург. Ул. Самолетная, д. 91 тел: 75-27-32', 36, '1961', 650, 738, NULL, NULL, NULL, NULL, NULL, NULL, NULL, NULL, NULL, NULL, NULL, NULL, NULL, NULL),
(35, 'МАОУ «Дюсметьевская СОШ»', 'Оренбургская область, Пономаревский район, с. Дюсьметьево, ул. Центральная, д.10 тел.8(35357) 24-9-35', 24, '1969', 252, 32, NULL, NULL, NULL, NULL, NULL, NULL, NULL, NULL, NULL, NULL, NULL, NULL, NULL, NULL),
(36, 'МАОУ «Софиевская СОШ»', 'Оренбургская область, Пономаревский район, с. Софиевка, ул. Крючковская, д. 1 тел 8(35357) 24-1-20', 24, '1978', 320, 90, NULL, NULL, NULL, NULL, NULL, NULL, NULL, NULL, NULL, NULL, NULL, NULL, NULL, NULL),
(37, 'МАОУ \"Володарская СОШ\"', '1.п.Володарский, ул. Молодежная, 4а, тел. 4-01-70 \r\n2.п.Володарский, ул. Молодежная, 4а, тел.4-01-18  ', 22, '1989, 2000', 290, 573, NULL, NULL, NULL, NULL, NULL, NULL, NULL, NULL, NULL, NULL, NULL, NULL, NULL, NULL),
(38, 'МАОУ Богдановская СОШ', 'Оренбургская область, Тоцкий район, с.Богдановка, ул.Школьная, д.14', 32, '1974', 480, 61, NULL, NULL, NULL, NULL, NULL, NULL, NULL, NULL, NULL, NULL, NULL, NULL, NULL, NULL),
(39, 'МАОУ «Воздвиженская СОШ»', 'Оренбургская область, Пономаревский район, с. Воздвиженка, ул. Рабочий городок, д. 22 тел 8(35357) 23-1-41', 24, '1977', 350, 25, NULL, NULL, NULL, NULL, NULL, NULL, NULL, NULL, NULL, NULL, NULL, NULL, NULL, NULL),
(40, 'МБОУ \"Акбулакская СОШ № 1\"', '461551,Оренбургская область,  Акбулакский район, п. Акбулак, улица Актюбинская, дом 89  тел.8(35335)22461', 3, '1967', 750, 641, NULL, NULL, NULL, NULL, NULL, NULL, NULL, NULL, NULL, NULL, NULL, NULL, NULL, NULL),
(41, 'МБОУ \"Акбулакская СОШ № 3\"', '461561, Россия, Оренбургская область, Акбулакский район, с. Новопавловка, пер. Школьный, 8  тел.8(35335)31136', 3, '1972', 320, 134, NULL, NULL, NULL, NULL, NULL, NULL, NULL, NULL, NULL, NULL, NULL, NULL, NULL, NULL),
(42, 'МБОУ \"Крючковская СОШ\"', 'Российская Федерация, 461332, Оренбургская обл, Беляевский р-н, Крючковка с, Школьный, ДОМ 3', 6, '1964', 180, 140, NULL, NULL, NULL, NULL, NULL, NULL, NULL, NULL, NULL, NULL, NULL, NULL, NULL, NULL),
(43, 'МБОУ «Сергиевская СОШ»', '461986, Оренбургская область, Первомайский район, с. Сергиевка, ул. Первоцелинников, 19', 22, '1980', 180, 140, NULL, NULL, NULL, NULL, NULL, NULL, NULL, NULL, NULL, NULL, NULL, NULL, NULL, NULL),
(44, 'МБОУ Краснокоммунарская СОШ', 'Оренбургская обл, Сакмарский район, п.Красный Коммунар, ул.Краснокоммунарская, д.30, 8(35331)27356', 25, '1984', 320, 567, NULL, NULL, NULL, NULL, NULL, NULL, NULL, NULL, NULL, NULL, NULL, NULL, NULL, NULL),
(45, 'МОАУ \"СОШ № 10\"', '460038,ОБЛАСТЬ ОРЕНБУРГСКАЯ,ГОРОД ОРЕНБУРГ,ПРОСПЕКТ ДЗЕРЖИНСКОГО,26/4,', 36, '1969', 532, 640, NULL, NULL, NULL, NULL, NULL, NULL, NULL, NULL, NULL, NULL, NULL, NULL, NULL, NULL),
(46, 'МОАУ \"СОШ № 67\"', 'г.Оренбург, ул. Всесоюзная 10/1', 36, '1975', 800, 650, NULL, NULL, NULL, NULL, NULL, NULL, NULL, NULL, NULL, NULL, NULL, NULL, NULL, NULL),
(47, 'МОАУ \"СОШ №61\"', '460023,ОБЛАСТЬ ОРЕНБУРГСКАЯ,ГОРОД ОРЕНБУРГ,УЛИЦА ХИМИЧЕСКАЯ,7', 36, '1962', 550, 535, NULL, NULL, NULL, NULL, NULL, NULL, NULL, NULL, NULL, NULL, NULL, NULL, NULL, NULL);

-- --------------------------------------------------------

--
-- Table structure for table `munipal`
--

CREATE TABLE `munipal` (
  `id` int(11) NOT NULL,
  `name` varchar(240) NOT NULL
) ENGINE=InnoDB DEFAULT CHARSET=utf8mb4;

--
-- Dumping data for table `munipal`
--

INSERT INTO `munipal` (`id`, `name`) VALUES
(1, 'Абдулинский городской округ'),
(2, 'Адамовский район'),
(3, 'Акбулакский район'),
(4, 'Александровский район'),
(5, 'Асекеевский район'),
(6, 'Беляевский район'),
(7, 'Бугурусланский район'),
(8, 'Бузулукский район'),
(9, 'Гайский городской округ'),
(10, 'Грачевский район'),
(11, 'Домбаровский район'),
(12, 'Илекский район'),
(13, 'Кваркенский район'),
(14, 'Красногвардейский район'),
(15, 'Кувандыкский городской округ'),
(16, 'Курманаевский район'),
(17, 'Матвеевский район'),
(18, 'Новоорский район'),
(19, 'Новосергиевский район'),
(20, 'Октябрьский район'),
(21, 'Оренбургский район'),
(22, 'Первомайский район'),
(23, 'Переволоцкий район'),
(24, 'Пономаревский район'),
(25, 'Сакмарский район'),
(26, 'Саракташский район'),
(27, 'Светлинский район'),
(28, 'Северный район'),
(29, 'Соль-Илецкий городской округ'),
(30, 'Сорочинский городской округ'),
(31, 'Ташлинский район'),
(32, 'Тоцкий район'),
(33, 'Тюльганский район'),
(34, 'Шарлыкский район'),
(35, 'Ясненский городской округ'),
(36, 'г. Оренбург'),
(37, 'г. Бугуруслан'),
(38, 'г. Бузулук'),
(39, 'г. Медногорск'),
(40, 'г. Новотроицк'),
(41, 'г. Орск'),
(42, 'Южноуральский сельский совет');

-- --------------------------------------------------------

--
-- Table structure for table `photos_edu`
--

CREATE TABLE `photos_edu` (
  `id` int(11) NOT NULL,
  `schid` int(11) NOT NULL,
  `category` int(11) NOT NULL,
  `path` varchar(200) NOT NULL
) ENGINE=InnoDB DEFAULT CHARSET=utf8mb4;

--
-- Dumping data for table `photos_edu`
--

INSERT INTO `photos_edu` (`id`, `schid`, `category`, `path`) VALUES
(10, 2, 4, 'img/photo8.jpg'),
(11, 2, 4, 'img/photo9.jpg'),
(12, 2, 5, 'img/photo10.jpg'),
(31, 4, 9, 'img/4/01_9.jpg'),
(32, 4, 9, 'img/4/01_10.jpg'),
(33, 4, 9, 'img/4/01_12.jpg'),
(34, 4, 9, 'img/4/01_13.jpg'),
(35, 4, 9, 'img/4/01_14.jpg'),
(36, 4, 9, 'img/4/01_16.jpg'),
(37, 4, 9, 'img/4/01_17.jpg'),
(38, 4, 1, 'img/4/01_18.jpg'),
(39, 4, 8, 'img/4/01_20.jpg'),
(40, 4, 8, 'img/4/01_21.jpg'),
(41, 4, 8, 'img/4/01_22.jpg'),
(42, 4, 9, 'img/4/01_23.jpg'),
(43, 4, 1, 'img/4/03_1.jpg'),
(44, 4, 1, 'img/4/02_1.jpg'),
(45, 4, 4, 'img/4/05_1.jpg'),
(46, 4, 2, 'img/4/05_2.jpg'),
(47, 4, 3, 'img/4/06_1.jpg'),
(48, 4, 3, 'img/4/06_2.jpg'),
(49, 4, 7, 'img/4/07_1.jpg'),
(50, 4, 7, 'img/4/07_2.jpg'),
(51, 4, 6, 'img/4/08_1.jpg'),
(52, 4, 6, 'img/4/08_2.jpg'),
(53, 4, 9, 'img/4/10_1.jpg'),
(54, 4, 5, 'img/4/10_2.jpg'),
(55, 4, 5, 'img/4/10_3.jpg'),
(56, 4, 5, 'img/4/10_4.jpg'),
(57, 4, 4, 'img/4/11_1.jpg'),
(58, 4, 2, 'img/4/04_1.jpg'),
(59, 4, 1, 'img/4/01_19.jpg'),
(87, 6, 1, 'img/6/01_01.jpg'),
(88, 6, 9, 'img/6/01_06.jpg'),
(89, 6, 9, 'img/6/01_07.jpg'),
(90, 6, 1, 'img/6/02_01.jpg'),
(91, 6, 1, 'img/6/01_10.jpg'),
(92, 6, 2, 'img/6/04_01.jpg'),
(93, 6, 2, 'img/6/04_02.jpg'),
(94, 6, 4, 'img/6/05_01.jpg'),
(95, 6, 4, 'img/6/05_02.jpg'),
(96, 6, 3, 'img/6/06_01.jpg'),
(97, 6, 3, 'img/6/06_02.jpg'),
(98, 6, 3, 'img/6/06_03.jpg'),
(99, 6, 3, 'img/6/06_05.jpg'),
(100, 6, 3, 'img/6/06_06.jpg'),
(101, 6, 3, 'img/6/06_07.jpg'),
(102, 6, 8, 'img/6/07_01.jpg'),
(103, 6, 8, 'img/6/07_03.jpg'),
(104, 6, 8, 'img/6/07_05.jpg'),
(105, 6, 6, 'img/6/08_01.jpg'),
(106, 6, 6, 'img/6/08_02.jpg'),
(107, 6, 6, 'img/6/08_03.jpg'),
(108, 6, 6, 'img/6/08_04.jpg'),
(109, 6, 6, 'img/6/08_05.jpg'),
(110, 6, 6, 'img/6/08_06.jpg'),
(111, 6, 6, 'img/6/08_07.jpg'),
(112, 6, 6, 'img/6/09_01.jpg'),
(113, 6, 6, 'img/6/09_02.jpg'),
(114, 6, 5, 'img/6/10_01.jpg'),
(115, 6, 5, 'img/6/10_02.jpg'),
(116, 6, 5, 'img/6/10_03.jpg'),
(117, 6, 7, 'img/6/12_01.jpg'),
(118, 6, 7, 'img/6/12_03.jpg'),
(143, 7, 1, 'img/7/01_1.jpg'),
(144, 7, 9, 'img/7/01_2.jpg'),
(145, 7, 9, 'img/7/01_3.jpg'),
(146, 7, 9, 'img/7/01_4.jpg'),
(147, 7, 11, 'img/7/01_5.jpg'),
(148, 7, 1, 'img/7/02_1.jpg'),
(149, 7, 1, 'img/7/03_1.jpg'),
(150, 7, 1, 'img/7/03_2.jpg'),
(151, 7, 2, 'img/7/04_1.jpg'),
(152, 7, 4, 'img/7/05_1.jpg'),
(153, 7, 4, 'img/7/05_2.jpg'),
(154, 7, 3, 'img/7/06_1.jpg'),
(155, 7, 8, 'img/7/07_1.jpg'),
(156, 7, 6, 'img/7/08_1.jpg'),
(157, 7, 6, 'img/7/08_2.jpg'),
(158, 7, 6, 'img/7/08_3.jpg'),
(159, 7, 6, 'img/7/09_1.jpg'),
(160, 7, 5, 'img/7/10_1.jpg'),
(161, 7, 7, 'img/7/10_2.jpg'),
(162, 7, 4, 'img/7/11_1.jpg'),
(163, 7, 7, 'img/7/12_1.jpg'),
(164, 7, 7, 'img/7/12_2.jpg'),
(165, 7, 7, 'img/7/12_3.jpg'),
(166, 7, 7, 'img/7/13_1.jpg'),
(167, 8, 1, 'img/8/01_01.JPG'),
(168, 8, 1, 'img/8/01_02.JPG'),
(169, 8, 11, 'img/8/01_03.JPG'),
(170, 8, 1, 'img/8/02_04.JPG'),
(171, 8, 1, 'img/8/03_05.JPG'),
(172, 8, 2, 'img/8/03_06.JPG'),
(173, 8, 2, 'img/8/03_07.JPG'),
(174, 8, 2, 'img/8/04_08.JPG'),
(175, 8, 4, 'img/8/05_09.JPG'),
(176, 8, 2, 'img/8/05_10.JPG'),
(177, 8, 2, 'img/8/05_11.JPG'),
(178, 8, 3, 'img/8/06_12.JPG'),
(179, 8, 3, 'img/8/06_13.JPG'),
(180, 8, 3, 'img/8/06_14.JPG'),
(181, 8, 8, 'img/8/07_15.JPG'),
(182, 8, 8, 'img/8/07_16.JPG'),
(183, 8, 8, 'img/8/07_17.JPG'),
(184, 8, 9, 'img/8/07_18.JPG'),
(185, 8, 8, 'img/8/07_19.JPG'),
(186, 8, 9, 'img/8/07_20.JPG'),
(187, 8, 6, 'img/8/08_21.JPG'),
(188, 8, 6, 'img/8/08_22.JPG'),
(189, 8, 9, 'img/8/08_23.JPG'),
(190, 8, 6, 'img/8/09_24.JPG'),
(191, 8, 6, 'img/8/09_25.JPG'),
(192, 8, 5, 'img/8/10_26.JPG'),
(193, 8, 5, 'img/8/10_27.JPG'),
(194, 8, 5, 'img/8/10_28.JPG'),
(195, 8, 5, 'img/8/10_29.JPG'),
(196, 8, 5, 'img/8/10_30.JPG'),
(197, 8, 5, 'img/8/10_31.JPG'),
(198, 8, 5, 'img/8/10_32.JPG'),
(199, 8, 5, 'img/8/10_33.JPG'),
(200, 8, 4, 'img/8/11_34.JPG'),
(201, 8, 4, 'img/8/11_35.JPG'),
(202, 8, 4, 'img/8/11_36.JPG'),
(203, 8, 4, 'img/8/11_37.JPG'),
(204, 8, 7, 'img/8/12_38.JPG'),
(205, 8, 7, 'img/8/12_39.JPG'),
(206, 8, 7, 'img/8/12_40.JPG'),
(207, 8, 7, 'img/8/12_41.JPG'),
(208, 8, 7, 'img/8/12_42.JPG'),
(209, 8, 7, 'img/8/12_43.JPG'),
(210, 8, 7, 'img/8/12_44.JPG'),
(211, 8, 7, 'img/8/12_45.JPG'),
(212, 8, 7, 'img/8/13_46.JPG'),
(213, 8, 7, 'img/8/13_47.JPG'),
(214, 8, 7, 'img/8/13_48.JPG'),
(215, 8, 7, 'img/8/13_49.JPG'),
(216, 9, 1, 'img/9/01_1.jpg.jpg'),
(217, 9, 1, 'img/9/01_2.jpg.jpg'),
(218, 9, 1, 'img/9/01_3.jpg.jpg'),
(219, 9, 11, 'img/9/01_4.jpg.jpg'),
(220, 9, 9, 'img/9/01_5.jpg.jpg'),
(221, 9, 1, 'img/9/02_1.jpg.jpg'),
(222, 9, 2, 'img/9/03_1.jpg.jpg'),
(223, 9, 2, 'img/9/03_2.jpg.jpg'),
(224, 9, 2, 'img/9/04_1.jpg.jpg'),
(225, 9, 2, 'img/9/04_2.jpg.jpg'),
(226, 9, 9, 'img/9/04_3.jpg.jpg'),
(227, 9, 4, 'img/9/05_1.jpg.jpg'),
(228, 9, 2, 'img/9/05_2.jpg.jpg'),
(229, 9, 2, 'img/9/05_3.jpg.jpg'),
(230, 9, 3, 'img/9/06_1.jpg.jpg'),
(231, 9, 3, 'img/9/06_2.jpg.jpg'),
(232, 9, 3, 'img/9/06_3.jpg.jpg'),
(233, 9, 3, 'img/9/06_4.jpg.jpg'),
(234, 9, 8, 'img/9/07_1.jpg.jpg'),
(235, 9, 6, 'img/9/08_1.jpg.jpg'),
(236, 9, 6, 'img/9/08_2.jpg.jpg'),
(237, 9, 6, 'img/9/08_3.jpg.jpg'),
(238, 9, 6, 'img/9/09_1.jpg.jpg'),
(239, 9, 6, 'img/9/09_2jpg.jpg'),
(240, 9, 5, 'img/9/10_1.jpg.jpg'),
(241, 9, 11, 'img/9/10_2.jpg (2).jpg'),
(242, 9, 11, 'img/9/10_3.jpg (2).jpg'),
(243, 9, 5, 'img/9/10_4.jpg.jpg'),
(244, 9, 8, 'img/9/10_5.jpg.jpg'),
(245, 9, 4, 'img/9/11_1.jpg.jpg'),
(246, 9, 4, 'img/9/11_2.jpg.jpg'),
(247, 9, 9, 'img/9/11_3.jpg.jpg'),
(248, 9, 7, 'img/9/12_1.jpg.jpg'),
(249, 9, 9, 'img/9/12_2.jpg.jpg'),
(250, 9, 7, 'img/9/12_3.jpg.jpg'),
(251, 9, 7, 'img/9/12_4.jpg.jpg'),
(252, 9, 9, 'img/9/12_5.jpg.jpg'),
(253, 9, 9, 'img/9/12_6.jpg.jpg'),
(254, 9, 9, 'img/9/12_7.jpg.jpg'),
(255, 9, 7, 'img/9/13_1.jpg.jpg'),
(256, 9, 7, 'img/9/13_2.jpg.jpg'),
(257, 9, 7, 'img/9/13_3.jpg.jpg'),
(258, 10, 1, 'img/10/01_1.jpg'),
(259, 10, 1, 'img/10/01_2.jpg'),
(260, 10, 11, 'img/10/01_3.jpg'),
(261, 10, 11, 'img/10/01_4.jpg'),
(262, 10, 9, 'img/10/01_5.jpg'),
(263, 10, 1, 'img/10/02_1.jpg'),
(264, 10, 2, 'img/10/03_1.jpg'),
(265, 10, 2, 'img/10/03_2.jpg'),
(266, 10, 2, 'img/10/03_3.jpg'),
(267, 10, 2, 'img/10/04_1.jpg'),
(268, 10, 2, 'img/10/04_2.jpg'),
(269, 10, 2, 'img/10/05_1.jpg'),
(270, 10, 2, 'img/10/05_2.jpg'),
(271, 10, 9, 'img/10/05_3.jpg'),
(272, 10, 9, 'img/10/05_4.jpg'),
(273, 10, 3, 'img/10/06_1.jpg'),
(274, 10, 3, 'img/10/06_2.jpg'),
(275, 10, 3, 'img/10/06_3.jpg'),
(276, 10, 8, 'img/10/07_1.jpg'),
(277, 10, 8, 'img/10/07_2.jpg'),
(278, 10, 8, 'img/10/07_3.jpg'),
(279, 10, 8, 'img/10/07_4.jpg'),
(280, 10, 8, 'img/10/07_5.jpg'),
(281, 10, 6, 'img/10/08_1.jpg'),
(282, 10, 6, 'img/10/08_2.jpg'),
(283, 10, 6, 'img/10/08_3.jpg'),
(284, 10, 6, 'img/10/09_1.jpg'),
(285, 10, 6, 'img/10/09_2.jpg'),
(286, 10, 5, 'img/10/10_1.jpg'),
(287, 10, 5, 'img/10/10_2.jpg'),
(288, 10, 5, 'img/10/10_3.jpg'),
(289, 10, 4, 'img/10/11_1.jpg'),
(290, 10, 4, 'img/10/11_2.jpg'),
(291, 10, 7, 'img/10/12_1.jpg'),
(292, 10, 7, 'img/10/12_2.jpg'),
(293, 10, 7, 'img/10/12_3.jpg'),
(294, 10, 7, 'img/10/12_4.jpg'),
(295, 10, 9, 'img/10/12_5.jpg'),
(296, 10, 7, 'img/10/13_1.jpg'),
(297, 10, 7, 'img/10/13_2.jpg'),
(298, 5, 11, 'img/5/01_1.jpeg'),
(299, 5, 9, 'img/5/01_2.jpeg'),
(300, 5, 9, 'img/5/01_3.jpeg'),
(301, 5, 9, 'img/5/01_4.jpeg'),
(302, 5, 1, 'img/5/01_5.jpeg'),
(303, 5, 1, 'img/5/01_6.jpeg'),
(304, 5, 1, 'img/5/01_7.jpeg'),
(305, 5, 1, 'img/5/02_10.jpeg'),
(306, 5, 1, 'img/5/02_8.jpeg'),
(307, 5, 1, 'img/5/02_9.jpeg'),
(308, 5, 2, 'img/5/03_11.jpeg'),
(309, 5, 2, 'img/5/04_12.jpeg'),
(310, 5, 2, 'img/5/04_13.jpeg'),
(311, 5, 2, 'img/5/04_14.jpeg'),
(312, 5, 2, 'img/5/04_15.jpeg'),
(313, 5, 2, 'img/5/04_16.jpeg'),
(314, 5, 2, 'img/5/05_17.jpeg'),
(315, 5, 2, 'img/5/05_18.jpeg'),
(316, 5, 2, 'img/5/05_19.jpeg'),
(317, 5, 4, 'img/5/06_20.jpeg'),
(318, 5, 3, 'img/5/06_21.jpeg'),
(319, 5, 3, 'img/5/06_22.jpeg'),
(320, 5, 3, 'img/5/06_23.jpeg'),
(321, 5, 8, 'img/5/07_24.jpeg'),
(322, 5, 4, 'img/5/07_25.jpeg'),
(323, 5, 8, 'img/5/07_26.jpeg'),
(324, 5, 6, 'img/5/08_27.jpeg'),
(325, 5, 6, 'img/5/08_28.jpeg'),
(326, 5, 6, 'img/5/08_29.jpeg'),
(327, 5, 6, 'img/5/08_30.jpeg'),
(328, 5, 6, 'img/5/09_31.jpeg'),
(329, 5, 5, 'img/5/10_32.jpeg'),
(330, 5, 5, 'img/5/10_33.jpeg'),
(331, 5, 5, 'img/5/10_34.jpeg'),
(332, 5, 5, 'img/5/10_35.jpeg'),
(333, 5, 5, 'img/5/10_36.jpeg'),
(334, 5, 5, 'img/5/10_37.jpeg'),
(335, 5, 5, 'img/5/10_38.jpeg'),
(336, 5, 5, 'img/5/10_39.jpeg'),
(337, 5, 5, 'img/5/10_40.jpeg'),
(338, 5, 5, 'img/5/10_41.jpeg'),
(339, 5, 4, 'img/5/11_42.jpeg'),
(340, 5, 4, 'img/5/11_43.jpeg'),
(341, 5, 7, 'img/5/12_10.jpeg'),
(342, 5, 7, 'img/5/12_11.jpeg'),
(343, 5, 7, 'img/5/12_12.jpeg'),
(344, 5, 7, 'img/5/12_44.jpeg'),
(345, 5, 7, 'img/5/12_45.jpeg'),
(346, 5, 7, 'img/5/12_46.jpeg'),
(347, 5, 9, 'img/5/12_47.jpeg'),
(348, 5, 7, 'img/5/12_48.jpeg'),
(349, 5, 9, 'img/5/12_49.jpeg'),
(350, 5, 7, 'img/5/12_50.jpeg'),
(351, 5, 7, 'img/5/12_51.jpeg'),
(352, 5, 9, 'img/5/12_52.jpeg'),
(353, 5, 7, 'img/5/13_02.jpeg'),
(354, 5, 7, 'img/5/13_03.jpeg'),
(355, 5, 11, 'img/5/13_04.jpeg'),
(356, 5, 7, 'img/5/13_05.jpeg'),
(357, 5, 7, 'img/5/13_06.jpeg'),
(358, 5, 7, 'img/5/13_07.jpeg'),
(359, 5, 7, 'img/5/13_08.jpeg'),
(360, 5, 7, 'img/5/13_09.jpeg'),
(361, 5, 7, 'img/5/13_10.jpeg'),
(362, 5, 7, 'img/5/13_53.jpeg'),
(363, 5, 1, 'img/5/01_1.jpeg'),
(364, 5, 1, 'img/5/01_2.jpeg'),
(365, 5, 1, 'img/5/01_3.jpeg'),
(366, 5, 1, 'img/5/01_4.jpeg'),
(367, 5, 1, 'img/5/01_5.jpeg'),
(368, 5, 1, 'img/5/01_6.jpeg'),
(369, 5, 1, 'img/5/01_7.jpeg'),
(370, 5, 1, 'img/5/02_10.jpeg'),
(371, 5, 1, 'img/5/02_8.jpeg'),
(372, 5, 1, 'img/5/02_9.jpeg'),
(373, 5, 1, 'img/5/03_11.jpeg'),
(374, 5, 1, 'img/5/04_12.jpeg'),
(375, 5, 1, 'img/5/04_13.jpeg'),
(376, 5, 1, 'img/5/04_14.jpeg'),
(377, 5, 1, 'img/5/04_15.jpeg'),
(378, 5, 1, 'img/5/04_16.jpeg'),
(379, 5, 1, 'img/5/05_17.jpeg'),
(380, 5, 1, 'img/5/05_18.jpeg'),
(381, 5, 1, 'img/5/05_19.jpeg'),
(382, 5, 1, 'img/5/06_20.jpeg'),
(383, 5, 1, 'img/5/06_21.jpeg'),
(384, 5, 1, 'img/5/06_22.jpeg'),
(385, 5, 1, 'img/5/06_23.jpeg'),
(386, 5, 1, 'img/5/07_24.jpeg'),
(387, 5, 1, 'img/5/07_25.jpeg'),
(388, 5, 1, 'img/5/07_26.jpeg'),
(389, 5, 1, 'img/5/08_27.jpeg'),
(390, 5, 1, 'img/5/08_28.jpeg'),
(391, 5, 1, 'img/5/08_29.jpeg'),
(392, 5, 1, 'img/5/08_30.jpeg'),
(393, 5, 1, 'img/5/09_31.jpeg'),
(394, 5, 1, 'img/5/10_32.jpeg'),
(395, 5, 1, 'img/5/10_33.jpeg'),
(396, 5, 1, 'img/5/10_34.jpeg'),
(397, 5, 1, 'img/5/10_35.jpeg'),
(398, 5, 1, 'img/5/10_36.jpeg'),
(399, 5, 1, 'img/5/10_37.jpeg'),
(400, 5, 1, 'img/5/10_38.jpeg'),
(401, 5, 1, 'img/5/10_39.jpeg'),
(402, 5, 1, 'img/5/10_40.jpeg'),
(403, 5, 1, 'img/5/10_41.jpeg'),
(404, 5, 1, 'img/5/11_42.jpeg'),
(405, 5, 1, 'img/5/11_43.jpeg'),
(406, 5, 1, 'img/5/12_10.jpeg'),
(407, 5, 1, 'img/5/12_11.jpeg'),
(408, 5, 1, 'img/5/12_12.jpeg'),
(409, 5, 1, 'img/5/12_44.jpeg'),
(410, 5, 1, 'img/5/12_45.jpeg'),
(411, 5, 1, 'img/5/12_46.jpeg'),
(412, 5, 1, 'img/5/12_47.jpeg'),
(413, 5, 1, 'img/5/12_48.jpeg'),
(414, 5, 1, 'img/5/12_49.jpeg'),
(415, 5, 1, 'img/5/12_50.jpeg'),
(416, 5, 1, 'img/5/12_51.jpeg'),
(417, 5, 1, 'img/5/12_52.jpeg'),
(418, 5, 1, 'img/5/13_02.jpeg'),
(419, 5, 1, 'img/5/13_03.jpeg'),
(420, 5, 1, 'img/5/13_04.jpeg'),
(421, 5, 1, 'img/5/13_05.jpeg'),
(422, 5, 1, 'img/5/13_06.jpeg'),
(423, 5, 1, 'img/5/13_07.jpeg'),
(424, 5, 1, 'img/5/13_08.jpeg'),
(425, 5, 1, 'img/5/13_09.jpeg'),
(426, 5, 1, 'img/5/13_10.jpeg'),
(427, 5, 1, 'img/5/13_53.jpeg'),
(453, 1, 1, 'img/1/01_0246.jpg'),
(454, 1, 1, 'img/1/01_10806.jpg'),
(455, 1, 1, 'img/1/02_0140.jpg'),
(456, 1, 2, 'img/1/03_0116.jpg'),
(457, 1, 1, 'img/1/03_0318.jpg'),
(458, 1, 2, 'img/1/04_5834.jpg'),
(459, 1, 2, 'img/1/05_5758.jpg'),
(460, 1, 4, 'img/1/05_5851.jpg'),
(461, 1, 3, 'img/1/06_20210702.jpg'),
(462, 1, 9, 'img/1/06_5521.jpg'),
(463, 1, 9, 'img/1/06_5537.jpg'),
(464, 1, 8, 'img/1/07_1057.jpg'),
(465, 1, 8, 'img/1/07_105721.jpg'),
(466, 1, 8, 'img/1/07_1138.jpg'),
(467, 1, 8, 'img/1/07_5728.jpg'),
(468, 1, 6, 'img/1/08_0010.jpg'),
(469, 1, 6, 'img/1/08_0036.jpg'),
(470, 1, 6, 'img/1/09_5953.jpg'),
(471, 1, 5, 'img/1/10_10949.jpg'),
(472, 1, 4, 'img/1/11_105419.jpg'),
(473, 1, 7, 'img/1/11_111218.jpg'),
(474, 1, 7, 'img/1/12_105358.jpg'),
(475, 1, 7, 'img/1/12_105441.jpg'),
(476, 1, 7, 'img/1/12_110929.jpg'),
(523, 11, 1, 'img/11/01_1.jpg'),
(524, 11, 1, 'img/11/02_2.jpg'),
(525, 11, 9, 'img/11/02_3.jpg'),
(526, 11, 1, 'img/11/03_3.jpg'),
(527, 11, 9, 'img/11/03_4.jpg'),
(528, 11, 9, 'img/11/03_5.jpg'),
(529, 11, 2, 'img/11/04_6.jpg'),
(530, 11, 2, 'img/11/05_7.jpg'),
(531, 11, 3, 'img/11/06_10.jpg'),
(532, 11, 3, 'img/11/06_8.jpg'),
(533, 11, 3, 'img/11/06_9.jpg'),
(534, 11, 8, 'img/11/07_11.jpg'),
(535, 11, 6, 'img/11/08_12.jpg'),
(536, 11, 6, 'img/11/08_13.jpg'),
(537, 11, 5, 'img/11/10_14.jpg'),
(538, 11, 4, 'img/11/11_15.JPG'),
(539, 11, 7, 'img/11/12_16.jpg'),
(540, 11, 7, 'img/11/12_17.jpg'),
(541, 11, 7, 'img/11/12_18.jpg'),
(542, 11, 7, 'img/11/12_19.jpg'),
(543, 11, 7, 'img/11/12_20.jpg'),
(544, 11, 7, 'img/11/12_21.jpg'),
(545, 11, 7, 'img/11/13_22.jpg'),
(546, 12, 1, 'img/12/01_1.jpg'),
(547, 12, 9, 'img/12/01_2.jpg'),
(548, 12, 9, 'img/12/01_3.jpg'),
(549, 12, 9, 'img/12/01_4.jpg'),
(550, 12, 1, 'img/12/01_5.jpg'),
(551, 12, 1, 'img/12/02_1.jpg'),
(552, 12, 1, 'img/12/03_1.jpg'),
(553, 12, 2, 'img/12/04_1.jpg'),
(554, 12, 2, 'img/12/05_1.jpg'),
(555, 12, 4, 'img/12/05_2.jpg'),
(556, 12, 3, 'img/12/06_1.jpg'),
(557, 12, 3, 'img/12/06_2.jpg'),
(558, 12, 3, 'img/12/06_3.jpg'),
(559, 12, 8, 'img/12/07_1.jpg'),
(560, 12, 8, 'img/12/07_2.jpg'),
(561, 12, 6, 'img/12/08_1.jpg'),
(562, 12, 6, 'img/12/08_2.jpg'),
(563, 12, 11, 'img/12/08_3.jpg'),
(564, 12, 11, 'img/12/08_4.jpg'),
(565, 12, 6, 'img/12/08_5.jpg'),
(566, 12, 6, 'img/12/08_6.jpg'),
(567, 12, 6, 'img/12/08_7.jpg'),
(568, 12, 6, 'img/12/09_1.jpg'),
(569, 12, 6, 'img/12/09_2.jpg'),
(570, 12, 5, 'img/12/10_1.jpg'),
(571, 12, 5, 'img/12/10_2.jpg'),
(572, 12, 5, 'img/12/10_3.jpg'),
(573, 12, 5, 'img/12/10_4.jpg'),
(574, 12, 5, 'img/12/10_5.jpg'),
(575, 12, 5, 'img/12/10_6.jpg'),
(576, 12, 4, 'img/12/11_1.jpg'),
(577, 12, 4, 'img/12/11_2.jpg'),
(578, 12, 4, 'img/12/11_3.jpg'),
(579, 12, 7, 'img/12/12_1.jpg'),
(580, 12, 7, 'img/12/12_2.jpg'),
(581, 12, 7, 'img/12/12_3.jpg'),
(582, 12, 7, 'img/12/12_4.jpg'),
(583, 12, 7, 'img/12/13_1.jpg'),
(584, 12, 7, 'img/12/13_2.jpg'),
(585, 12, 7, 'img/12/13_3.jpg'),
(586, 12, 7, 'img/12/13_4.jpg'),
(587, 13, 11, 'img/13/01_1.jpg'),
(588, 13, 1, 'img/13/01_2.jpg'),
(589, 13, 1, 'img/13/01_3.jpg'),
(590, 13, 1, 'img/13/02_4.jpg'),
(591, 13, 2, 'img/13/03_10.jpg'),
(592, 13, 2, 'img/13/03_11.jpg'),
(593, 13, 2, 'img/13/03_12.jpg'),
(594, 13, 2, 'img/13/03_5.jpg'),
(595, 13, 11, 'img/13/03_6.jpg'),
(596, 13, 9, 'img/13/03_7.jpg'),
(597, 13, 11, 'img/13/03_8.jpg'),
(598, 13, 2, 'img/13/03_9.jpg'),
(599, 13, 2, 'img/13/04_13.jpg'),
(600, 13, 2, 'img/13/04_14.jpg'),
(601, 13, 4, 'img/13/05_15.jpg'),
(602, 13, 4, 'img/13/05_16.jpg'),
(603, 13, 2, 'img/13/05_17.jpg'),
(604, 13, 3, 'img/13/06_18.jpg'),
(605, 13, 3, 'img/13/06_19.jpg'),
(606, 13, 3, 'img/13/06_20.jpg'),
(607, 13, 11, 'img/13/07_21.jpg'),
(608, 13, 8, 'img/13/07_22.jpg'),
(609, 13, 8, 'img/13/07_23.jpg'),
(610, 13, 8, 'img/13/07_24.jpg'),
(611, 13, 6, 'img/13/08_25.jpg'),
(612, 13, 6, 'img/13/08_26.jpg'),
(613, 13, 6, 'img/13/08_27.jpg'),
(614, 13, 6, 'img/13/08_28.jpg'),
(615, 13, 6, 'img/13/08_29.jpg'),
(616, 13, 6, 'img/13/08_30.jpg'),
(617, 13, 6, 'img/13/08_31.jpg'),
(618, 13, 6, 'img/13/08_32.jpg'),
(619, 13, 6, 'img/13/08_33.jpg'),
(620, 13, 5, 'img/13/10_37.jpg'),
(621, 13, 5, 'img/13/10_38.jpg'),
(622, 13, 5, 'img/13/10_39.jpg'),
(623, 13, 8, 'img/13/10_40.jpg'),
(624, 13, 8, 'img/13/10_41.jpg'),
(625, 13, 8, 'img/13/10_42.jpg'),
(626, 13, 5, 'img/13/10_43.jpg'),
(627, 13, 5, 'img/13/10_44.jpg'),
(628, 13, 4, 'img/13/11_45.jpg'),
(629, 13, 4, 'img/13/11_46.jpg'),
(630, 13, 7, 'img/13/12_47.jpg'),
(631, 13, 7, 'img/13/12_48.jpg'),
(632, 13, 7, 'img/13/12_49.jpg'),
(633, 13, 7, 'img/13/13_50.jpg'),
(634, 13, 7, 'img/13/13_51.jpg'),
(635, 14, 1, 'img/14/01_01.jpg'),
(636, 14, 1, 'img/14/01_02.jpg'),
(637, 14, 1, 'img/14/02_01.jpg'),
(638, 14, 2, 'img/14/04_01.jpg'),
(639, 14, 2, 'img/14/05_01.jpg'),
(640, 14, 3, 'img/14/06_01.jpg'),
(641, 14, 8, 'img/14/07_01.jpg'),
(642, 14, 8, 'img/14/07_02.jpg'),
(643, 14, 8, 'img/14/07_03.jpg'),
(644, 14, 8, 'img/14/07_04.jpg'),
(645, 14, 6, 'img/14/08_01.jpg'),
(646, 14, 11, 'img/14/08_02.jpg'),
(647, 14, 6, 'img/14/09_01.jpg'),
(648, 14, 5, 'img/14/10_01.jpg'),
(649, 14, 5, 'img/14/10_02.jpg'),
(650, 14, 4, 'img/14/11_01.jpg'),
(651, 14, 7, 'img/14/12_01.jpg'),
(652, 14, 7, 'img/14/12_02.jpg'),
(653, 14, 7, 'img/14/12_03.jpg'),
(654, 14, 7, 'img/14/12_04.jpg'),
(655, 14, 7, 'img/14/12_05.jpg'),
(656, 14, 7, 'img/14/13_01.jpg'),
(657, 14, 7, 'img/14/13_02.jpg'),
(658, 14, 7, 'img/14/13_03.jpg'),
(659, 14, 7, 'img/14/13_04.jpg'),
(660, 15, 1, 'img/15/01_1.jpg'),
(661, 15, 1, 'img/15/01_2.jpg'),
(662, 15, 1, 'img/15/02_4.jpg'),
(663, 15, 9, 'img/15/03_05.jpg'),
(664, 15, 9, 'img/15/03_06.jpg'),
(665, 15, 9, 'img/15/03_2.jpg'),
(666, 15, 2, 'img/15/03_3.jpg'),
(667, 15, 2, 'img/15/04.jpg'),
(668, 15, 2, 'img/15/05.jpg'),
(669, 15, 3, 'img/15/06_1.jpg'),
(670, 15, 9, 'img/15/06_2.jpg'),
(671, 15, 3, 'img/15/06_3.jpg'),
(672, 15, 8, 'img/15/07_01.jpg'),
(673, 15, 8, 'img/15/07_02.jpg'),
(674, 15, 8, 'img/15/07_03.jpg'),
(675, 15, 6, 'img/15/08.jpg'),
(676, 15, 11, 'img/15/08_1.jpg'),
(677, 15, 11, 'img/15/08_2.jpg'),
(678, 15, 11, 'img/15/08_3.jpg'),
(679, 15, 11, 'img/15/08_4.jpg'),
(680, 15, 11, 'img/15/08_5.jpg'),
(681, 15, 6, 'img/15/09.jpg'),
(682, 15, 5, 'img/15/10.jpg'),
(683, 15, 5, 'img/15/10_0.jpg'),
(684, 15, 9, 'img/15/10_1.jpg'),
(685, 15, 5, 'img/15/10_2.jpg'),
(686, 15, 5, 'img/15/10_2_1.jpg'),
(687, 15, 8, 'img/15/10_3.jpg'),
(688, 15, 8, 'img/15/10_3_1.jpg'),
(689, 15, 4, 'img/15/11_1.jpg'),
(690, 15, 9, 'img/15/12_1.jpg'),
(691, 15, 7, 'img/15/12_16_1.jpg'),
(692, 15, 9, 'img/15/12_16_2.jpg'),
(693, 15, 7, 'img/15/12_17.jpg'),
(694, 15, 7, 'img/15/12_19.jpg'),
(695, 15, 11, 'img/15/13_1.jpg'),
(696, 15, 11, 'img/15/13_2.jpg'),
(747, 16, 11, 'img/16/01_21.jpg'),
(748, 16, 1, 'img/16/02_09.jpg'),
(749, 16, 1, 'img/16/03_10.jpg'),
(750, 16, 2, 'img/16/03_18.jpg'),
(751, 16, 2, 'img/16/03_22.jpg'),
(752, 16, 1, 'img/16/03_25.jpg'),
(753, 16, 2, 'img/16/04_15.jpg'),
(754, 16, 2, 'img/16/04_16.jpg'),
(755, 16, 2, 'img/16/05_14.jpg'),
(756, 16, 2, 'img/16/05_20.jpg'),
(757, 16, 2, 'img/16/05_5.jpg'),
(758, 16, 8, 'img/16/07_11.jpg'),
(759, 16, 8, 'img/16/07_12.jpg'),
(760, 16, 6, 'img/16/08_1.jpg'),
(761, 16, 6, 'img/16/08_2.jpg'),
(762, 16, 7, 'img/16/09_3.jpg'),
(763, 16, 5, 'img/16/10_6.jpg'),
(764, 16, 5, 'img/16/10_7.jpg'),
(765, 16, 3, 'img/16/10_8.jpg'),
(766, 16, 4, 'img/16/11_13.jpg'),
(767, 16, 9, 'img/16/12_17.jpg'),
(768, 16, 9, 'img/16/12_18.jpg'),
(769, 16, 9, 'img/16/12_19.jpg'),
(770, 16, 9, 'img/16/12_24.jpg'),
(771, 16, 9, 'img/16/13_4.jpg'),
(857, 17, 1, 'img/17/01_1.jpg'),
(858, 17, 9, 'img/17/01_2.jpg'),
(859, 17, 9, 'img/17/01_3.jpg'),
(860, 17, 9, 'img/17/01_4.jpg'),
(861, 17, 9, 'img/17/01_5.jpg'),
(862, 17, 1, 'img/17/02_1.jpg'),
(863, 17, 1, 'img/17/03_1.jpg'),
(864, 17, 2, 'img/17/03_2.jpg'),
(865, 17, 2, 'img/17/03_3.jpg'),
(866, 17, 2, 'img/17/04_1.jpg'),
(867, 17, 2, 'img/17/04_2.jpg'),
(868, 17, 2, 'img/17/05_1.jpg'),
(869, 17, 4, 'img/17/05_2.jpg'),
(870, 17, 4, 'img/17/05_3.jpg'),
(871, 17, 3, 'img/17/06_1.jpg'),
(872, 17, 3, 'img/17/06_2.jpg'),
(873, 17, 3, 'img/17/06_3.jpg'),
(874, 17, 3, 'img/17/06_4.jpg'),
(875, 17, 8, 'img/17/07_01.jpg'),
(876, 17, 8, 'img/17/07_2.jpg'),
(877, 17, 8, 'img/17/07_3.jpg'),
(878, 17, 11, 'img/17/07_4.jpg'),
(879, 17, 6, 'img/17/08_1.jpg'),
(880, 17, 6, 'img/17/08_2.jpg'),
(881, 17, 6, 'img/17/08_3.jpg'),
(882, 17, 6, 'img/17/08_4.jpg'),
(883, 17, 6, 'img/17/09_1.jpg'),
(884, 17, 6, 'img/17/09_2.jpg'),
(885, 17, 5, 'img/17/10_1.jpg'),
(886, 17, 9, 'img/17/10_2.jpg'),
(887, 17, 9, 'img/17/10_4.jpg'),
(888, 17, 11, 'img/17/10_5.jpg'),
(889, 17, 11, 'img/17/10_6.jpg'),
(890, 17, 5, 'img/17/10_7.jpg'),
(891, 17, 4, 'img/17/11_1.jpg'),
(892, 17, 7, 'img/17/12_1.jpg'),
(893, 17, 7, 'img/17/12_2.jpg'),
(894, 17, 7, 'img/17/12_3.jpg'),
(895, 18, 1, 'img/18/01_1.jpg'),
(896, 18, 1, 'img/18/02_2.JPG'),
(897, 18, 1, 'img/18/03_3.jpg'),
(898, 18, 2, 'img/18/04_4.jpg'),
(899, 18, 2, 'img/18/05_5.jpg'),
(900, 18, 3, 'img/18/06_6.jpg'),
(901, 18, 8, 'img/18/07_7.jpg'),
(902, 18, 6, 'img/18/08_8.jpg'),
(903, 18, 6, 'img/18/09_9.jpg'),
(904, 18, 5, 'img/18/10_10.jpg'),
(905, 18, 5, 'img/18/10_11.jpg'),
(906, 18, 5, 'img/18/10_12.jpg'),
(907, 18, 4, 'img/18/11_13.jpg'),
(908, 18, 7, 'img/18/12_14.jpg'),
(909, 18, 7, 'img/18/12_15.jpg'),
(910, 18, 9, 'img/18/13_16.jpg'),
(911, 18, 11, 'img/18/13_17.jpg'),
(912, 18, 7, 'img/18/13_18.jpg'),
(913, 19, 1, 'img/19/01_1.jpg'),
(914, 19, 1, 'img/19/01_2.jpg'),
(915, 19, 1, 'img/19/02_3.jpg'),
(916, 19, 1, 'img/19/03_4.jpg'),
(917, 19, 1, 'img/19/03_5.jpg'),
(918, 19, 2, 'img/19/04_6.jpg'),
(919, 19, 7, 'img/19/05_7.jpg'),
(920, 19, 3, 'img/19/06_10.jpg'),
(921, 19, 3, 'img/19/06_11.jpg'),
(922, 19, 3, 'img/19/06_8.jpg'),
(923, 19, 3, 'img/19/06_9.jpg'),
(924, 19, 8, 'img/19/07_12.jpg'),
(925, 19, 8, 'img/19/07_13.jpg'),
(926, 19, 8, 'img/19/07_14.jpg'),
(927, 19, 6, 'img/19/08_15.jpg'),
(928, 19, 9, 'img/19/08_16.jpg'),
(929, 19, 6, 'img/19/09_17.jpg'),
(930, 19, 5, 'img/19/10_18.jpg'),
(931, 19, 5, 'img/19/10_19.jpg'),
(932, 19, 11, 'img/19/10_20.jpg'),
(933, 19, 3, 'img/19/10_21.jpg'),
(934, 19, 4, 'img/19/11_22.jpg'),
(935, 19, 7, 'img/19/12_23.jpg'),
(936, 19, 7, 'img/19/12_24.jpg'),
(937, 19, 7, 'img/19/12_25.jpg'),
(938, 19, 9, 'img/19/12_26.jpg'),
(939, 19, 9, 'img/19/12_27.jpg'),
(940, 19, 11, 'img/19/12_28.jpg'),
(941, 19, 8, 'img/19/12_29.jpg'),
(942, 19, 11, 'img/19/12_30.jpg'),
(943, 19, 11, 'img/19/12_31.jpg'),
(944, 20, 1, 'img/20/01_1.jpg'),
(945, 20, 1, 'img/20/02_2.jpg'),
(946, 20, 1, 'img/20/03_3.jpg'),
(947, 20, 2, 'img/20/04_4.jpg'),
(948, 20, 2, 'img/20/05_5.jpg'),
(949, 20, 3, 'img/20/06_6.jpg'),
(950, 20, 9, 'img/20/06_7.jpg'),
(951, 20, 9, 'img/20/06_8.jpg'),
(952, 20, 8, 'img/20/07_10.jpg'),
(953, 20, 8, 'img/20/07_11.jpg'),
(954, 20, 8, 'img/20/07_9.jpg'),
(955, 20, 6, 'img/20/08_12.jpg'),
(956, 20, 6, 'img/20/09_13.jpg'),
(957, 20, 5, 'img/20/10_14.jpg'),
(958, 20, 4, 'img/20/10_15.jpg'),
(959, 20, 4, 'img/20/10_16.jpg'),
(960, 20, 4, 'img/20/10_17.jpg'),
(961, 20, 4, 'img/20/11_18.jpg'),
(962, 20, 7, 'img/20/12_19.jpg'),
(963, 20, 7, 'img/20/12_20.jpg'),
(964, 20, 7, 'img/20/13_21.jpg'),
(983, 21, 1, 'img/21/01_1.jpg'),
(984, 21, 1, 'img/21/02_2.jpg'),
(985, 21, 1, 'img/21/03_3.jpg'),
(986, 21, 2, 'img/21/04_4.jpg'),
(987, 21, 2, 'img/21/05_5.jpg'),
(988, 21, 3, 'img/21/06_6.jpg'),
(989, 21, 8, 'img/21/07_7.jpg'),
(990, 21, 8, 'img/21/07_8.jpg'),
(991, 21, 6, 'img/21/08_10.jpg'),
(992, 21, 6, 'img/21/08_11.jpg'),
(993, 21, 6, 'img/21/08_9.jpg'),
(994, 21, 6, 'img/21/09_12.jpg'),
(995, 21, 5, 'img/21/10_13.jpg'),
(996, 21, 5, 'img/21/10_14.jpg'),
(997, 21, 9, 'img/21/10_15.jpg'),
(998, 21, 4, 'img/21/11_16.jpg'),
(999, 21, 7, 'img/21/12_17.jpg'),
(1000, 21, 7, 'img/21/12_18.jpg'),
(1001, 21, 7, 'img/21/12_19.jpg'),
(1002, 21, 7, 'img/21/12_20.jpg'),
(1003, 21, 7, 'img/21/12_21.jpg'),
(1004, 21, 7, 'img/21/13_22.jpg'),
(1005, 21, 7, 'img/21/13_23.jpg'),
(1006, 22, 9, 'img/22/01_.jpeg'),
(1007, 22, 9, 'img/22/01__.jpeg'),
(1008, 22, 1, 'img/22/02_.jpeg'),
(1009, 22, 2, 'img/22/03_.jpeg'),
(1010, 22, 2, 'img/22/04_.jpeg'),
(1011, 22, 4, 'img/22/05_.jpeg'),
(1012, 22, 3, 'img/22/06_.jpeg'),
(1013, 22, 8, 'img/22/07_.jpeg'),
(1014, 22, 6, 'img/22/08_.jpeg'),
(1015, 22, 6, 'img/22/09_.jpeg'),
(1016, 22, 5, 'img/22/10_.jpeg'),
(1017, 22, 5, 'img/22/10__.jpeg'),
(1018, 22, 4, 'img/22/11_.jpeg'),
(1019, 22, 7, 'img/22/12_.jpeg'),
(1020, 22, 7, 'img/22/12__.jpeg'),
(1021, 22, 7, 'img/22/12___.jpeg'),
(1022, 22, 7, 'img/22/13_.jpeg'),
(1023, 23, 1, 'img/23/01_1.jpg'),
(1024, 23, 9, 'img/23/01_2.jpg'),
(1025, 23, 11, 'img/23/01_3.jpg'),
(1026, 23, 11, 'img/23/01_4.jpg'),
(1027, 23, 1, 'img/23/02_5.jpg'),
(1028, 23, 11, 'img/23/03_6.jpg'),
(1029, 23, 2, 'img/23/03_7.jpg'),
(1030, 23, 11, 'img/23/03_8.jpg'),
(1031, 23, 2, 'img/23/04_10.jpg'),
(1032, 23, 2, 'img/23/04_11.jpg'),
(1033, 23, 2, 'img/23/04_9.jpg'),
(1034, 23, 4, 'img/23/05_12.jpg'),
(1035, 23, 4, 'img/23/05_13.jpg'),
(1036, 23, 3, 'img/23/06_14.jpg'),
(1037, 23, 9, 'img/23/06_15.jpg'),
(1038, 23, 8, 'img/23/07_16.jpg'),
(1039, 23, 9, 'img/23/07_17.jpg'),
(1040, 23, 8, 'img/23/07_18.jpg'),
(1041, 23, 9, 'img/23/07_19.jpg'),
(1042, 23, 6, 'img/23/08_20.jpg'),
(1043, 23, 6, 'img/23/08_21.jpg'),
(1044, 23, 6, 'img/23/08_22.jpg'),
(1045, 23, 6, 'img/23/09_23.jpg'),
(1046, 23, 5, 'img/23/10_24.jpg'),
(1047, 23, 5, 'img/23/10_25.jpg'),
(1048, 23, 5, 'img/23/10_26.jpg'),
(1049, 23, 5, 'img/23/10_27.jpg'),
(1050, 23, 4, 'img/23/11_28.jpg'),
(1051, 23, 4, 'img/23/11_29.jpg'),
(1052, 23, 7, 'img/23/12_30.jpg'),
(1053, 23, 4, 'img/23/12_31.jpg'),
(1054, 23, 7, 'img/23/12_32.jpg'),
(1055, 23, 7, 'img/23/12_33.jpg'),
(1056, 23, 9, 'img/23/12_34.jpg'),
(1057, 23, 7, 'img/23/13_35.jpg'),
(1058, 23, 7, 'img/23/13_36.jpg'),
(1059, 23, 7, 'img/23/13_37.jpg'),
(1060, 24, 1, 'img/24/01_1.jpeg'),
(1061, 24, 1, 'img/24/02_2.jpeg'),
(1062, 24, 2, 'img/24/03_3.jpeg'),
(1063, 24, 2, 'img/24/03_4.jpeg'),
(1064, 24, 2, 'img/24/04_5.jpeg'),
(1065, 24, 2, 'img/24/05_6.jpeg'),
(1066, 24, 3, 'img/24/06_7.jpeg'),
(1067, 24, 8, 'img/24/07_8.jpeg'),
(1068, 24, 7, 'img/24/08_10.jpeg'),
(1069, 24, 6, 'img/24/08_11.jpeg'),
(1070, 24, 6, 'img/24/08_9.jpeg'),
(1071, 24, 6, 'img/24/09_12.jpeg'),
(1072, 24, 5, 'img/24/10_13.jpeg'),
(1073, 24, 5, 'img/24/10_14.jpeg'),
(1074, 24, 5, 'img/24/10_15.jpeg'),
(1075, 24, 4, 'img/24/11_16.jpg'),
(1076, 24, 7, 'img/24/12_17.jpeg'),
(1077, 24, 7, 'img/24/12_18.jpeg'),
(1078, 24, 9, 'img/24/12_19.jpeg'),
(1079, 28, 1, 'img/28/01_2226.JPG'),
(1080, 28, 1, 'img/28/02_2227.JPG'),
(1081, 28, 1, 'img/28/03_2228.JPG'),
(1082, 28, 2, 'img/28/04_2230.JPG'),
(1083, 28, 2, 'img/28/05_2231.JPG'),
(1084, 28, 3, 'img/28/06_2233.JPG'),
(1085, 28, 8, 'img/28/07_2236.JPG'),
(1086, 28, 6, 'img/28/08_2251.JPG'),
(1087, 28, 7, 'img/28/09_2250.JPG'),
(1088, 28, 4, 'img/28/10_2258.JPG'),
(1089, 28, 4, 'img/28/11_2245.JPG'),
(1090, 28, 7, 'img/28/12_2247.JPG'),
(1091, 28, 7, 'img/28/13_2264.JPG'),
(1092, 29, 1, 'img/29/01_1.jpg.jpg'),
(1093, 29, 9, 'img/29/01_2.jpg.jpg'),
(1094, 29, 11, 'img/29/01_3.jpg.jpg'),
(1095, 29, 9, 'img/29/01_4.jpg.jpg'),
(1096, 29, 9, 'img/29/01_5.jpg.jpg'),
(1097, 29, 9, 'img/29/01_6.jpg.jpg'),
(1098, 29, 9, 'img/29/01_7.jpg.jpg'),
(1099, 29, 11, 'img/29/01_8.jpg.jpg'),
(1100, 29, 1, 'img/29/02_9.jpg.jpg'),
(1101, 29, 2, 'img/29/03_10.jpg.jpg'),
(1102, 29, 2, 'img/29/04_11.jpg.jpg'),
(1103, 29, 2, 'img/29/05_12.jpg.jpg'),
(1104, 29, 3, 'img/29/06_13.jpg.jpg'),
(1105, 29, 3, 'img/29/06_14.jpg.jpg'),
(1106, 29, 3, 'img/29/06_15.jpg.jpg'),
(1107, 29, 8, 'img/29/07_16.jpg.jpg'),
(1108, 29, 6, 'img/29/08_17.jpg.jpg'),
(1109, 29, 6, 'img/29/08_18.jpg.jpg'),
(1110, 29, 6, 'img/29/08_19.jpg.jpg'),
(1111, 29, 6, 'img/29/09_20.jpg.jpg'),
(1112, 29, 5, 'img/29/10_21.jpg.jpg'),
(1113, 29, 5, 'img/29/10_22.jpg.jpg'),
(1114, 29, 9, 'img/29/10_23.jpg.jpg'),
(1115, 29, 9, 'img/29/10_24.jpg.jpg'),
(1116, 29, 7, 'img/29/12_356.jpg.jpg'),
(1117, 29, 7, 'img/29/12_357.jpg.jpg'),
(1118, 29, 7, 'img/29/12_358.jpg.jpg'),
(1119, 29, 7, 'img/29/13_356..jpg'),
(1120, 29, 7, 'img/29/13_356.jpg.jpg'),
(1121, 29, 7, 'img/29/13_359.jpg'),
(1122, 31, 1, 'img/31/01_01.jpg'),
(1123, 31, 9, 'img/31/01_02.jpg'),
(1124, 31, 9, 'img/31/01_03.jpg'),
(1125, 31, 9, 'img/31/01_04.jpg'),
(1126, 31, 9, 'img/31/01_05.jpg'),
(1127, 31, 1, 'img/31/02_01.jpg'),
(1128, 31, 2, 'img/31/03_01.jpg'),
(1129, 31, 2, 'img/31/04_01.jpg'),
(1130, 31, 2, 'img/31/05_01.jpg'),
(1131, 31, 4, 'img/31/06_01.jpg'),
(1132, 31, 3, 'img/31/06_02.jpg'),
(1133, 31, 3, 'img/31/06_03.jpg'),
(1134, 31, 3, 'img/31/06_04.jpg'),
(1135, 31, 9, 'img/31/06_05.jpg'),
(1136, 31, 8, 'img/31/07_01.jpg'),
(1137, 31, 8, 'img/31/07_02.jpg'),
(1138, 31, 6, 'img/31/08_01.jpg'),
(1139, 31, 6, 'img/31/08_02.jpg'),
(1140, 31, 6, 'img/31/08_03.jpg'),
(1141, 31, 6, 'img/31/08_04.jpg'),
(1142, 31, 6, 'img/31/09_01.jpg'),
(1143, 31, 5, 'img/31/10_01.jpg'),
(1144, 31, 5, 'img/31/10_02.jpg'),
(1145, 31, 4, 'img/31/11_01.jpg'),
(1146, 31, 9, 'img/31/12_01.jpg'),
(1147, 31, 9, 'img/31/12_02.jpg'),
(1148, 31, 9, 'img/31/12_03.jpg'),
(1149, 31, 9, 'img/31/13_01.jpg'),
(1150, 31, 11, 'img/31/13_02.jpg'),
(1151, 31, 7, 'img/31/13_03.jpg'),
(1152, 32, 11, 'img/32/01_002.jpg'),
(1153, 32, 11, 'img/32/01_004.jpg'),
(1154, 32, 11, 'img/32/01_005.jpg'),
(1155, 32, 11, 'img/32/01_006.jpg'),
(1156, 32, 11, 'img/32/01_007.jpg'),
(1157, 32, 1, 'img/32/02_003.jpg'),
(1158, 32, 1, 'img/32/03_001.jpg'),
(1159, 32, 2, 'img/32/04_001.jpg'),
(1160, 32, 2, 'img/32/04_002.jpg'),
(1161, 32, 2, 'img/32/05_001.jpg'),
(1162, 32, 2, 'img/32/05_002.jpg'),
(1163, 32, 3, 'img/32/06_001.jpg'),
(1164, 32, 3, 'img/32/06_002.jpg'),
(1165, 32, 8, 'img/32/07_001.jpg'),
(1166, 32, 8, 'img/32/07_002.jpg'),
(1167, 32, 8, 'img/32/07_003.jpg'),
(1168, 32, 8, 'img/32/07_004.jpg'),
(1169, 32, 6, 'img/32/08_001.jpg'),
(1170, 32, 6, 'img/32/08_002.jpg'),
(1171, 32, 6, 'img/32/08_003.jpg'),
(1172, 32, 6, 'img/32/09_012.jpg'),
(1173, 32, 5, 'img/32/10_001.jpg'),
(1174, 32, 5, 'img/32/10_002.jpg'),
(1175, 32, 4, 'img/32/11_002.jpg'),
(1176, 32, 4, 'img/32/11_003.jpg'),
(1177, 32, 4, 'img/32/11_008.jpg'),
(1178, 32, 7, 'img/32/12_001.jpg'),
(1179, 32, 7, 'img/32/12_002.jpg'),
(1180, 32, 7, 'img/32/12_003.jpg'),
(1181, 33, 1, 'img/33/01_1.jpg'),
(1182, 33, 9, 'img/33/01_2.jpg'),
(1183, 33, 9, 'img/33/01_3.jpg'),
(1184, 33, 9, 'img/33/01_4.jpg'),
(1185, 33, 9, 'img/33/01_5.jpg'),
(1186, 33, 1, 'img/33/02_2.jpg'),
(1187, 33, 1, 'img/33/03_3.jpg'),
(1188, 33, 2, 'img/33/03_4.jpg'),
(1189, 33, 2, 'img/33/03_5.jpg'),
(1190, 33, 2, 'img/33/04_6.jpg'),
(1191, 33, 2, 'img/33/05_7.jpg'),
(1192, 33, 3, 'img/33/06_10.jpg'),
(1193, 33, 3, 'img/33/06_8.jpg'),
(1194, 33, 3, 'img/33/06_9.jpg'),
(1195, 33, 8, 'img/33/07_11.jpg'),
(1196, 33, 8, 'img/33/07_12.jpg'),
(1197, 33, 8, 'img/33/07_13.jpg'),
(1198, 33, 6, 'img/33/08_14.jpg'),
(1199, 33, 6, 'img/33/08_15.jpg'),
(1200, 33, 6, 'img/33/08_16.jpg'),
(1201, 33, 6, 'img/33/09_17.jpg'),
(1202, 33, 5, 'img/33/10_18.jpg'),
(1203, 33, 5, 'img/33/10_19.jpg'),
(1204, 33, 5, 'img/33/10_20.jpg'),
(1205, 33, 4, 'img/33/11_21.jpg'),
(1206, 33, 4, 'img/33/11_22.jpg'),
(1207, 33, 7, 'img/33/12_23.jpg'),
(1208, 33, 7, 'img/33/12_24.jpg'),
(1209, 33, 7, 'img/33/12_25.jpg'),
(1210, 33, 7, 'img/33/13_26.jpg'),
(1211, 33, 7, 'img/33/13_27.jpg'),
(1212, 34, 1, 'img/34/01_01.jpg.jpg'),
(1213, 34, 1, 'img/34/01_02.jpg.jpg'),
(1214, 34, 1, 'img/34/01_03.jpg.jpg'),
(1215, 34, 9, 'img/34/01_05.jpg'),
(1216, 34, 9, 'img/34/01_06.jpg'),
(1217, 34, 11, 'img/34/01_07.jpg.jpg'),
(1218, 34, 11, 'img/34/01_08.jpg.jpg'),
(1219, 34, 9, 'img/34/01_09.jpg.jpg'),
(1220, 34, 9, 'img/34/01_10.jpg'),
(1221, 34, 9, 'img/34/01_11.jpg'),
(1222, 34, 9, 'img/34/01_12.jpg'),
(1223, 34, 1, 'img/34/02_01.jpg.jpg'),
(1224, 34, 2, 'img/34/03_01.jpg.jpg'),
(1225, 34, 2, 'img/34/03_02.jpg.jpg'),
(1226, 34, 2, 'img/34/03_03.jpg.jpg'),
(1227, 34, 2, 'img/34/03_04.jpg.jpg'),
(1228, 34, 2, 'img/34/05_01.jpg.jpg'),
(1229, 34, 3, 'img/34/06_01.jpg.jpg'),
(1230, 34, 3, 'img/34/06_02.jpg.jpg'),
(1231, 34, 8, 'img/34/07_01.jpg.jpg'),
(1232, 34, 8, 'img/34/07_02.jpg.jpg'),
(1233, 34, 6, 'img/34/08_01.jpg.jpg'),
(1234, 34, 6, 'img/34/08_02.jpg.jpg'),
(1235, 34, 6, 'img/34/08_03.jpg.jpg'),
(1236, 34, 6, 'img/34/08_04.jpg.jpg'),
(1237, 34, 6, 'img/34/09_01.jpg.jpg'),
(1238, 34, 6, 'img/34/09_02.jpg.jpg'),
(1239, 34, 6, 'img/34/09_03.jpg.jpg'),
(1240, 34, 6, 'img/34/09_04.jpg.jpg'),
(1241, 34, 5, 'img/34/10_01.jpg.jpg'),
(1242, 34, 7, 'img/34/10_02.jpg.jpg'),
(1243, 34, 7, 'img/34/10_03.jpg.jpg'),
(1244, 34, 5, 'img/34/10_04.jpg.jpg'),
(1245, 34, 4, 'img/34/11_01.jpg.jpg'),
(1246, 34, 4, 'img/34/11_02.jpg.jpg'),
(1247, 34, 7, 'img/34/12_01.jpg.jpg'),
(1248, 34, 7, 'img/34/12_02.jpg.jpg'),
(1249, 34, 7, 'img/34/12_03.jpg.jpg'),
(1250, 34, 7, 'img/34/12_04.jpg.jpg'),
(1251, 34, 7, 'img/34/12_05.jpg.jpg'),
(1252, 34, 7, 'img/34/12_06.jpg.jpg'),
(1253, 34, 7, 'img/34/12_07.jpg.jpg'),
(1254, 34, 7, 'img/34/12_08.jpg.jpg'),
(1255, 34, 7, 'img/34/12_09.jpg.jpg'),
(1256, 34, 4, 'img/34/13_01.jpg.jpg'),
(1257, 34, 4, 'img/34/13_02.jpg.jpg'),
(1258, 35, 1, 'img/35/01_032.jpg.jpg'),
(1259, 35, 1, 'img/35/02_033.jpg.jpg'),
(1260, 35, 2, 'img/35/03_034.jpg.jpg'),
(1261, 35, 2, 'img/35/04_035.jpg.jpg'),
(1262, 35, 4, 'img/35/05_036.jpg.jpg'),
(1263, 35, 8, 'img/35/07_037.jpg.jpg'),
(1264, 35, 6, 'img/35/08_038.jpg.jpg'),
(1265, 35, 7, 'img/35/09_039.jpg.jpg'),
(1266, 35, 5, 'img/35/10_040.jpg.jpg'),
(1267, 35, 5, 'img/35/10_041.jpg.jpg'),
(1268, 35, 4, 'img/35/11_042.jpg.jpg'),
(1269, 35, 7, 'img/35/12_043.jpg.jpg'),
(1270, 35, 7, 'img/35/12_044.jpg.jpg'),
(1271, 35, 7, 'img/35/12_045.jpg.jpg'),
(1272, 35, 7, 'img/35/13_046.jpg.jpg'),
(1273, 36, 1, 'img/36/01_356.jpeg'),
(1274, 36, 1, 'img/36/02_357.jpeg'),
(1275, 36, 2, 'img/36/03_358.jpeg'),
(1276, 36, 1, 'img/36/03_359.jpeg'),
(1277, 36, 2, 'img/36/04_360.jpeg'),
(1278, 36, 4, 'img/36/05_361.jpeg'),
(1279, 36, 3, 'img/36/06_362.jpeg'),
(1280, 36, 3, 'img/36/06_363.jpeg'),
(1281, 36, 8, 'img/36/07_364.jpeg'),
(1282, 36, 6, 'img/36/08_365.jpeg'),
(1283, 36, 6, 'img/36/09_366.jpeg'),
(1284, 36, 5, 'img/36/10_367.jpeg'),
(1285, 36, 8, 'img/36/10_368.jpeg'),
(1286, 36, 8, 'img/36/10_369.jpeg'),
(1287, 36, 4, 'img/36/11_370.jpeg'),
(1288, 36, 7, 'img/36/12_371.jpeg'),
(1289, 36, 7, 'img/36/12_372.jpeg'),
(1290, 36, 7, 'img/36/12_373.jpeg'),
(1291, 36, 7, 'img/36/12_374.jpeg'),
(1292, 36, 7, 'img/36/13_375.jpeg'),
(1293, 37, 1, 'img/37/01_IMG_20210701_112230.jpg'),
(1294, 37, 1, 'img/37/02_IMG_20210701_112024.jpg'),
(1295, 37, 1, 'img/37/03_IMG_20210701_112107.jpg'),
(1296, 37, 2, 'img/37/03_IMG_20210701_112134.jpg'),
(1297, 37, 2, 'img/37/04_IMG_20210701_111436.jpg'),
(1298, 37, 2, 'img/37/05_IMG_20210701_111848.jpg'),
(1299, 37, 3, 'img/37/06_IMG_20210701_110643.jpg'),
(1300, 37, 9, 'img/37/07.1_IMG_20210701_111116.jpg'),
(1301, 37, 9, 'img/37/07.2_IMG_20210701_111112.jpg'),
(1302, 37, 8, 'img/37/07.3_IMG_20210701_111138.jpg'),
(1303, 37, 6, 'img/37/08.1_IMG_20210701_110133.jpg'),
(1304, 37, 6, 'img/37/08.2_IMG_20210701_110325.jpg'),
(1305, 37, 6, 'img/37/08.3_IMG_20210701_110223.jpg'),
(1306, 37, 6, 'img/37/09.1_IMG_20210701_110441.jpg'),
(1307, 37, 6, 'img/37/09.2_IMG_20210701_110512.jpg'),
(1308, 37, 5, 'img/37/10.1_IMG_20210701_105653.jpg'),
(1309, 37, 5, 'img/37/10.2_IMG_20210701_105758.jpg'),
(1310, 37, 5, 'img/37/10.3_IMG_20210701_105856.jpg'),
(1311, 37, 8, 'img/37/10.4_IMG_20210701_114740.jpg'),
(1312, 37, 4, 'img/37/11_IMG_20210701_110723.jpg'),
(1313, 37, 7, 'img/37/12_IMG_20210701_111243.jpg'),
(1314, 37, 7, 'img/37/12_IMG_20210701_111558.jpg'),
(1315, 37, 7, 'img/37/12_IMG_20210701_111638.jpg'),
(1316, 37, 7, 'img/37/13_IMG_20210701_105601.jpg'),
(1341, 38, 1, 'img/38/01_1.jpg'),
(1342, 38, 1, 'img/38/02_2.jpg'),
(1343, 38, 2, 'img/38/03_3.jpg'),
(1344, 38, 2, 'img/38/04_4.jpg'),
(1345, 38, 2, 'img/38/04_5.jpg'),
(1346, 38, 4, 'img/38/05_6.jpg'),
(1347, 38, 3, 'img/38/06_7.jpg'),
(1348, 38, 8, 'img/38/07_8.jpg'),
(1349, 38, 6, 'img/38/08_9.jpg'),
(1350, 38, 6, 'img/38/09_10.jpg'),
(1351, 38, 5, 'img/38/10_11.jpg'),
(1352, 38, 5, 'img/38/10_12.jpg'),
(1353, 38, 5, 'img/38/10_13.jpg'),
(1354, 38, 4, 'img/38/11_14.jpg'),
(1355, 38, 7, 'img/38/12_15.jpg'),
(1356, 38, 7, 'img/38/12_16.jpg.jpg'),
(1357, 38, 7, 'img/38/12_17.jpg'),
(1358, 38, 7, 'img/38/13_18.jpg'),
(1359, 39, 1, 'img/39/01_1.jpg'),
(1360, 39, 1, 'img/39/02_2.jpg'),
(1361, 39, 2, 'img/39/03_3.jpg'),
(1362, 39, 2, 'img/39/04_4.jpg'),
(1363, 39, 2, 'img/39/05_5.jpg'),
(1364, 39, 3, 'img/39/06_6.jpg'),
(1365, 39, 9, 'img/39/06_7.jpg'),
(1366, 39, 8, 'img/39/07_8.jpg'),
(1367, 39, 6, 'img/39/08_9.jpg'),
(1368, 39, 6, 'img/39/09_10.jpg'),
(1369, 39, 5, 'img/39/10_11.jpg'),
(1370, 39, 5, 'img/39/10_12.jpg'),
(1371, 39, 5, 'img/39/10_13.jpg'),
(1372, 39, 4, 'img/39/11_14.jpg'),
(1373, 39, 7, 'img/39/12_15.jpg'),
(1374, 39, 7, 'img/39/12_16.jpg'),
(1375, 39, 7, 'img/39/12_17.jpg'),
(1376, 39, 7, 'img/39/13_18.jpg'),
(1377, 40, 9, 'img/40/01_1.jpeg'),
(1378, 40, 11, 'img/40/01_10.jpeg'),
(1379, 40, 9, 'img/40/01_2.jpeg'),
(1380, 40, 11, 'img/40/01_3.jpeg'),
(1381, 40, 9, 'img/40/01_4.jpeg'),
(1382, 40, 11, 'img/40/01_5.jpeg'),
(1383, 40, 11, 'img/40/01_6.jpeg'),
(1384, 40, 11, 'img/40/01_7.jpeg'),
(1385, 40, 9, 'img/40/01_8.jpeg'),
(1386, 40, 11, 'img/40/01_9.jpeg'),
(1387, 40, 1, 'img/40/02_1.jpeg'),
(1388, 40, 2, 'img/40/03_1.jpeg'),
(1389, 40, 2, 'img/40/04_1.jpeg'),
(1390, 40, 2, 'img/40/05_1.jpeg'),
(1391, 40, 3, 'img/40/06_1.jpeg'),
(1392, 40, 3, 'img/40/06_2.jpeg'),
(1393, 40, 3, 'img/40/06_3.jpeg'),
(1394, 40, 8, 'img/40/07_1.jpeg'),
(1395, 40, 5, 'img/40/10_1.jpeg'),
(1396, 40, 5, 'img/40/10_2.jpeg'),
(1397, 40, 4, 'img/40/11_1.jpeg'),
(1398, 40, 7, 'img/40/12_1.jpeg'),
(1399, 40, 7, 'img/40/12_2.jpeg'),
(1400, 40, 7, 'img/40/13_1.jpeg'),
(1401, 40, 9, 'img/40/13_2.jpeg'),
(1402, 41, 1, 'img/41/01_01.jpeg'),
(1403, 41, 9, 'img/41/01_02.jpeg'),
(1404, 41, 9, 'img/41/01_03.jpeg'),
(1405, 41, 1, 'img/41/01_04.jpeg'),
(1406, 41, 1, 'img/41/02_01.jpeg'),
(1407, 41, 2, 'img/41/03_01.jpeg'),
(1408, 41, 2, 'img/41/04_01.jpeg'),
(1409, 41, 4, 'img/41/05_01.jpeg'),
(1410, 41, 3, 'img/41/06_01.jpeg'),
(1411, 41, 3, 'img/41/06_02.jpeg'),
(1412, 41, 8, 'img/41/07_01.jpeg'),
(1413, 41, 8, 'img/41/08_01.jpeg'),
(1414, 41, 6, 'img/41/08_02.jpeg'),
(1415, 41, 6, 'img/41/09_01.jpeg'),
(1416, 41, 4, 'img/41/11_1.jpg'),
(1417, 41, 4, 'img/41/11_2.jpg'),
(1418, 41, 7, 'img/41/12_1.jpg'),
(1419, 41, 7, 'img/41/12_2.jpg'),
(1420, 41, 7, 'img/41/12_3.jpg'),
(1421, 41, 7, 'img/41/13_1.jpg'),
(1422, 41, 7, 'img/41/13_2.jpg'),
(1423, 41, 7, 'img/41/13_3.jpg'),
(1424, 42, 1, 'img/42/01_DSC06754.JPG'),
(1425, 42, 1, 'img/42/01_DSC06755.JPG'),
(1426, 42, 1, 'img/42/01_DSC06783.JPG'),
(1427, 42, 1, 'img/42/01_DSC06784.JPG'),
(1428, 42, 9, 'img/42/01_DSC06785.JPG'),
(1429, 42, 9, 'img/42/01_DSC06786.JPG'),
(1430, 42, 1, 'img/42/01_DSC06787.JPG'),
(1431, 42, 9, 'img/42/01_DSC06788.JPG'),
(1432, 42, 9, 'img/42/01_DSC06789.JPG'),
(1433, 42, 1, 'img/42/02_DSC06753.JPG'),
(1434, 42, 2, 'img/42/03_DSC06759.JPG'),
(1435, 42, 2, 'img/42/03_DSC06790.JPG'),
(1436, 42, 5, 'img/42/04_DSC06738.JPG'),
(1437, 42, 5, 'img/42/04_DSC06739.JPG'),
(1438, 42, 2, 'img/42/05_DSC06740.JPG'),
(1439, 42, 4, 'img/42/05_DSC06744.JPG'),
(1440, 42, 9, 'img/42/05_DSC06782.JPG'),
(1441, 42, 4, 'img/42/05_DSC06791.JPG'),
(1442, 42, 3, 'img/42/06_DSC06792.JPG'),
(1443, 42, 9, 'img/42/06_DSC06793.JPG'),
(1444, 42, 9, 'img/42/06_DSC06794.JPG'),
(1445, 42, 3, 'img/42/06_DSC06795.JPG'),
(1446, 42, 8, 'img/42/07_DSC06747.JPG'),
(1447, 42, 8, 'img/42/07_DSC06748.JPG'),
(1448, 42, 6, 'img/42/08_DSC06756.JPG'),
(1449, 42, 6, 'img/42/09_DSC06757.JPG'),
(1450, 42, 5, 'img/42/10_DSC06778.JPG'),
(1451, 42, 5, 'img/42/10_DSC06779.JPG'),
(1452, 42, 5, 'img/42/10_DSC06780.JPG'),
(1453, 42, 4, 'img/42/11_DSC06743.JPG'),
(1454, 42, 4, 'img/42/11_DSC06750.JPG'),
(1455, 42, 9, 'img/42/11_DSC06770.JPG'),
(1456, 42, 9, 'img/42/11_DSC06775.JPG'),
(1457, 42, 9, 'img/42/11_DSC06776.JPG'),
(1458, 42, 4, 'img/42/11_DSC06797.JPG'),
(1459, 42, 4, 'img/42/11_DSC06798.JPG'),
(1460, 42, 4, 'img/42/11_DSC06805.JPG'),
(1461, 42, 4, 'img/42/11_DSC06807.JPG'),
(1462, 42, 9, 'img/42/11_DSC06809.JPG'),
(1463, 42, 7, 'img/42/12_DSC06745.JPG'),
(1464, 42, 7, 'img/42/12_DSC06746.JPG'),
(1465, 42, 7, 'img/42/12_DSC06749.JPG'),
(1466, 42, 7, 'img/42/12_DSC06751.JPG'),
(1467, 42, 7, 'img/42/12_DSC06769.JPG'),
(1468, 42, 9, 'img/42/12_DSC06771.JPG'),
(1469, 42, 9, 'img/42/12_DSC06772.JPG'),
(1470, 42, 9, 'img/42/12_DSC06773.JPG'),
(1471, 42, 9, 'img/42/12_DSC06774.JPG'),
(1472, 42, 9, 'img/42/12_DSC06781.JPG'),
(1473, 42, 7, 'img/42/12_DSC06799.JPG'),
(1474, 42, 9, 'img/42/12_DSC06801.JPG'),
(1475, 42, 9, 'img/42/12_DSC06802.JPG'),
(1476, 42, 9, 'img/42/12_DSC06803.JPG'),
(1477, 42, 9, 'img/42/12_DSC06806.JPG'),
(1478, 42, 9, 'img/42/12_DSC06810.JPG'),
(1479, 43, 1, 'img/43/01_1.jpg'),
(1480, 43, 1, 'img/43/02_2.jpg'),
(1481, 43, 2, 'img/43/03_03.jpg'),
(1482, 43, 2, 'img/43/04_04.jpg'),
(1483, 43, 2, 'img/43/05_05.jpg'),
(1484, 43, 3, 'img/43/06_06.jpg'),
(1485, 43, 9, 'img/43/06_07.jpg'),
(1486, 43, 8, 'img/43/07_08.jpg'),
(1487, 43, 8, 'img/43/08_09.jpg'),
(1488, 43, 6, 'img/43/08_10.jpg'),
(1489, 43, 6, 'img/43/08_11.jpg'),
(1490, 43, 6, 'img/43/09_12.jpg'),
(1491, 43, 5, 'img/43/10_13.JPG'),
(1492, 43, 5, 'img/43/10_14.JPG'),
(1493, 43, 5, 'img/43/10_15.JPG'),
(1494, 43, 4, 'img/43/11_16.jpg'),
(1495, 43, 7, 'img/43/12_17.jpg'),
(1496, 43, 7, 'img/43/12_18.jpg'),
(1497, 43, 7, 'img/43/12_19.jpg'),
(1498, 43, 7, 'img/43/12_20.jpg'),
(1499, 43, 7, 'img/43/13_21.jpg'),
(1500, 44, 1, 'img/44/01_1.jpg'),
(1501, 44, 1, 'img/44/02_2.jpg'),
(1502, 44, 2, 'img/44/03_3.jpg'),
(1503, 44, 2, 'img/44/04_4.jpg'),
(1504, 44, 2, 'img/44/05_5.jpg'),
(1505, 44, 3, 'img/44/06_6.jpg'),
(1506, 44, 8, 'img/44/07_7.jpg'),
(1507, 44, 8, 'img/44/07_8.jpg'),
(1508, 44, 6, 'img/44/08_10.jpg'),
(1509, 44, 6, 'img/44/08_11.jpg'),
(1510, 44, 6, 'img/44/08_9.jpg'),
(1511, 44, 6, 'img/44/09_12.jpg'),
(1512, 44, 5, 'img/44/10_13.jpg'),
(1513, 44, 5, 'img/44/10_14.jpg'),
(1514, 44, 5, 'img/44/10_15.jpg'),
(1515, 44, 4, 'img/44/11_16.jpg'),
(1516, 44, 7, 'img/44/12_17.jpg'),
(1517, 44, 7, 'img/44/12_18.jpg'),
(1518, 44, 7, 'img/44/12_19.jpg'),
(1519, 44, 7, 'img/44/12_20.jpg'),
(1520, 44, 7, 'img/44/12_21.jpg'),
(1521, 44, 7, 'img/44/13_22.jpg'),
(1522, 44, 7, 'img/44/13_23.jpg'),
(1546, 45, 1, 'img/45/01_10.jpg'),
(1547, 45, 9, 'img/45/01_11.jpg'),
(1548, 45, 9, 'img/45/01_12.jpg'),
(1549, 45, 9, 'img/45/01_13.jpg'),
(1550, 45, 9, 'img/45/01_14.jpg'),
(1551, 45, 1, 'img/45/01_2.jpg'),
(1552, 45, 1, 'img/45/01_3.jpg'),
(1553, 45, 11, 'img/45/01_4.jpg'),
(1554, 45, 1, 'img/45/01_5.jpg'),
(1555, 45, 9, 'img/45/01_6.jpg'),
(1556, 45, 1, 'img/45/01_7.jpg'),
(1557, 45, 9, 'img/45/01_8.jpg'),
(1558, 45, 9, 'img/45/01_9.jpg'),
(1559, 45, 1, 'img/45/02_1.jpg'),
(1560, 45, 1, 'img/45/03_16.jpg'),
(1561, 45, 2, 'img/45/03_17.jpg'),
(1562, 45, 2, 'img/45/04_18.jpg'),
(1563, 45, 2, 'img/45/04_19.jpg'),
(1564, 45, 2, 'img/45/04_20.jpg'),
(1565, 45, 9, 'img/45/04_21.jpg'),
(1566, 45, 9, 'img/45/05_22.jpg'),
(1567, 45, 2, 'img/45/05_23.jpg'),
(1568, 45, 2, 'img/45/05_24.jpg'),
(1569, 45, 9, 'img/45/05_25.jpg'),
(1570, 45, 9, 'img/45/06.28.jpg'),
(1571, 45, 9, 'img/45/06_26.jpg'),
(1572, 45, 3, 'img/45/06_27.jpg'),
(1573, 45, 3, 'img/45/06_29.jpg'),
(1574, 45, 8, 'img/45/07_29.jpg'),
(1575, 45, 9, 'img/45/07_30.jpg'),
(1576, 45, 8, 'img/45/07_31.jpg'),
(1577, 45, 6, 'img/45/08_32.jpg'),
(1578, 45, 6, 'img/45/08_33.jpg'),
(1579, 45, 6, 'img/45/08_36.jpg'),
(1580, 45, 6, 'img/45/08_37.jpg'),
(1581, 45, 6, 'img/45/09_38.jpg'),
(1582, 45, 6, 'img/45/09_39.jpg'),
(1583, 45, 9, 'img/45/09_40.jpg'),
(1584, 45, 9, 'img/45/09_41.jpg'),
(1585, 45, 6, 'img/45/09_42.jpg'),
(1586, 45, 2, 'img/45/09_43.jpg'),
(1587, 45, 5, 'img/45/10_44.jpg'),
(1588, 45, 5, 'img/45/10_45.jpg'),
(1589, 45, 5, 'img/45/10_46.jpg'),
(1590, 45, 5, 'img/45/10_47.jpg'),
(1591, 45, 5, 'img/45/10_48.jpg'),
(1592, 45, 5, 'img/45/10_49.jpg'),
(1593, 45, 5, 'img/45/10_50.jpg'),
(1594, 45, 5, 'img/45/10_51.jpg'),
(1595, 45, 4, 'img/45/10_52.jpg'),
(1596, 45, 5, 'img/45/10_53.jpg'),
(1597, 45, 5, 'img/45/10_54.jpg'),
(1598, 45, 5, 'img/45/10_55.jpg'),
(1599, 45, 9, 'img/45/11_55.jpg'),
(1600, 45, 4, 'img/45/11_56.jpg'),
(1601, 45, 9, 'img/45/11_57.jpg'),
(1602, 45, 9, 'img/45/11_58.jpg'),
(1603, 45, 9, 'img/45/11_59.jpg'),
(1604, 45, 9, 'img/45/11_60.jpg'),
(1605, 45, 9, 'img/45/11_61.jpg'),
(1606, 45, 7, 'img/45/12_62.jpg'),
(1607, 45, 7, 'img/45/12_63.jpg'),
(1608, 45, 7, 'img/45/12_64.jpg'),
(1609, 45, 7, 'img/45/12_65.jpg'),
(1610, 45, 1, 'img/45/12_66.jpg'),
(1611, 45, 7, 'img/45/12_67.jpg'),
(1612, 45, 7, 'img/45/12_68.jpg'),
(1613, 45, 7, 'img/45/12_69.jpg'),
(1614, 45, 7, 'img/45/12_71.jpg'),
(1615, 45, 11, 'img/45/13_72.jpg'),
(1616, 45, 11, 'img/45/13_73.jpg'),
(1617, 45, 9, 'img/45/13_74.jpg'),
(1618, 45, 9, 'img/45/13_75.jpg'),
(1619, 45, 11, 'img/45/13_76.jpg'),
(1620, 45, 9, 'img/45/13_77.jpg'),
(1621, 45, 9, 'img/45/13_78.jpg'),
(1622, 45, 9, 'img/45/13_79.jpg'),
(1623, 45, 9, 'img/45/13_80.jpg'),
(1624, 45, 9, 'img/45/13_81.jpg'),
(1625, 45, 9, 'img/45/13_82.jpg'),
(1626, 45, 9, 'img/45/13_83.jpg'),
(1627, 45, 9, 'img/45/13_84.jpg'),
(1628, 45, 9, 'img/45/13_85.jpg'),
(1629, 45, 9, 'img/45/13_86.jpg'),
(1630, 45, 9, 'img/45/13_87.jpg'),
(1631, 45, 9, 'img/45/13_88.jpg'),
(1632, 45, 9, 'img/45/13_89.jpg'),
(1634, 46, 9, 'img/46/01_10.jpg'),
(1635, 46, 9, 'img/46/01_11.jpg'),
(1636, 46, 9, 'img/46/01_12.jpg'),
(1637, 46, 11, 'img/46/01_2.jpg'),
(1638, 46, 11, 'img/46/01_3.jpg'),
(1639, 46, 11, 'img/46/01_4.jpg'),
(1640, 46, 9, 'img/46/01_5.jpg'),
(1641, 46, 9, 'img/46/01_6.jpg'),
(1642, 46, 9, 'img/46/01_7.jpg'),
(1643, 46, 9, 'img/46/01_8.jpg'),
(1644, 46, 1, 'img/46/01_9.jpg'),
(1645, 46, 1, 'img/46/02_5.jpg'),
(1646, 46, 1, 'img/46/02_6.jpg'),
(1647, 46, 2, 'img/46/03_7.jpg'),
(1648, 46, 2, 'img/46/03_8.jpg'),
(1649, 46, 2, 'img/46/04_9.jpg'),
(1650, 46, 2, 'img/46/05_10.jpg'),
(1651, 46, 2, 'img/46/05_11.jpg'),
(1652, 46, 3, 'img/46/06_14.jpg'),
(1653, 46, 3, 'img/46/06_15.jpg'),
(1654, 46, 3, 'img/46/06_16.jpg'),
(1655, 46, 3, 'img/46/06_17.jpg'),
(1656, 46, 3, 'img/46/06_18.jpg'),
(1657, 46, 8, 'img/46/07_26.jpg'),
(1658, 46, 8, 'img/46/07_28.jpg'),
(1659, 46, 8, 'img/46/07_44.jpg'),
(1660, 46, 8, 'img/46/07_48.jpg'),
(1661, 46, 6, 'img/46/08_52.jpg'),
(1662, 46, 6, 'img/46/08_53.jpg'),
(1663, 46, 6, 'img/46/08_55.jpg'),
(1664, 46, 4, 'img/46/08_57.jpg'),
(1665, 46, 6, 'img/46/09_58.jpg'),
(1666, 46, 6, 'img/46/09_59.jpg'),
(1667, 46, 6, 'img/46/09_60.jpg'),
(1668, 46, 5, 'img/46/10_61.jpg'),
(1669, 46, 5, 'img/46/10_62.jpg'),
(1670, 46, 5, 'img/46/10_63.jpg'),
(1671, 46, 5, 'img/46/10_64.jpg'),
(1672, 46, 5, 'img/46/10_65.jpg'),
(1673, 46, 5, 'img/46/10_66.jpg'),
(1674, 46, 4, 'img/46/11_67.jpg'),
(1675, 46, 4, 'img/46/11_68.jpg'),
(1676, 46, 7, 'img/46/12_69.jpg'),
(1677, 46, 4, 'img/46/12_70.jpg'),
(1678, 46, 9, 'img/46/12_71.jpg'),
(1679, 46, 9, 'img/46/12_72.jpg'),
(1680, 46, 7, 'img/46/12_73.jpg'),
(1681, 46, 7, 'img/46/12_74.jpg'),
(1682, 46, 7, 'img/46/12_75.jpg'),
(1683, 46, 7, 'img/46/12_76.jpg'),
(1684, 46, 7, 'img/46/13_77.jpg'),
(1685, 46, 7, 'img/46/13_78.jpg'),
(1686, 46, 7, 'img/46/13_79.jpg'),
(1687, 46, 7, 'img/46/13_80.jpg'),
(1688, 47, 11, 'img/47/01_001.jpg'),
(1689, 47, 1, 'img/47/01_002.jpg'),
(1690, 47, 1, 'img/47/02_004.jpg'),
(1691, 47, 2, 'img/47/03_005.jpg'),
(1692, 47, 2, 'img/47/03_006.jpg'),
(1693, 47, 2, 'img/47/04_007.jpg'),
(1694, 47, 2, 'img/47/04_008.jpg'),
(1695, 47, 2, 'img/47/05_009.jpg'),
(1696, 47, 3, 'img/47/06_010.jpg'),
(1697, 47, 3, 'img/47/06_011.jpg'),
(1698, 47, 8, 'img/47/07_012.jpg'),
(1699, 47, 8, 'img/47/07_013.jpg'),
(1700, 47, 6, 'img/47/08_014.jpg'),
(1701, 47, 6, 'img/47/08_015.jpg'),
(1702, 47, 6, 'img/47/08_016.jpg'),
(1703, 47, 6, 'img/47/08_017.jpg'),
(1704, 47, 6, 'img/47/08_018.jpg'),
(1705, 47, 6, 'img/47/08_020.jpg'),
(1706, 47, 6, 'img/47/08_021.jpg'),
(1707, 47, 6, 'img/47/09_022.jpg'),
(1708, 47, 9, 'img/47/09_023.jpg'),
(1709, 47, 9, 'img/47/09_024.jpg'),
(1710, 47, 9, 'img/47/09_025.jpg'),
(1711, 47, 9, 'img/47/09_026.jpg'),
(1712, 47, 5, 'img/47/10_027.jpg'),
(1713, 47, 9, 'img/47/10_028.jpg'),
(1714, 47, 9, 'img/47/10_029.jpg'),
(1715, 47, 9, 'img/47/10_030.jpg'),
(1716, 47, 5, 'img/47/10_031.jpg'),
(1717, 47, 5, 'img/47/10_032.jpg'),
(1718, 47, 4, 'img/47/11_033.jpg'),
(1719, 47, 4, 'img/47/11_034.jpg'),
(1720, 47, 7, 'img/47/12_035.jpg'),
(1721, 47, 7, 'img/47/12_036.jpg'),
(1722, 47, 7, 'img/47/12_037.jpg'),
(1723, 47, 7, 'img/47/13_038.jpg'),
(1724, 47, 7, 'img/47/13_039.jpg');

-- --------------------------------------------------------

--
-- Table structure for table `photo_categories`
--

CREATE TABLE `photo_categories` (
  `id` int(11) NOT NULL,
  `name` varchar(200) NOT NULL
) ENGINE=InnoDB DEFAULT CHARSET=utf8mb4;

--
-- Dumping data for table `photo_categories`
--

INSERT INTO `photo_categories` (`id`, `name`) VALUES
(1, 'фасад, таблица с названием'),
(2, 'входная группа, фое, гардероб'),
(3, 'лест. пролёты, площадка последних этажей '),
(4, 'корридоры'),
(5, 'спорт. зал, раздевалки, душевые'),
(6, 'пищеблок'),
(7, 'классные кабинеты, мастерские, медблок'),
(8, 'сан. узлы'),
(9, 'основные дефекты '),
(11, 'Не подходит');

-- --------------------------------------------------------

--
-- Table structure for table `users`
--

CREATE TABLE `users` (
  `id` int(11) NOT NULL,
  `uid` varchar(200) NOT NULL,
  `pwd` varchar(200) NOT NULL
) ENGINE=InnoDB DEFAULT CHARSET=utf8mb4;

--
-- Dumping data for table `users`
--

INSERT INTO `users` (`id`, `uid`, `pwd`) VALUES
(1, 'admin', '$2y$10$zYjlG0Pecn2XQUOBDhjl6.G4RxEw8c5gnnRGK15gPQxDBvIoecoFO');

--
-- Indexes for dumped tables
--

--
-- Indexes for table `access`
--
ALTER TABLE `access`
  ADD KEY `uid` (`uid`);

--
-- Indexes for table `educational`
--
ALTER TABLE `educational`
  ADD PRIMARY KEY (`id`),
  ADD KEY `region` (`region`);

--
-- Indexes for table `munipal`
--
ALTER TABLE `munipal`
  ADD PRIMARY KEY (`id`);

--
-- Indexes for table `photos_edu`
--
ALTER TABLE `photos_edu`
  ADD PRIMARY KEY (`id`),
  ADD KEY `schid` (`schid`),
  ADD KEY `category` (`category`);

--
-- Indexes for table `photo_categories`
--
ALTER TABLE `photo_categories`
  ADD PRIMARY KEY (`id`);

--
-- Indexes for table `users`
--
ALTER TABLE `users`
  ADD PRIMARY KEY (`id`);

--
-- AUTO_INCREMENT for dumped tables
--

--
-- AUTO_INCREMENT for table `educational`
--
ALTER TABLE `educational`
  MODIFY `id` int(11) NOT NULL AUTO_INCREMENT, AUTO_INCREMENT=48;

--
-- AUTO_INCREMENT for table `munipal`
--
ALTER TABLE `munipal`
  MODIFY `id` int(11) NOT NULL AUTO_INCREMENT, AUTO_INCREMENT=43;

--
-- AUTO_INCREMENT for table `photos_edu`
--
ALTER TABLE `photos_edu`
  MODIFY `id` int(11) NOT NULL AUTO_INCREMENT, AUTO_INCREMENT=1725;

--
-- AUTO_INCREMENT for table `photo_categories`
--
ALTER TABLE `photo_categories`
  MODIFY `id` int(11) NOT NULL AUTO_INCREMENT, AUTO_INCREMENT=12;

--
-- AUTO_INCREMENT for table `users`
--
ALTER TABLE `users`
  MODIFY `id` int(11) NOT NULL AUTO_INCREMENT, AUTO_INCREMENT=2;

--
-- Constraints for dumped tables
--

--
-- Constraints for table `access`
--
ALTER TABLE `access`
  ADD CONSTRAINT `access_ibfk_1` FOREIGN KEY (`uid`) REFERENCES `users` (`id`);

--
-- Constraints for table `educational`
--
ALTER TABLE `educational`
  ADD CONSTRAINT `educational_ibfk_1` FOREIGN KEY (`region`) REFERENCES `munipal` (`id`);

--
-- Constraints for table `photos_edu`
--
ALTER TABLE `photos_edu`
  ADD CONSTRAINT `photos_edu_ibfk_1` FOREIGN KEY (`schid`) REFERENCES `educational` (`id`),
  ADD CONSTRAINT `photos_edu_ibfk_2` FOREIGN KEY (`category`) REFERENCES `photo_categories` (`id`);
COMMIT;

/*!40101 SET CHARACTER_SET_CLIENT=@OLD_CHARACTER_SET_CLIENT */;
/*!40101 SET CHARACTER_SET_RESULTS=@OLD_CHARACTER_SET_RESULTS */;
/*!40101 SET COLLATION_CONNECTION=@OLD_COLLATION_CONNECTION */;
